interaction_id,user_id,event_type,campaign_id,campaign_name,event_date
INT-901614E6,USR-EC312AFF,EngagedCampaign,CAMP-006,Hydration Challenge,2024-04-27
INT-78A136D6,USR-FB5437E8,EarnedStamp,,,2025-03-06
INT-D869F03C,USR-2E685EF6,EngagedCampaign,CAMP-004,Spring Fresh Start,2024-03-24
INT-ACDEB07A,USR-650D56C4,LoggedIn,,,2025-05-20
INT-3A651E42,USR-ADC83BE7,EarnedStamp,,,2024-05-24
INT-AAB969F4,USR-6AE06BF7,LoggedIn,,,2024-07-17
INT-42AA2FAC,USR-29882894,EngagedCampaign,CAMP-008,Regional Special,2024-10-26
INT-AB10105A,USR-784654BE,EarnedStamp,,,2025-10-01
INT-9857F90F,USR-20C2EA44,EngagedCampaign,CAMP-005,Weekend Double Stamps,2024-10-02
INT-1B90AC1C,USR-A1330121,EarnedStamp,,,2025-12-03
INT-CC7871F3,USR-DB6AA5E3,EarnedStamp,,,2024-06-05
INT-2246F7A4,USR-D88345D4,EngagedCampaign,CAMP-007,Morning Commuter Bonus,2025-08-12
INT-08415139,USR-2F96E890,LoggedIn,,,2024-08-24
INT-7CF40525,USR-53A94995,EarnedStamp,,,2025-08-02
INT-1927B190,USR-A750C3B8,LoggedIn,,,2025-10-02
INT-A50D7C52,USR-A17C3B0E,EngagedCampaign,CAMP-001,Natsu Summer Campaign,2024-03-26
INT-12FD8E6C,USR-1D470D6C,EngagedCampaign,CAMP-005,Weekend Double Stamps,2024-07-27
INT-C764EE17,USR-28E105F8,LoggedIn,,,2024-11-28
INT-A2F17620,USR-EEF1C3C3,LoggedIn,,,2025-09-16
INT-0E68BFE7,USR-C6707CC3,EarnedStamp,,,2025-12-05
INT-D8F1E2F9,USR-337904D0,LoggedIn,,,2025-04-25
INT-EFD8677F,USR-53A94995,EarnedStamp,,,2025-08-31
INT-5893C843,USR-D93FE2BC,LoggedIn,,,2024-04-20
INT-E98B2B45,USR-889A4DC0,LoggedIn,,,2025-10-09
INT-B11794F0,USR-494A5F2F,LoggedIn,,,2025-06-30
INT-39835774,USR-035ABC70,LoggedIn,,,2026-02-14
INT-6BCEB83E,USR-7F480F50,LoggedIn,,,2025-03-03
INT-5B8A70CE,USR-157A10B1,EarnedStamp,,,2025-06-28
INT-A5B7A2EE,USR-C0550C06,EngagedCampaign,CAMP-006,Hydration Challenge,2025-02-03
INT-19FD0EA6,USR-74E7957F,LoggedIn,,,2024-04-13
INT-58843793,USR-05B8A84E,LoggedIn,,,2025-12-29
INT-0EEA5075,USR-098DA84F,LoggedIn,,,2025-01-16
INT-96157052,USR-2DA3012D,LoggedIn,,,2025-07-22
INT-01FA48E5,USR-19017363,EngagedCampaign,CAMP-004,Spring Fresh Start,2025-07-02
INT-191304D9,USR-8FFA60F5,LoggedIn,,,2024-08-22
INT-6550A4FE,USR-A7B6D368,LoggedIn,,,2024-03-30
INT-392A0CE8,USR-943B64D3,LoggedIn,,,2025-02-16
INT-92645DF3,USR-19354408,EarnedStamp,,,2024-07-02
INT-9A7ECD4A,USR-C3DB1FAE,LoggedIn,,,2026-02-13
INT-C9AF3961,USR-1737B808,LoggedIn,,,2024-04-17
INT-D1466A32,USR-082DF180,LoggedIn,,,2025-11-09
INT-7DB62E21,USR-6DACE46F,LoggedIn,,,2025-10-25
INT-A86B2178,USR-3728614A,EarnedStamp,,,2024-12-05
INT-943884D9,USR-1AF6B033,EarnedStamp,,,2025-05-17
INT-64A7F083,USR-EFDE47EE,LoggedIn,,,2024-05-25
INT-2DA369FF,USR-943B64D3,LoggedIn,,,2025-01-29
INT-585C029B,USR-6AE06BF7,EngagedCampaign,CAMP-001,Natsu Summer Campaign,2025-06-20
INT-FCE78622,USR-CEFA08DB,EngagedCampaign,CAMP-002,Winter Reward,2025-10-26
INT-3ADCBE6E,USR-CEFA08DB,LoggedIn,,,2026-02-01
INT-1BE35C6E,USR-BE4394B5,LoggedIn,,,2026-01-18
INT-BFB3339E,USR-267DAB8F,EarnedStamp,,,2025-07-01
INT-70EAF741,USR-5A94A7CB,EarnedStamp,,,2025-03-21
INT-657F2EBE,USR-90E377C8,LoggedIn,,,2025-01-04
INT-2E00B50F,USR-B95596EB,LoggedIn,,,2024-12-08
INT-26402550,USR-27E7ECCC,EngagedCampaign,CAMP-002,Winter Reward,2025-05-02
INT-858475E0,USR-4B1AF19E,LoggedIn,,,2024-09-13
INT-CA2E8880,USR-2E4ED9CB,EngagedCampaign,CAMP-001,Natsu Summer Campaign,2024-09-12
INT-D3413F1C,USR-E8E1B153,EngagedCampaign,CAMP-004,Spring Fresh Start,2024-09-18
INT-3A4BE88E,USR-DA167B11,LoggedIn,,,2026-01-28
INT-535111D1,USR-1AD002D4,EngagedCampaign,CAMP-006,Hydration Challenge,2024-04-06
INT-3222E790,USR-A7B5CA58,EarnedStamp,,,2024-05-05
INT-DE6BE3D7,USR-DB2411D5,EarnedStamp,,,2026-02-25
INT-CB019B3C,USR-7468677B,LoggedIn,,,2025-06-10
INT-5AD3FCA6,USR-4CA74FEF,LoggedIn,,,2025-09-05
INT-15A25F6E,USR-237AAECA,LoggedIn,,,2025-05-12
INT-C28F7290,USR-BBBA87F8,EarnedStamp,,,2024-05-05
INT-E02CF3D3,USR-E0DBB996,LoggedIn,,,2025-01-05
INT-63FD7650,USR-C265538A,LoggedIn,,,2025-02-27
INT-BFBBB95E,USR-418B6EDC,EngagedCampaign,CAMP-008,Regional Special,2024-10-14
INT-39A0F3A1,USR-1C9ADCF2,LoggedIn,,,2024-04-14
INT-3CE2CE71,USR-C8AB6402,EngagedCampaign,CAMP-007,Morning Commuter Bonus,2025-05-13
INT-B739EE0E,USR-925AA5AC,EngagedCampaign,CAMP-008,Regional Special,2024-09-04
INT-9760BFF7,USR-3625DF12,LoggedIn,,,2024-05-12
INT-3DA14A0E,USR-4020666C,LoggedIn,,,2024-05-04
INT-4F1D232A,USR-145369A1,LoggedIn,,,2025-02-22
INT-C6C1B29A,USR-BEEAA1DA,LoggedIn,,,2026-01-25
INT-61B2D3A6,USR-43C00CE7,LoggedIn,,,2025-11-14
INT-861AB919,USR-C8FD93C6,EngagedCampaign,CAMP-005,Weekend Double Stamps,2025-06-06
INT-8E8DC303,USR-9E6F7AC6,LoggedIn,,,2026-01-12
INT-11805954,USR-035ABC70,EngagedCampaign,CAMP-006,Hydration Challenge,2025-12-23
INT-E31716F5,USR-1DAEB7B7,LoggedIn,,,2025-05-02
INT-6D6D321A,USR-1705E9D9,EarnedStamp,,,2024-12-15
INT-E49302A3,USR-3625DF12,EngagedCampaign,CAMP-003,Georgia Points Boost,2024-08-11
INT-B96E07A0,USR-A7B5CA58,LoggedIn,,,2024-08-21
INT-9793B81A,USR-12060EB6,EngagedCampaign,CAMP-004,Spring Fresh Start,2024-07-31
INT-F38294C5,USR-4597B3E6,LoggedIn,,,2024-07-20
INT-15DE106C,USR-062DD25B,LoggedIn,,,2025-08-16
INT-CE010F98,USR-54932096,EarnedStamp,,,2024-05-14
INT-FEA4D15F,USR-B199C545,LoggedIn,,,2025-10-16
INT-31E8CC14,USR-7ECA9470,LoggedIn,,,2025-05-25
INT-207A4C36,USR-07B22563,LoggedIn,,,2025-01-15
INT-A110B466,USR-3F1415D3,EngagedCampaign,CAMP-002,Winter Reward,2024-07-31
INT-8684960E,USR-D51FC580,EngagedCampaign,CAMP-004,Spring Fresh Start,2024-12-31
INT-06D7CA53,USR-1737B808,LoggedIn,,,2024-07-12
INT-FDC5A6C0,USR-A7B6D368,EarnedStamp,,,2024-04-27
INT-E079636E,USR-7600A84A,LoggedIn,,,2025-01-04
INT-0AA387E7,USR-6FF0FFDE,LoggedIn,,,2025-07-08
INT-347D6803,USR-6DACE46F,EngagedCampaign,CAMP-005,Weekend Double Stamps,2025-12-10
INT-1151E64C,USR-D706DC78,EngagedCampaign,CAMP-003,Georgia Points Boost,2025-08-04
INT-0F3A28F0,USR-95497CBB,LoggedIn,,,2025-10-01
INT-51837427,USR-AF60AF75,LoggedIn,,,2024-06-23
INT-5F284DAB,USR-C11ECFA6,LoggedIn,,,2025-05-11
INT-D9A2027B,USR-62ADA4A2,EngagedCampaign,CAMP-008,Regional Special,2026-01-29
INT-F1DCE716,USR-72397CD1,EngagedCampaign,CAMP-005,Weekend Double Stamps,2024-05-05
INT-20BF2811,USR-97AE3DF4,LoggedIn,,,2025-10-13
INT-43CB1B67,USR-98C563F8,EngagedCampaign,CAMP-004,Spring Fresh Start,2024-12-31
INT-B602B955,USR-EC312AFF,EarnedStamp,,,2025-09-22
INT-80C4A306,USR-0ADFEBC7,EarnedStamp,,,2025-04-29
INT-3F3C6666,USR-521C0EC8,LoggedIn,,,2025-06-27
INT-A8A17293,USR-4EA2F8E2,LoggedIn,,,2025-04-03
INT-3F5246DB,USR-5C24106D,LoggedIn,,,2024-03-03
INT-3F78A5D7,USR-1471E6C1,EarnedStamp,,,2024-07-29
INT-B7FFBB7F,USR-BCD71AFB,LoggedIn,,,2025-07-11
INT-13B18129,USR-20FB714E,EngagedCampaign,CAMP-003,Georgia Points Boost,2025-12-24
INT-1DF715F3,USR-1CF10005,EarnedStamp,,,2024-07-18
INT-B370B471,USR-9D57176B,LoggedIn,,,2024-03-29
INT-41F32108,USR-1917C70A,EarnedStamp,,,2025-04-19
INT-AC261703,USR-1C36A028,EarnedStamp,,,2024-11-15
INT-7BE7B330,USR-944A90B6,EngagedCampaign,CAMP-007,Morning Commuter Bonus,2024-08-29
INT-CC42CEAD,USR-9CA98CA6,EarnedStamp,,,2024-11-09
INT-E66F59DC,USR-DBFE9226,LoggedIn,,,2025-05-27
INT-F097383E,USR-AE4E92FD,EngagedCampaign,CAMP-004,Spring Fresh Start,2025-03-10
INT-A8B6D170,USR-137123E3,EarnedStamp,,,2025-06-14
INT-17808E62,USR-8DF4E655,LoggedIn,,,2024-05-27
INT-3440B9E8,USR-795BD95D,EngagedCampaign,CAMP-006,Hydration Challenge,2025-11-17
INT-545D11C9,USR-3DCF8B46,LoggedIn,,,2025-03-27
INT-91C5176E,USR-B58F9776,LoggedIn,,,2025-04-22
INT-5CFD61DD,USR-ED2C34E7,EarnedStamp,,,2024-12-23
INT-11C30D0B,USR-8F9832E0,LoggedIn,,,2024-07-01
INT-579FAED0,USR-24108AEF,LoggedIn,,,2025-09-01
INT-B9E0E090,USR-7AAF0E69,LoggedIn,,,2025-03-18
INT-26284565,USR-43C00CE7,EngagedCampaign,CAMP-002,Winter Reward,2025-05-05
INT-7EB18B93,USR-19354408,EarnedStamp,,,2024-10-28
INT-09ED9AC9,USR-72397CD1,EngagedCampaign,CAMP-003,Georgia Points Boost,2026-02-26
INT-60B34102,USR-2284F2D9,LoggedIn,,,2025-05-15
INT-696F90D7,USR-A316C481,LoggedIn,,,2024-12-25
INT-AF20A40A,USR-5D4C5CEA,LoggedIn,,,2026-01-17
INT-4A1E3CD4,USR-A515DAC8,LoggedIn,,,2024-04-04
INT-9D8A0A46,USR-795BD95D,LoggedIn,,,2025-08-24
INT-9D712BC8,USR-1A2AD4A5,EngagedCampaign,CAMP-001,Natsu Summer Campaign,2024-06-20
INT-F903AD57,USR-6DACE46F,EarnedStamp,,,2025-11-27
INT-8EC41473,USR-3D84F1C9,EarnedStamp,,,2025-07-13
INT-51FF7603,USR-9795232E,EngagedCampaign,CAMP-001,Natsu Summer Campaign,2024-11-16
INT-C4F03396,USR-B58F9776,EarnedStamp,,,2026-02-14
INT-B6614268,USR-74B80D0B,EngagedCampaign,CAMP-008,Regional Special,2026-02-12
INT-F454F120,USR-7A8E193C,LoggedIn,,,2024-08-14
INT-E6F1C9F1,USR-005378CF,LoggedIn,,,2024-03-15
INT-AB8D7955,USR-2F1F9FB6,LoggedIn,,,2024-09-26
INT-6862AE90,USR-1453618B,EngagedCampaign,CAMP-007,Morning Commuter Bonus,2024-10-31
INT-8DA9A832,USR-AC4BCC07,LoggedIn,,,2024-04-28
INT-85C9F565,USR-B4A6A8DD,EngagedCampaign,CAMP-007,Morning Commuter Bonus,2024-11-11
INT-A1D5F287,USR-12060EB6,EarnedStamp,,,2024-08-22
INT-71123F7C,USR-592825BE,LoggedIn,,,2025-12-19
INT-F139B2AB,USR-9CBD7FA7,EarnedStamp,,,2025-12-18
INT-ED4536E2,USR-2994D295,EngagedCampaign,CAMP-008,Regional Special,2025-11-28
INT-9A473680,USR-C6C23A4B,EngagedCampaign,CAMP-002,Winter Reward,2024-06-15
INT-3CE12DE2,USR-987132E0,EarnedStamp,,,2024-03-27
INT-41832748,USR-8E21F360,LoggedIn,,,2025-04-01
INT-59FAFA60,USR-89CFFB08,LoggedIn,,,2025-11-04
INT-0883FE5A,USR-A2189587,EarnedStamp,,,2024-06-21
INT-8B9047D1,USR-A7B6D368,EarnedStamp,,,2025-05-16
INT-BAEB86CC,USR-4020666C,EarnedStamp,,,2025-05-23
INT-A2124E56,USR-F3657B1A,EarnedStamp,,,2024-08-25
INT-A6BE5762,USR-EC28C8E2,LoggedIn,,,2024-06-05
INT-F232C43A,USR-3584B0F3,EarnedStamp,,,2025-05-18
INT-2B00CFB0,USR-592825BE,EarnedStamp,,,2025-04-21
INT-A42A66B6,USR-D160F217,EarnedStamp,,,2025-10-16
INT-40107954,USR-EAC539FE,LoggedIn,,,2025-05-30
INT-6CF1D356,USR-EA442E11,LoggedIn,,,2024-06-22
INT-D7D54E9A,USR-74B80D0B,EngagedCampaign,CAMP-003,Georgia Points Boost,2024-05-14
INT-DA73B51B,USR-5D4C5CEA,EarnedStamp,,,2024-07-22
INT-2E293FA1,USR-49B7B5E9,LoggedIn,,,2024-07-05
INT-46D4DD2C,USR-C6C23A4B,EarnedStamp,,,2025-05-29
INT-B681E27C,USR-1D470D6C,EngagedCampaign,CAMP-001,Natsu Summer Campaign,2025-04-17
INT-E586D0E1,USR-A2189587,EarnedStamp,,,2024-10-11
INT-1079D911,USR-DB6AA5E3,LoggedIn,,,2025-06-30
INT-E5CF13BA,USR-B7C18AEF,LoggedIn,,,2025-10-03
INT-FB6CC387,USR-E55EBEAD,EarnedStamp,,,2024-11-21
INT-9151BAE5,USR-D313C2BD,LoggedIn,,,2025-08-15
INT-33611165,USR-D382ABAD,LoggedIn,,,2025-06-02
INT-7E705DF6,USR-2E685EF6,EarnedStamp,,,2024-03-10
INT-279EB29B,USR-253C3381,LoggedIn,,,2025-02-20
INT-901FFDA5,USR-2DFA449C,EngagedCampaign,CAMP-002,Winter Reward,2024-03-18
INT-34C29AA5,USR-EA33F11E,LoggedIn,,,2025-03-22
INT-A738E4BC,USR-F1DF2170,EarnedStamp,,,2024-11-10
INT-0EEDDD04,USR-DA40442E,LoggedIn,,,2024-12-02
INT-C27E2EED,USR-AE4E92FD,LoggedIn,,,2025-07-28
INT-54C962BC,USR-09617E42,LoggedIn,,,2026-02-16
INT-002623A4,USR-7A975D46,EarnedStamp,,,2025-12-24
INT-50C15524,USR-1A2AD4A5,EngagedCampaign,CAMP-003,Georgia Points Boost,2025-07-18
INT-BA6871D1,USR-BEEAA1DA,EarnedStamp,,,2024-07-27
INT-2B7B6466,USR-E8BADAB8,EarnedStamp,,,2025-08-01
INT-A1EF5477,USR-A4A32359,LoggedIn,,,2025-09-28
INT-99F0240D,USR-57B124C6,EarnedStamp,,,2025-10-27
INT-122A9E9B,USR-2641D689,LoggedIn,,,2026-01-11
INT-1F688C34,USR-098DA84F,EarnedStamp,,,2025-07-27
INT-F7394B0D,USR-A6978FE4,LoggedIn,,,2024-11-28
INT-CA180F08,USR-D9D02B65,LoggedIn,,,2024-05-09
INT-6A3009A8,USR-137123E3,LoggedIn,,,2024-07-15
INT-4D615980,USR-E8E1B153,EarnedStamp,,,2024-05-08
INT-BC7B046B,USR-2641D689,EngagedCampaign,CAMP-002,Winter Reward,2024-07-17
INT-029F0BEE,USR-7ADB17F7,EarnedStamp,,,2025-07-04
INT-219E6841,USR-B7E99843,LoggedIn,,,2026-01-04
INT-AD717532,USR-1D470D6C,EngagedCampaign,CAMP-004,Spring Fresh Start,2025-10-02
INT-26427C62,USR-005378CF,EarnedStamp,,,2024-10-04
INT-C29C831F,USR-C11ECFA6,EngagedCampaign,CAMP-007,Morning Commuter Bonus,2025-12-02
INT-781778D7,USR-989E627E,EarnedStamp,,,2024-08-08
INT-24CD517E,USR-3B301F2E,LoggedIn,,,2025-01-09
INT-98B79201,USR-6C9187CF,EngagedCampaign,CAMP-003,Georgia Points Boost,2026-01-06
INT-7212C3A4,USR-DB435ABC,LoggedIn,,,2025-05-28
INT-CE147B61,USR-8DF4E655,LoggedIn,,,2024-11-24
INT-EF8C03B6,USR-BE4394B5,EngagedCampaign,CAMP-004,Spring Fresh Start,2026-01-04
INT-A4617EFD,USR-D69D18B6,LoggedIn,,,2025-11-19
INT-D239FA71,USR-BA17B4F5,EarnedStamp,,,2024-12-15
INT-C280AA56,USR-2A7C68BF,LoggedIn,,,2025-06-12
INT-30721753,USR-71C6450E,LoggedIn,,,2025-04-20
INT-EC349F34,USR-CA1F1B17,LoggedIn,,,2025-07-10
INT-476210A9,USR-78E57FAF,LoggedIn,,,2025-07-06
INT-18817263,USR-DEF641C9,EarnedStamp,,,2026-02-12
INT-A3769D48,USR-B2BACBDF,LoggedIn,,,2024-03-29
INT-4EE98891,USR-2DA3012D,EarnedStamp,,,2024-11-12
INT-297B6008,USR-0F1C6DBE,EngagedCampaign,CAMP-002,Winter Reward,2024-05-21
INT-3729ABC7,USR-C6707CC3,EarnedStamp,,,2025-04-16
INT-A0E99220,USR-BE90EB83,LoggedIn,,,2024-04-15
INT-21646B15,USR-DBB7F267,EarnedStamp,,,2026-02-17
INT-0DAD1F89,USR-7ECA9470,EngagedCampaign,CAMP-003,Georgia Points Boost,2025-01-05
INT-03C9E9ED,USR-43C00CE7,LoggedIn,,,2025-02-27
INT-B2D0641B,USR-DFC2F878,EngagedCampaign,CAMP-001,Natsu Summer Campaign,2025-10-28
INT-88DAA868,USR-90E377C8,LoggedIn,,,2024-11-22
INT-8F7AD130,USR-A18406EA,EarnedStamp,,,2025-04-16
INT-56519C8A,USR-CEFA08DB,EarnedStamp,,,2025-05-14
INT-B6E050FA,USR-C8AB6402,EarnedStamp,,,2025-10-29
INT-CAF73E60,USR-53FE2B1F,EngagedCampaign,CAMP-006,Hydration Challenge,2024-03-02
INT-1E461A64,USR-E0DBB996,EngagedCampaign,CAMP-007,Morning Commuter Bonus,2024-10-09
INT-1B2D05F4,USR-654936BD,EarnedStamp,,,2025-05-15
INT-00210C4D,USR-989E627E,LoggedIn,,,2025-06-30
INT-E10F21A5,USR-3E9B8D02,LoggedIn,,,2025-12-07
INT-4AD89C2A,USR-0289E4B2,LoggedIn,,,2024-09-06
INT-90672DCC,USR-AF96F555,EarnedStamp,,,2024-08-10
INT-9DCD413F,USR-60D6FDEC,LoggedIn,,,2025-04-03
INT-29D9BAD4,USR-AE4BA1B7,EngagedCampaign,CAMP-003,Georgia Points Boost,2024-04-26
INT-07315464,USR-8520327C,LoggedIn,,,2025-08-12
INT-D2E14DD2,USR-74B80D0B,LoggedIn,,,2025-02-07
INT-00427470,USR-78E57FAF,EarnedStamp,,,2025-03-01
INT-B26AF770,USR-05684EC6,EarnedStamp,,,2026-02-13
INT-D075AB0D,USR-74C8A93C,LoggedIn,,,2024-10-05
INT-AD2C0977,USR-CCA59BE6,EarnedStamp,,,2025-12-14
INT-B3A35F44,USR-E3A158EB,EarnedStamp,,,2025-01-31
INT-B5A717AE,USR-C868D1CB,LoggedIn,,,2024-03-23
INT-AF84C7EA,USR-2B28EB48,LoggedIn,,,2025-01-07
INT-A619D5CE,USR-15C48C96,LoggedIn,,,2025-03-30
INT-E8DC60B6,USR-29882894,LoggedIn,,,2026-01-19
INT-107DEB7E,USR-CA1F1B17,LoggedIn,,,2024-03-24
INT-E5E62F25,USR-20D3933B,EarnedStamp,,,2026-02-17
INT-26856865,USR-BEEAA1DA,LoggedIn,,,2025-01-18
INT-ACA616E7,USR-41438E9F,EarnedStamp,,,2025-12-19
INT-3096BD44,USR-11E1C4DE,LoggedIn,,,2024-03-18
INT-921C2ABF,USR-BBDE6D92,LoggedIn,,,2025-04-29
INT-070167FA,USR-864BD9B5,LoggedIn,,,2025-03-21
INT-B4E95213,USR-C8AB6402,EarnedStamp,,,2025-10-08
INT-AF69F150,USR-AC4BCC07,LoggedIn,,,2025-09-20
INT-4E32656F,USR-7600A84A,EarnedStamp,,,2025-04-08
INT-9D424992,USR-05684EC6,LoggedIn,,,2024-12-08
INT-8FA3430E,USR-4469367F,EarnedStamp,,,2024-12-15
INT-F5A97F09,USR-C6707CC3,EarnedStamp,,,2025-03-10
INT-F28726A1,USR-37CF0E89,LoggedIn,,,2024-05-21
INT-B597A4B9,USR-D04F0D1C,EarnedStamp,,,2026-02-28
INT-EFEB378B,USR-0311399C,EngagedCampaign,CAMP-007,Morning Commuter Bonus,2024-04-21
INT-478DA462,USR-12052D48,EarnedStamp,,,2024-07-20
INT-F35927FF,USR-6DBA443B,LoggedIn,,,2025-02-02
INT-EE8D5310,USR-ADC83BE7,EngagedCampaign,CAMP-007,Morning Commuter Bonus,2025-11-01
INT-3284C10E,USR-8E21F360,EarnedStamp,,,2025-03-20
INT-1B5852C5,USR-0F1C6DBE,LoggedIn,,,2024-12-10
INT-2CB178C8,USR-1C9ADCF2,EngagedCampaign,CAMP-002,Winter Reward,2025-06-18
INT-47EB4A91,USR-90E377C8,EarnedStamp,,,2024-05-06
INT-835FDCF0,USR-B6B4996C,EngagedCampaign,CAMP-001,Natsu Summer Campaign,2025-11-15
INT-F3531812,USR-305C16A9,EarnedStamp,,,2025-03-05
INT-99062C9A,USR-3D84F1C9,EngagedCampaign,CAMP-007,Morning Commuter Bonus,2024-12-31
INT-7F8207DD,USR-7ADB17F7,LoggedIn,,,2026-01-02
INT-F0C75CD4,USR-4F60DBCD,EngagedCampaign,CAMP-002,Winter Reward,2024-05-18
INT-DB116F54,USR-B180A97A,EngagedCampaign,CAMP-004,Spring Fresh Start,2026-01-26
INT-4E45A97B,USR-0ADFEBC7,LoggedIn,,,2025-03-07
INT-CBFA497D,USR-C58E4128,LoggedIn,,,2024-08-22
INT-CF4D9E6D,USR-DB6AA5E3,EngagedCampaign,CAMP-008,Regional Special,2025-07-11
INT-624B621D,USR-ECD8EB36,LoggedIn,,,2024-11-29
INT-9B8F238C,USR-9EEF410F,LoggedIn,,,2024-05-12
INT-F0840FE8,USR-B4252F96,EarnedStamp,,,2024-12-29
INT-E195E02D,USR-989E627E,EarnedStamp,,,2025-11-08
INT-88AEC799,USR-D93FE2BC,LoggedIn,,,2025-09-04
INT-629ED1CC,USR-4EA2F8E2,LoggedIn,,,2025-04-22
INT-456786F8,USR-7468677B,LoggedIn,,,2025-08-16
INT-E7B52DFC,USR-82A5C3FD,EarnedStamp,,,2024-10-24
INT-54061F99,USR-DD6340E4,LoggedIn,,,2025-01-30
INT-35072B10,USR-09617E42,EarnedStamp,,,2024-12-14
INT-02B9CC22,USR-E40C4BCA,LoggedIn,,,2025-10-22
INT-EE2898EA,USR-1453618B,LoggedIn,,,2025-10-31
INT-C0BC60AF,USR-BFA06269,LoggedIn,,,2026-02-20
INT-42B1F1EC,USR-3E9B8D02,LoggedIn,,,2026-01-01
INT-244D962B,USR-3E9B8D02,EarnedStamp,,,2024-10-21
INT-2654224F,USR-7C7C26AF,EngagedCampaign,CAMP-004,Spring Fresh Start,2024-07-16
INT-9F49F252,USR-795BD95D,EarnedStamp,,,2024-07-01
INT-BDDB0F56,USR-FB5437E8,LoggedIn,,,2025-04-29
INT-53C1DBE5,USR-8E1E3EB9,LoggedIn,,,2026-01-02
INT-874A9BE1,USR-3DCF8B46,LoggedIn,,,2025-01-29
INT-4C437BCD,USR-23327163,LoggedIn,,,2024-04-14
INT-1F797A0E,USR-12052D48,EngagedCampaign,CAMP-001,Natsu Summer Campaign,2024-08-03
INT-EE5F0DD0,USR-A7B5CA58,EarnedStamp,,,2025-01-06
INT-2F0E2971,USR-5C0226C5,LoggedIn,,,2024-05-18
INT-690A7BA2,USR-F7D4095B,EarnedStamp,,,2024-07-13
INT-DAEFE776,USR-7A8E193C,LoggedIn,,,2024-04-04
INT-9166C6CC,USR-2D3A7D6E,LoggedIn,,,2024-06-01
INT-73C1AED6,USR-F52396D9,EngagedCampaign,CAMP-006,Hydration Challenge,2024-11-16
INT-BC5DB1D4,USR-0ADFEBC7,EarnedStamp,,,2026-02-06
INT-AF8A0C88,USR-BBDAC3E4,LoggedIn,,,2024-06-02
INT-4B1F18F6,USR-9E6F7AC6,EarnedStamp,,,2024-04-23
INT-1BCBFED4,USR-7A8E193C,LoggedIn,,,2024-07-18
INT-66290783,USR-47985259,EngagedCampaign,CAMP-008,Regional Special,2024-12-23
INT-C9309E3B,USR-5DCEA305,EarnedStamp,,,2025-08-06
INT-BF1364B1,USR-2FA966AC,LoggedIn,,,2025-11-24
INT-C81A9495,USR-69826EA8,LoggedIn,,,2024-11-14
INT-B05B9854,USR-93CBF815,EngagedCampaign,CAMP-006,Hydration Challenge,2025-03-25
INT-D39A1580,USR-2FC13830,LoggedIn,,,2024-06-20
INT-225B54F2,USR-85BF7BE2,EngagedCampaign,CAMP-006,Hydration Challenge,2024-12-26
INT-76095D35,USR-2DA3012D,EarnedStamp,,,2024-12-09
INT-4D64BC8F,USR-8FFA60F5,EngagedCampaign,CAMP-004,Spring Fresh Start,2024-07-27
INT-D5C17900,USR-DA40442E,EngagedCampaign,CAMP-002,Winter Reward,2024-07-09
INT-77623B35,USR-57B124C6,LoggedIn,,,2025-01-05
INT-9A07395A,USR-3E0BDCE6,LoggedIn,,,2025-04-20
INT-6583F8EC,USR-66140D2A,EngagedCampaign,CAMP-007,Morning Commuter Bonus,2025-07-30
INT-3CE24640,USR-5A94A7CB,LoggedIn,,,2025-01-20
INT-F0AD80CB,USR-DB40BDB5,LoggedIn,,,2025-09-09
INT-0ECF287C,USR-7A852F25,LoggedIn,,,2025-09-29
INT-1BC2C430,USR-ADD12C4E,EarnedStamp,,,2025-12-09
INT-EC37E8C5,USR-74213996,EngagedCampaign,CAMP-008,Regional Special,2024-09-05
INT-CC1EF134,USR-0C3B02F1,EngagedCampaign,CAMP-006,Hydration Challenge,2025-07-14
INT-8CA0A053,USR-CEFA08DB,LoggedIn,,,2025-02-18
INT-72607872,USR-15C48C96,LoggedIn,,,2026-02-15
INT-96E98FF4,USR-DEF641C9,LoggedIn,,,2024-09-14
INT-70E338FE,USR-72397CD1,EngagedCampaign,CAMP-003,Georgia Points Boost,2025-12-17
INT-EBD53E21,USR-494A5F2F,LoggedIn,,,2025-09-06
INT-4FF78F45,USR-D382ABAD,LoggedIn,,,2025-05-11
INT-0E4CF61A,USR-8630F5CB,LoggedIn,,,2025-10-31
INT-9DD987B7,USR-B3727ECC,EngagedCampaign,CAMP-003,Georgia Points Boost,2026-02-01
INT-1B60A3F8,USR-2641D689,LoggedIn,,,2025-01-29
INT-0D77F530,USR-500491A3,EarnedStamp,,,2025-12-13
INT-E391ED4E,USR-E4529808,LoggedIn,,,2025-03-27
INT-9C5FE024,USR-7DBFB698,LoggedIn,,,2024-06-13
INT-C4A92B25,USR-CBDAD041,LoggedIn,,,2024-03-08
INT-3C92E45F,USR-78E57FAF,LoggedIn,,,2025-12-03
INT-A4C38690,USR-D51FC580,EarnedStamp,,,2026-02-01
INT-547FCF6B,USR-8D9CC247,LoggedIn,,,2024-08-01
INT-AC0BBE92,USR-2878820A,EngagedCampaign,CAMP-007,Morning Commuter Bonus,2025-11-20
INT-26CF9E84,USR-D93FE2BC,EngagedCampaign,CAMP-007,Morning Commuter Bonus,2024-04-20
INT-29D9B1EB,USR-A19DC31D,EarnedStamp,,,2025-06-21
INT-0050CC67,USR-F38D4D42,EngagedCampaign,CAMP-006,Hydration Challenge,2024-06-04
INT-38B88A9A,USR-9D57176B,LoggedIn,,,2025-02-02
INT-E8A3827D,USR-04F78998,LoggedIn,,,2024-09-09
INT-D0BF7B85,USR-AE4BA1B7,EarnedStamp,,,2025-07-22
INT-8DB983F7,USR-329094A0,LoggedIn,,,2025-04-23
INT-AC0FF5EB,USR-993D897E,EngagedCampaign,CAMP-002,Winter Reward,2024-12-14
INT-6E2CAB19,USR-267DAB8F,EngagedCampaign,CAMP-008,Regional Special,2025-03-19
INT-CBAB6A3B,USR-A1330121,EarnedStamp,,,2026-01-09
INT-9ACA2062,USR-F2491EFD,EarnedStamp,,,2025-02-08
INT-19E0646C,USR-CA1F1B17,LoggedIn,,,2025-09-15
INT-4B2C3B6E,USR-E9EE578F,EngagedCampaign,CAMP-001,Natsu Summer Campaign,2025-01-15
INT-25B41B73,USR-9F897E87,EarnedStamp,,,2024-05-02
INT-67B199AD,USR-EBD896B1,LoggedIn,,,2024-10-07
INT-34649652,USR-12060EB6,EngagedCampaign,CAMP-007,Morning Commuter Bonus,2025-04-20
INT-060E1305,USR-82D788EE,EarnedStamp,,,2026-02-10
INT-689DC6FF,USR-AF60AF75,LoggedIn,,,2024-04-26
INT-F46676EE,USR-D160F217,LoggedIn,,,2024-11-10
INT-1B3284E7,USR-9ACB74DC,LoggedIn,,,2024-04-04
INT-16F79B0D,USR-51071089,LoggedIn,,,2024-08-14
INT-3C9E4134,USR-1149F621,LoggedIn,,,2025-07-05
INT-6B270066,USR-6DACE46F,LoggedIn,,,2025-05-05
INT-C6CB2556,USR-148A8810,EarnedStamp,,,2025-05-31
INT-BDDC0C2D,USR-FB5437E8,EarnedStamp,,,2024-12-26
INT-BC15DCE0,USR-C6F61FED,LoggedIn,,,2024-04-24
INT-E269CDF9,USR-3724F37F,EngagedCampaign,CAMP-002,Winter Reward,2025-06-25
INT-F1C19A2C,USR-EF376D1B,EarnedStamp,,,2025-09-28
INT-F0830989,USR-B2BACBDF,EarnedStamp,,,2025-07-21
INT-AD819C0B,USR-AE4BA1B7,LoggedIn,,,2025-08-22
INT-FDBD45D6,USR-53A94995,LoggedIn,,,2025-02-13
INT-B0B5838C,USR-D93FE2BC,EngagedCampaign,CAMP-008,Regional Special,2024-09-24
INT-43D0FEBB,USR-47D0BBC5,LoggedIn,,,2025-10-09
INT-4C8CBF5A,USR-F8405179,LoggedIn,,,2024-05-18
INT-72950D94,USR-EAC539FE,EarnedStamp,,,2024-10-25
INT-92C84ACF,USR-9CA98CA6,EarnedStamp,,,2025-02-14
INT-7C689891,USR-3E9B8D02,EngagedCampaign,CAMP-001,Natsu Summer Campaign,2025-08-29
INT-5421CF4E,USR-19354408,LoggedIn,,,2025-12-24
INT-4E704A84,USR-E0DBB996,EarnedStamp,,,2025-10-28
INT-CCC7D277,USR-3C42F820,EngagedCampaign,CAMP-004,Spring Fresh Start,2025-07-13
INT-0A253BA7,USR-4A6C8C20,LoggedIn,,,2024-04-30
INT-45ABA26B,USR-C6707CC3,LoggedIn,,,2025-09-23
INT-464AF093,USR-2994D295,EngagedCampaign,CAMP-004,Spring Fresh Start,2025-11-29
INT-B50ABADF,USR-5DCEA305,EngagedCampaign,CAMP-003,Georgia Points Boost,2025-04-13
INT-4A1F0681,USR-2D3A7D6E,EarnedStamp,,,2025-10-18
INT-13EDC07A,USR-4EA2F8E2,EarnedStamp,,,2024-10-25
INT-7DF5C0F8,USR-D69D18B6,LoggedIn,,,2024-05-21
INT-8C971A38,USR-BDA92546,EngagedCampaign,CAMP-006,Hydration Challenge,2025-02-28
INT-C190FDD9,USR-FD035E60,LoggedIn,,,2024-06-12
INT-EF126F07,USR-49B7B5E9,EarnedStamp,,,2024-04-20
INT-9263CE37,USR-377E01DF,LoggedIn,,,2024-12-29
INT-4657C6FB,USR-989E627E,LoggedIn,,,2024-03-27
INT-5D61563A,USR-4469367F,LoggedIn,,,2025-04-18
INT-043CE3CD,USR-F52396D9,EarnedStamp,,,2024-06-11
INT-70C6F640,USR-917AFBFD,LoggedIn,,,2025-03-30
INT-504761D1,USR-F72C9B34,EngagedCampaign,CAMP-003,Georgia Points Boost,2024-07-23
INT-E093A38D,USR-9B1C6C81,LoggedIn,,,2024-11-08
INT-C45B372A,USR-D93FE2BC,EngagedCampaign,CAMP-004,Spring Fresh Start,2024-05-03
INT-93A51A07,USR-9103851A,EarnedStamp,,,2024-07-30
INT-4131E269,USR-2F96E890,EngagedCampaign,CAMP-003,Georgia Points Boost,2024-05-14
INT-612300E9,USR-9EEF410F,LoggedIn,,,2024-06-30
INT-74C6E901,USR-2FC13830,LoggedIn,,,2024-09-13
INT-E153E65F,USR-BBDE6D92,LoggedIn,,,2024-11-03
INT-EE667E74,USR-1149F621,LoggedIn,,,2024-12-23
INT-19CF0A14,USR-3CE16AA8,EngagedCampaign,CAMP-002,Winter Reward,2025-02-14
INT-6F52752D,USR-BCD71AFB,LoggedIn,,,2026-02-10
INT-F7C92D50,USR-28E105F8,EarnedStamp,,,2025-12-02
INT-1D09C3B9,USR-8B66D801,LoggedIn,,,2025-11-06
INT-E5776A84,USR-3724F37F,EngagedCampaign,CAMP-007,Morning Commuter Bonus,2025-10-13
INT-2B6255F7,USR-2FBBD898,EarnedStamp,,,2025-06-25
INT-61EFA089,USR-7ECA9470,LoggedIn,,,2025-11-25
INT-25121105,USR-09617E42,LoggedIn,,,2024-10-25
INT-E51838BC,USR-8D9CC247,LoggedIn,,,2024-11-02
INT-8EEE9E99,USR-7600A84A,EarnedStamp,,,2025-09-03
INT-D0C041BE,USR-253C3381,LoggedIn,,,2025-08-15
INT-4B184E40,USR-E4529808,EngagedCampaign,CAMP-007,Morning Commuter Bonus,2025-02-04
INT-21B56CB7,USR-09617E42,EarnedStamp,,,2024-07-23
INT-B9B82DCC,USR-A6DC3A41,LoggedIn,,,2025-06-27
INT-B6AD17FA,USR-1A2AD4A5,EngagedCampaign,CAMP-007,Morning Commuter Bonus,2025-06-04
INT-B25371AC,USR-0D4BF440,LoggedIn,,,2025-06-20
INT-47EFF981,USR-D93FE2BC,EngagedCampaign,CAMP-008,Regional Special,2025-11-13
INT-5B6AA38A,USR-93CBF815,LoggedIn,,,2024-07-18
INT-1C9C9002,USR-5C24106D,LoggedIn,,,2025-08-03
INT-4E66893E,USR-433F990C,EarnedStamp,,,2025-05-20
INT-4AFD4001,USR-15B036A8,LoggedIn,,,2024-06-21
INT-47AC4C7C,USR-47ED599C,LoggedIn,,,2025-11-24
INT-AF9C3395,USR-1FD044C8,EngagedCampaign,CAMP-005,Weekend Double Stamps,2024-07-14
INT-C9DDC8A3,USR-253C3381,EarnedStamp,,,2024-05-20
INT-ECE52873,USR-B4A6A8DD,LoggedIn,,,2024-12-08
INT-79E8E2AE,USR-BDA92546,LoggedIn,,,2025-07-02
INT-CBEE9D6D,USR-3D84F1C9,EarnedStamp,,,2025-02-14
INT-E0D40D15,USR-ECD8EB36,LoggedIn,,,2024-09-04
INT-C5C8695D,USR-F52396D9,LoggedIn,,,2025-10-03
INT-6279901C,USR-D19F0690,LoggedIn,,,2025-07-25
INT-5CBFC0F0,USR-6DACE46F,LoggedIn,,,2024-09-04
INT-980A6FE9,USR-DF6CF97D,EngagedCampaign,CAMP-001,Natsu Summer Campaign,2025-01-04
INT-01974E10,USR-A6DC3A41,LoggedIn,,,2024-06-17
INT-8EA61BD9,USR-92C61C96,LoggedIn,,,2025-03-30
INT-9632B058,USR-FE7695F6,LoggedIn,,,2026-01-15
INT-0D2C9694,USR-C6F61FED,EarnedStamp,,,2024-09-10
INT-9CD95260,USR-37CF0E89,EngagedCampaign,CAMP-005,Weekend Double Stamps,2024-09-14
INT-8C4FDD8E,USR-DE8B9C7E,EarnedStamp,,,2024-08-17
INT-74D1B51E,USR-4CB6EEDB,EarnedStamp,,,2024-07-06
INT-19D045D0,USR-B2BACBDF,EngagedCampaign,CAMP-007,Morning Commuter Bonus,2024-04-28
INT-BB70174E,USR-EF376D1B,EngagedCampaign,CAMP-001,Natsu Summer Campaign,2026-02-03
INT-8F7F2D17,USR-993D897E,EngagedCampaign,CAMP-001,Natsu Summer Campaign,2025-10-15
INT-DA02C3A0,USR-24108AEF,EarnedStamp,,,2024-10-17
INT-1A9D1289,USR-253C3381,EarnedStamp,,,2025-06-03
INT-E71521DC,USR-DF6CF97D,LoggedIn,,,2024-07-27
INT-B6ABD462,USR-7486C640,LoggedIn,,,2026-02-09
INT-70A374BA,USR-DEF641C9,LoggedIn,,,2024-11-26
INT-B687CCF1,USR-EA7E1517,EarnedStamp,,,2025-06-21
INT-C759387E,USR-78E57FAF,EngagedCampaign,CAMP-005,Weekend Double Stamps,2024-04-12
INT-4C1EE23B,USR-29882894,LoggedIn,,,2024-11-15
INT-98EDFC45,USR-0D4BF440,EarnedStamp,,,2025-12-18
INT-BBC9C197,USR-521C0EC8,LoggedIn,,,2026-01-16
INT-D6A23726,USR-A9AC57D6,LoggedIn,,,2026-02-28
INT-3BAE8BBF,USR-6AE68BC1,EngagedCampaign,CAMP-005,Weekend Double Stamps,2024-09-07
INT-CA6CADFD,USR-6FF0FFDE,LoggedIn,,,2024-08-17
INT-2A5AE293,USR-00A95BB2,LoggedIn,,,2026-02-01
INT-2999D6F6,USR-7A8E193C,EarnedStamp,,,2024-04-05
INT-BEAAC649,USR-E910C2B4,EngagedCampaign,CAMP-004,Spring Fresh Start,2025-10-13
INT-FA765288,USR-356532BE,EngagedCampaign,CAMP-005,Weekend Double Stamps,2025-05-09
INT-4EE81224,USR-4C085BD2,EarnedStamp,,,2025-11-27
INT-4164458A,USR-BFA06269,EarnedStamp,,,2026-02-26
INT-DE3D8531,USR-05684EC6,EngagedCampaign,CAMP-003,Georgia Points Boost,2025-01-21
INT-5291B16B,USR-9EEF410F,LoggedIn,,,2025-06-30
INT-1D511DD7,USR-47ED599C,EarnedStamp,,,2024-09-01
INT-454AF8AF,USR-BBBA87F8,LoggedIn,,,2025-05-27
INT-7D3B5637,USR-795BD95D,LoggedIn,,,2025-09-13
INT-0C2AFFBB,USR-259E8424,LoggedIn,,,2025-02-16
INT-4D734C95,USR-7A8E193C,LoggedIn,,,2024-12-19
INT-97DC98F6,USR-E65D3809,EarnedStamp,,,2024-07-16
INT-AA650081,USR-37CF0E89,LoggedIn,,,2025-02-15
INT-5DC6C3B1,USR-9CA98CA6,LoggedIn,,,2025-03-07
INT-FFC87F7C,USR-253C3381,EngagedCampaign,CAMP-006,Hydration Challenge,2025-07-26
INT-CE96A0B9,USR-D51FC580,LoggedIn,,,2025-10-25
INT-D920EBDC,USR-C265538A,LoggedIn,,,2025-12-12
INT-7938A765,USR-1A2AD4A5,EarnedStamp,,,2024-05-03
INT-0BBB936C,USR-0B70AFCD,LoggedIn,,,2025-06-27
INT-D8128312,USR-45D59873,LoggedIn,,,2024-11-14
INT-41262F72,USR-7ECA9470,LoggedIn,,,2025-10-13
INT-D9783F4C,USR-C8AB6402,LoggedIn,,,2025-09-20
INT-DCA3BDCC,USR-2FC13830,LoggedIn,,,2025-11-13
INT-264FF4CB,USR-8DA576DC,EarnedStamp,,,2024-06-16
INT-1488D745,USR-634CFE27,LoggedIn,,,2024-05-11
INT-4F035049,USR-EAC539FE,LoggedIn,,,2025-08-28
INT-50D4D35C,USR-993D897E,EngagedCampaign,CAMP-003,Georgia Points Boost,2024-05-23
INT-3271489C,USR-784654BE,EngagedCampaign,CAMP-002,Winter Reward,2025-05-12
INT-25EF0603,USR-2CC8E54A,LoggedIn,,,2025-12-24
INT-21053822,USR-996747D1,EngagedCampaign,CAMP-007,Morning Commuter Bonus,2025-03-01
INT-7FA77DF8,USR-8F0446E1,EngagedCampaign,CAMP-008,Regional Special,2026-01-25
INT-42210426,USR-62ADA4A2,LoggedIn,,,2024-07-30
INT-C5D5D394,USR-1737B808,EarnedStamp,,,2025-11-06
INT-2FFD408A,USR-8DA576DC,EarnedStamp,,,2024-11-10
INT-22198995,USR-9CBD7FA7,LoggedIn,,,2024-07-25
INT-C3284CFE,USR-45D59873,LoggedIn,,,2024-07-23
INT-F8E14238,USR-9CBD7FA7,EarnedStamp,,,2024-03-02
INT-1CC21A39,USR-AE4BA1B7,EngagedCampaign,CAMP-008,Regional Special,2025-11-16
INT-9F60A0C6,USR-DBFE9226,EarnedStamp,,,2025-12-30
INT-C213D568,USR-D04F0D1C,EarnedStamp,,,2024-03-10
INT-86D48CF7,USR-0D256762,LoggedIn,,,2024-12-24
INT-48EB71D8,USR-76E1078C,LoggedIn,,,2024-11-07
INT-A59477DC,USR-CEFA08DB,EngagedCampaign,CAMP-001,Natsu Summer Campaign,2025-09-06
INT-933F49BB,USR-BBBA87F8,EngagedCampaign,CAMP-007,Morning Commuter Bonus,2025-02-02
INT-25331223,USR-41438E9F,EarnedStamp,,,2024-05-19
INT-F4739470,USR-5C24106D,LoggedIn,,,2025-11-28
INT-9882A80A,USR-B7E99843,LoggedIn,,,2024-08-07
INT-859468A9,USR-4CA74FEF,LoggedIn,,,2024-11-03
INT-5174FB8E,USR-A17C3B0E,EarnedStamp,,,2025-11-20
INT-2485ED8E,USR-C8FD93C6,EngagedCampaign,CAMP-007,Morning Commuter Bonus,2025-05-14
INT-1E568DBE,USR-4F74E72D,EarnedStamp,,,2025-10-03
INT-E5F6E30C,USR-EE91CC87,EarnedStamp,,,2025-03-04
INT-942D3BBE,USR-C265538A,EarnedStamp,,,2025-09-28
INT-E4EE255E,USR-A18406EA,EngagedCampaign,CAMP-003,Georgia Points Boost,2025-03-07
INT-171F60FD,USR-92E67091,LoggedIn,,,2025-08-19
INT-96ABEA62,USR-9ACB74DC,LoggedIn,,,2024-10-04
INT-8A0AFF24,USR-0ADFEBC7,LoggedIn,,,2025-11-06
INT-F3B83CC7,USR-7E74545A,LoggedIn,,,2026-01-07
INT-C1FC56AB,USR-69826EA8,EarnedStamp,,,2024-04-28
INT-8887CBFE,USR-EDA65DBE,EngagedCampaign,CAMP-008,Regional Special,2025-04-30
INT-C2C5CECF,USR-D160F217,EarnedStamp,,,2024-09-07
INT-DD1781AA,USR-D676BC80,LoggedIn,,,2024-04-10
INT-A7502BAC,USR-1C36A028,EarnedStamp,,,2025-04-19
INT-80427724,USR-74B80D0B,LoggedIn,,,2024-07-15
INT-51E7BCA0,USR-4B1DB9C3,LoggedIn,,,2025-07-12
INT-699CF956,USR-D19F0690,LoggedIn,,,2024-04-08
INT-193D1023,USR-FC9CFB21,LoggedIn,,,2024-12-17
INT-3166A512,USR-9F914A24,LoggedIn,,,2025-08-14
INT-BE2CA23B,USR-D676BC80,EarnedStamp,,,2024-07-28
INT-AE26CD34,USR-1CF10005,LoggedIn,,,2025-01-14
INT-DA3CC2FA,USR-A24F57B8,EarnedStamp,,,2025-11-22
INT-D3105416,USR-3584B0F3,LoggedIn,,,2025-07-20
INT-90D33823,USR-3E9B8D02,EarnedStamp,,,2025-07-31
INT-7BF0149A,USR-BCFA392F,LoggedIn,,,2026-01-07
INT-101D4A1A,USR-392AE2A3,EngagedCampaign,CAMP-004,Spring Fresh Start,2024-04-24
INT-DF7BD48F,USR-9795232E,EngagedCampaign,CAMP-004,Spring Fresh Start,2025-04-10
INT-55C8F890,USR-A72F7B80,EngagedCampaign,CAMP-007,Morning Commuter Bonus,2025-06-10
INT-55336509,USR-0C3B02F1,EngagedCampaign,CAMP-004,Spring Fresh Start,2025-07-06
INT-2F555AC1,USR-6FF0FFDE,EngagedCampaign,CAMP-004,Spring Fresh Start,2025-10-01
INT-4FC3BB8F,USR-BCFA392F,EngagedCampaign,CAMP-008,Regional Special,2024-07-23
INT-D7009B1E,USR-2FBBD898,EarnedStamp,,,2024-09-24
INT-EE9B305E,USR-B199C545,LoggedIn,,,2024-07-04
INT-52B76527,USR-5B6E739B,EarnedStamp,,,2025-10-12
INT-2F3A58C4,USR-EFDE47EE,EarnedStamp,,,2025-04-18
INT-16C4E683,USR-FE7695F6,EarnedStamp,,,2024-04-03
INT-2B3E4ABD,USR-E149363D,LoggedIn,,,2025-02-08
INT-A4AF32A2,USR-6DB5391F,LoggedIn,,,2024-08-26
INT-D3225122,USR-7ECA9470,LoggedIn,,,2024-12-04
INT-B0749F9F,USR-A17C3B0E,EngagedCampaign,CAMP-008,Regional Special,2024-04-07
INT-1BD2771E,USR-6BF524A6,EngagedCampaign,CAMP-004,Spring Fresh Start,2024-04-19
INT-F35B8A3A,USR-2D3A7D6E,LoggedIn,,,2024-07-23
INT-262A8742,USR-AE4E92FD,EarnedStamp,,,2024-10-24
INT-968D0544,USR-925AA5AC,LoggedIn,,,2024-05-14
INT-5827DA8B,USR-784654BE,LoggedIn,,,2025-06-29
INT-82F60A83,USR-6F7C3361,EarnedStamp,,,2025-12-09
INT-AD3D998A,USR-7600A84A,LoggedIn,,,2025-10-01
INT-9551302D,USR-DF554F86,LoggedIn,,,2025-09-01
INT-41CEDB0E,USR-721E9C57,LoggedIn,,,2024-03-06
INT-EA3566C3,USR-BCFA392F,EarnedStamp,,,2025-08-21
INT-3425DAC8,USR-E9EE578F,EngagedCampaign,CAMP-001,Natsu Summer Campaign,2024-09-14
INT-872FCEEF,USR-A72F7B80,LoggedIn,,,2025-11-03
INT-A215A156,USR-2284F2D9,LoggedIn,,,2025-08-22
INT-D2D0482B,USR-9E6F7AC6,EarnedStamp,,,2025-07-01
INT-6C7182BE,USR-934AE569,EngagedCampaign,CAMP-006,Hydration Challenge,2024-07-11
INT-C39B7E8A,USR-DFC2F878,EngagedCampaign,CAMP-004,Spring Fresh Start,2024-05-07
INT-4F4ACAF8,USR-9B7C461A,EarnedStamp,,,2025-02-23
INT-40472503,USR-4EA2F8E2,LoggedIn,,,2025-01-23
INT-5CCC5FA7,USR-89894EE7,LoggedIn,,,2024-09-14
INT-5B9BA35D,USR-5B6E739B,LoggedIn,,,2026-02-04
INT-6D9B1325,USR-5D4C5CEA,EarnedStamp,,,2024-09-22
INT-346DF9EA,USR-EEF1C3C3,EngagedCampaign,CAMP-008,Regional Special,2025-04-24
INT-92E5D429,USR-3BC92C11,LoggedIn,,,2025-06-25
INT-C1A5ACCD,USR-1917C70A,EngagedCampaign,CAMP-008,Regional Special,2024-09-20
INT-46109CDD,USR-82D788EE,EngagedCampaign,CAMP-004,Spring Fresh Start,2024-06-25
INT-1A783E25,USR-0C3B02F1,EngagedCampaign,CAMP-006,Hydration Challenge,2025-07-26
INT-F78B2898,USR-A8B517F3,EarnedStamp,,,2025-04-18
INT-7663D3AF,USR-5065CA6E,LoggedIn,,,2026-02-22
INT-9E8A9854,USR-267DAB8F,EngagedCampaign,CAMP-003,Georgia Points Boost,2025-02-17
INT-FC86235F,USR-C8AB6402,EarnedStamp,,,2025-05-14
INT-7630407C,USR-7A49C0F4,LoggedIn,,,2024-10-16
INT-CEC9140C,USR-C6D143FA,EngagedCampaign,CAMP-007,Morning Commuter Bonus,2024-12-24
INT-9B45F5BB,USR-27E7ECCC,EarnedStamp,,,2025-08-26
INT-C669B812,USR-96DFBE54,EarnedStamp,,,2025-04-06
INT-4DF12D81,USR-4AE5805B,LoggedIn,,,2026-02-01
INT-72CF224B,USR-45D59873,EarnedStamp,,,2025-05-24
INT-74225336,USR-29882894,EarnedStamp,,,2024-03-07
INT-43CF64FF,USR-784654BE,LoggedIn,,,2024-04-10
INT-49610483,USR-D7289597,EarnedStamp,,,2025-06-19
INT-8A33BC05,USR-3E0BDCE6,EngagedCampaign,CAMP-002,Winter Reward,2025-08-06
INT-1174B13D,USR-D69D18B6,EarnedStamp,,,2026-01-14
INT-34F33446,USR-6DACE46F,LoggedIn,,,2025-12-18
INT-26B479C7,USR-9818B6F4,EarnedStamp,,,2024-10-25
INT-0473ABAD,USR-48FFA3FD,LoggedIn,,,2024-12-08
INT-16CA819F,USR-47985259,LoggedIn,,,2025-06-02
INT-61E80EE4,USR-F38D4D42,EngagedCampaign,CAMP-001,Natsu Summer Campaign,2024-11-14
INT-C978ED03,USR-F8405179,LoggedIn,,,2025-09-13
INT-CDA21CFC,USR-4CB6EEDB,EarnedStamp,,,2024-09-26
INT-33516C4E,USR-B7E99843,EarnedStamp,,,2024-12-29
INT-333E6585,USR-57B124C6,LoggedIn,,,2024-05-02
INT-50370623,USR-4AE5805B,EngagedCampaign,CAMP-008,Regional Special,2026-02-05
INT-DB1FC5A6,USR-3DBA5AC6,EarnedStamp,,,2025-06-06
INT-144C814A,USR-DFC2F878,LoggedIn,,,2024-11-19
INT-D71919CE,USR-CCA59BE6,EarnedStamp,,,2025-05-09
INT-60A081DB,USR-EEF1C3C3,LoggedIn,,,2025-01-22
INT-7CFA8B98,USR-19354408,EngagedCampaign,CAMP-003,Georgia Points Boost,2025-11-04
INT-F843ADCD,USR-A4A32359,LoggedIn,,,2024-07-27
INT-A218D2A6,USR-D7289597,LoggedIn,,,2025-11-30
INT-13E6F689,USR-521C0EC8,LoggedIn,,,2025-12-17
INT-21492B0D,USR-A17C3B0E,LoggedIn,,,2025-03-07
INT-62BE3BFD,USR-2DFA449C,LoggedIn,,,2024-10-30
INT-5B636708,USR-8F0446E1,LoggedIn,,,2025-08-27
INT-CD05EF2B,USR-CEE2DCB2,EngagedCampaign,CAMP-004,Spring Fresh Start,2025-04-16
INT-61366AB4,USR-28E105F8,LoggedIn,,,2024-04-18
INT-9A7BD1A1,USR-74B80D0B,LoggedIn,,,2024-07-22
INT-360CA54C,USR-DC9E84CE,EngagedCampaign,CAMP-005,Weekend Double Stamps,2025-07-17
INT-5E01A50F,USR-C3DB1FAE,EngagedCampaign,CAMP-005,Weekend Double Stamps,2025-11-17
INT-C787A323,USR-5065CA6E,EngagedCampaign,CAMP-002,Winter Reward,2024-04-23
INT-675B085C,USR-BD240E0B,LoggedIn,,,2025-03-11
INT-8C432310,USR-082DF180,LoggedIn,,,2024-04-05
INT-1B4FEADB,USR-15B036A8,EarnedStamp,,,2025-02-23
INT-2D322EFE,USR-5D437DD6,EarnedStamp,,,2025-12-16
INT-66A2003D,USR-9F914A24,LoggedIn,,,2025-07-03
INT-E9D52A91,USR-D08B729C,EarnedStamp,,,2024-04-04
INT-5F1F2EC6,USR-28E105F8,EngagedCampaign,CAMP-004,Spring Fresh Start,2026-01-28
INT-6260CB64,USR-FA7BEF9E,LoggedIn,,,2024-08-06
INT-F91AF3F5,USR-8D9CC247,LoggedIn,,,2024-03-03
INT-B8884AD0,USR-EAC539FE,EngagedCampaign,CAMP-004,Spring Fresh Start,2025-07-22
INT-1AE25A7A,USR-89CFFB08,EarnedStamp,,,2024-10-26
INT-26A2E568,USR-9E6F7AC6,EarnedStamp,,,2025-12-18
INT-738F4085,USR-E583B827,LoggedIn,,,2024-07-30
INT-B5ADD3B5,USR-C8FD93C6,EarnedStamp,,,2025-04-17
INT-83D2E91D,USR-A8B517F3,LoggedIn,,,2025-02-25
INT-5B49E876,USR-EC28C8E2,EarnedStamp,,,2025-11-15
INT-7112A283,USR-A2F6A88E,EngagedCampaign,CAMP-002,Winter Reward,2026-02-10
INT-4D5F2F4B,USR-943B64D3,LoggedIn,,,2024-06-29
INT-6EC693A7,USR-89894EE7,EarnedStamp,,,2024-09-20
INT-874B23BC,USR-82A5C3FD,LoggedIn,,,2025-11-17
INT-8EDFCE3F,USR-1CF10005,EarnedStamp,,,2026-01-20
INT-8297F41B,USR-96DFBE54,LoggedIn,,,2026-01-22
INT-68A2B4AA,USR-8DF4E655,LoggedIn,,,2024-12-24
INT-3CEC6508,USR-3728614A,EngagedCampaign,CAMP-003,Georgia Points Boost,2024-06-05
INT-8CEA15BB,USR-0311399C,LoggedIn,,,2025-08-04
INT-857B5949,USR-1917C70A,EngagedCampaign,CAMP-005,Weekend Double Stamps,2024-08-12
INT-1FFDFBD7,USR-505FAD88,LoggedIn,,,2024-05-13
INT-5A67FD90,USR-EC28C8E2,LoggedIn,,,2025-09-10
INT-2C867AC3,USR-4B1AF19E,EngagedCampaign,CAMP-003,Georgia Points Boost,2026-02-06
INT-F396F98B,USR-5964DD23,EngagedCampaign,CAMP-004,Spring Fresh Start,2024-07-14
INT-0B7CD840,USR-1DAEB7B7,LoggedIn,,,2025-03-18
INT-5C0E3451,USR-DBFE9226,LoggedIn,,,2024-07-28
INT-52BC0D93,USR-8F0446E1,EarnedStamp,,,2026-01-15
INT-1316EFE4,USR-07B22563,EarnedStamp,,,2025-07-02
INT-AC8405D3,USR-A316C481,EarnedStamp,,,2024-06-21
INT-0891431E,USR-C6C23A4B,EngagedCampaign,CAMP-003,Georgia Points Boost,2024-06-23
INT-901A393B,USR-1AF6B033,EarnedStamp,,,2024-08-11
INT-97EA3EE2,USR-23280381,LoggedIn,,,2025-12-28
INT-7C9C8A36,USR-A72F7B80,LoggedIn,,,2024-03-23
INT-FC85F4D6,USR-7ADB17F7,LoggedIn,,,2024-05-09
INT-57EC1407,USR-B199C545,EarnedStamp,,,2024-07-02
INT-36412D15,USR-634CFE27,LoggedIn,,,2025-01-15
INT-AC51819F,USR-996747D1,LoggedIn,,,2024-05-05
INT-C6FAC40A,USR-1453618B,LoggedIn,,,2024-03-24
INT-A1243B3F,USR-1022282D,LoggedIn,,,2024-07-03
INT-2CEAC963,USR-8FF0D4B5,EngagedCampaign,CAMP-002,Winter Reward,2025-04-04
INT-F7AEC1D5,USR-D95C67C7,EngagedCampaign,CAMP-006,Hydration Challenge,2025-07-29
INT-8798D472,USR-1C678179,LoggedIn,,,2026-01-29
INT-47D432AD,USR-DE8B9C7E,EarnedStamp,,,2024-05-05
INT-CF1CAFBD,USR-9D57176B,EarnedStamp,,,2024-12-02
INT-98B99A02,USR-D121A091,LoggedIn,,,2025-03-20
INT-94945B07,USR-E8BADAB8,LoggedIn,,,2025-01-09
INT-598C3E88,USR-8AD66611,EngagedCampaign,CAMP-006,Hydration Challenge,2025-06-19
INT-DC1DE65E,USR-7ADB17F7,LoggedIn,,,2024-10-10
INT-2A1DDC45,USR-818A03F8,EarnedStamp,,,2025-06-26
INT-46B24270,USR-92C61C96,EarnedStamp,,,2024-10-27
INT-5A1BEF04,USR-3C42F820,EngagedCampaign,CAMP-003,Georgia Points Boost,2024-10-15
INT-E1CDD43D,USR-862702F8,LoggedIn,,,2024-11-05
INT-D91A077C,USR-062DD25B,EarnedStamp,,,2025-05-26
INT-894D40E7,USR-1C678179,LoggedIn,,,2025-11-02
INT-631DC37A,USR-A6978FE4,EarnedStamp,,,2025-03-15
INT-EFD73EB4,USR-A515DAC8,LoggedIn,,,2024-07-29
INT-AFB5D6D7,USR-F5CEE960,LoggedIn,,,2024-05-07
INT-D7455DF5,USR-48FFA3FD,LoggedIn,,,2024-09-13
INT-937F74AC,USR-DF554F86,EngagedCampaign,CAMP-006,Hydration Challenge,2025-08-29
INT-68ADED22,USR-1022282D,EngagedCampaign,CAMP-003,Georgia Points Boost,2025-03-18
INT-454458D1,USR-259E8424,LoggedIn,,,2025-02-22
INT-0AFEB7A6,USR-8C59047E,EngagedCampaign,CAMP-005,Weekend Double Stamps,2025-10-12
INT-9B62E2A4,USR-00C46383,EarnedStamp,,,2024-03-02
INT-FCFDF24B,USR-D121A091,EngagedCampaign,CAMP-008,Regional Special,2024-09-25
INT-0CE88AE4,USR-3D84F1C9,LoggedIn,,,2025-04-18
INT-287BB51E,USR-148A8810,LoggedIn,,,2025-08-18
INT-A3E88C9D,USR-237AAECA,EngagedCampaign,CAMP-005,Weekend Double Stamps,2024-05-10
INT-6538CE35,USR-A750C3B8,LoggedIn,,,2024-05-07
INT-300E3E36,USR-40549955,EarnedStamp,,,2024-07-04
INT-BE962924,USR-A6DC3A41,LoggedIn,,,2026-02-14
INT-95577FE4,USR-FB5437E8,EarnedStamp,,,2026-02-05
INT-A5CC8133,USR-12052D48,LoggedIn,,,2024-07-19
INT-1BA5F61E,USR-BE90EB83,EarnedStamp,,,2025-04-04
INT-1C48E042,USR-96F19EDC,LoggedIn,,,2025-05-03
INT-D322E7F0,USR-A72F7B80,EngagedCampaign,CAMP-008,Regional Special,2025-08-06
INT-6ACB4A93,USR-AE4BA1B7,LoggedIn,,,2025-10-07
INT-69C0B0AC,USR-3CE16AA8,EarnedStamp,,,2025-05-21
INT-246E089B,USR-3A4E834A,EarnedStamp,,,2025-10-30
INT-508FBAC9,USR-DA42CA76,EngagedCampaign,CAMP-005,Weekend Double Stamps,2024-10-28
INT-F37C10E6,USR-6FF0FFDE,LoggedIn,,,2025-01-14
INT-78EE76CD,USR-253C3381,EarnedStamp,,,2025-02-13
INT-6B4BF867,USR-BBDAC3E4,LoggedIn,,,2025-07-13
INT-93B38386,USR-6FF0FFDE,LoggedIn,,,2024-06-18
INT-8DB3DAC8,USR-6E2AFC08,LoggedIn,,,2024-12-24
INT-0D96205D,USR-04F78998,EarnedStamp,,,2025-03-21
INT-D6F6C0BD,USR-0289E4B2,LoggedIn,,,2024-08-02
INT-4B47E182,USR-BE90EB83,EarnedStamp,,,2025-04-06
INT-8812990D,USR-7B123D86,EarnedStamp,,,2024-06-18
INT-816C1E88,USR-B95596EB,EngagedCampaign,CAMP-002,Winter Reward,2025-08-28
INT-1992F488,USR-8E21F360,EarnedStamp,,,2024-03-02
INT-FC5E1615,USR-5065CA6E,EarnedStamp,,,2026-02-19
INT-FB3BB8A5,USR-630E5708,EngagedCampaign,CAMP-003,Georgia Points Boost,2024-09-24
INT-7017A53D,USR-BA9A1EE4,LoggedIn,,,2025-11-04
INT-5AD1631D,USR-8BFF6238,LoggedIn,,,2024-03-20
INT-BADA3E9A,USR-ECD8EB36,EngagedCampaign,CAMP-003,Georgia Points Boost,2024-03-21
INT-8DA70037,USR-50D7DCE4,LoggedIn,,,2025-02-19
INT-FD47EB7F,USR-DB435ABC,LoggedIn,,,2024-09-29
INT-076A9F94,USR-0311399C,EarnedStamp,,,2024-05-09
INT-BF23BC76,USR-A6978FE4,EarnedStamp,,,2025-11-20
INT-9BC0A384,USR-71C6450E,EngagedCampaign,CAMP-004,Spring Fresh Start,2024-09-27
INT-80FACD7A,USR-BFA06269,EarnedStamp,,,2024-12-17
INT-651EFCA8,USR-BEEAA1DA,EarnedStamp,,,2025-02-14
INT-D31BF17A,USR-BE4394B5,EarnedStamp,,,2025-09-22
INT-5F45D3CC,USR-BCD71AFB,EngagedCampaign,CAMP-007,Morning Commuter Bonus,2025-06-30
INT-0BBDD1B1,USR-B3727ECC,EngagedCampaign,CAMP-004,Spring Fresh Start,2024-05-01
INT-A442F1CF,USR-2DE19692,LoggedIn,,,2025-04-02
INT-7AA8D5FC,USR-BE90EB83,EarnedStamp,,,2024-08-28
INT-36A161B9,USR-44BDA9AA,EngagedCampaign,CAMP-002,Winter Reward,2025-09-04
INT-9D86B73D,USR-267DAB8F,EarnedStamp,,,2025-03-14
INT-7D6B7FFE,USR-3E0BDCE6,EarnedStamp,,,2024-11-12
INT-9307AD35,USR-96DFBE54,LoggedIn,,,2024-12-22
INT-E1AA2802,USR-D51FC580,LoggedIn,,,2024-03-21
INT-9403B07B,USR-7C7C26AF,EngagedCampaign,CAMP-006,Hydration Challenge,2025-06-02
INT-B1F6560F,USR-C8FD93C6,EarnedStamp,,,2025-04-08
INT-89E94022,USR-1AF6B033,EarnedStamp,,,2025-08-11
INT-F90F9BBA,USR-12052D48,EngagedCampaign,CAMP-007,Morning Commuter Bonus,2025-06-16
INT-BCD9A73D,USR-FC9CFB21,LoggedIn,,,2025-10-30
INT-B0CF867A,USR-D382ABAD,LoggedIn,,,2025-02-01
INT-3C816F7C,USR-137123E3,EarnedStamp,,,2024-12-19
INT-49384D1F,USR-276C3B8A,EngagedCampaign,CAMP-003,Georgia Points Boost,2026-01-07
INT-1BADD73E,USR-2FBBD898,EarnedStamp,,,2025-11-26
INT-90DA2B32,USR-4A6C8C20,EngagedCampaign,CAMP-006,Hydration Challenge,2025-07-01
INT-4511C1B4,USR-1C36A028,LoggedIn,,,2024-08-08
INT-8EA1DCD5,USR-23013125,LoggedIn,,,2024-04-18
INT-ACE60F86,USR-4474FD9D,EarnedStamp,,,2024-10-26
INT-BB4D979E,USR-FC9CFB21,LoggedIn,,,2025-08-20
INT-C3826F1F,USR-E8BADAB8,EarnedStamp,,,2024-04-23
INT-85C4CAF2,USR-8B66D801,EarnedStamp,,,2024-12-05
INT-01F44B0A,USR-9B5C55CE,LoggedIn,,,2024-11-07
INT-06C29355,USR-E40C4BCA,EngagedCampaign,CAMP-003,Georgia Points Boost,2024-06-13
INT-44706657,USR-EC28C8E2,EarnedStamp,,,2025-04-27
INT-FA521936,USR-60BC4130,LoggedIn,,,2024-08-15
INT-7CD7A90B,USR-2A7C68BF,EngagedCampaign,CAMP-005,Weekend Double Stamps,2025-12-28
INT-2D822A05,USR-168A5A0B,EngagedCampaign,CAMP-002,Winter Reward,2024-05-11
INT-475F0A63,USR-ADDB4E6E,LoggedIn,,,2024-03-03
INT-9120109A,USR-650D56C4,EngagedCampaign,CAMP-002,Winter Reward,2026-02-18
INT-9DA63F5F,USR-1917C70A,LoggedIn,,,2025-05-30
INT-4FD864CB,USR-40549955,LoggedIn,,,2025-04-14
INT-97774DFE,USR-952FF497,LoggedIn,,,2025-04-24
INT-3A1FD332,USR-CBDAD041,EarnedStamp,,,2024-08-02
INT-F99F5F97,USR-78E57FAF,LoggedIn,,,2024-12-11
INT-F026FDC9,USR-866FFF9C,LoggedIn,,,2025-10-02
INT-9A6AE852,USR-9B1C6C81,EarnedStamp,,,2025-05-14
INT-D536114A,USR-D160F217,LoggedIn,,,2024-03-14
INT-FCAF7CD1,USR-8B66D801,LoggedIn,,,2024-07-27
INT-A365EFE4,USR-93CBF815,LoggedIn,,,2025-03-01
INT-9061DA9F,USR-AE4E92FD,LoggedIn,,,2025-02-19
INT-9AEE18EF,USR-D160F217,EarnedStamp,,,2025-02-04
INT-0B89FEC0,USR-3625DF12,EarnedStamp,,,2025-02-10
INT-812818A6,USR-1C9ADCF2,EngagedCampaign,CAMP-007,Morning Commuter Bonus,2026-01-10
INT-C4C7FB24,USR-CEE2DCB2,EarnedStamp,,,2024-08-14
INT-643026DE,USR-D93FE2BC,EngagedCampaign,CAMP-001,Natsu Summer Campaign,2025-03-02
INT-C9219376,USR-7F480F50,LoggedIn,,,2026-02-01
INT-7E186115,USR-1DAEB7B7,LoggedIn,,,2024-11-05
INT-79DD2D9D,USR-FC7DFEF6,LoggedIn,,,2024-11-14
INT-81597E64,USR-8D9CC247,LoggedIn,,,2024-12-10
INT-2029EEA2,USR-EA7E1517,LoggedIn,,,2025-10-31
INT-8ADF76CE,USR-A2189587,LoggedIn,,,2024-08-09
INT-B4839358,USR-23013125,EngagedCampaign,CAMP-008,Regional Special,2024-03-10
INT-D5A9945D,USR-68AB3DF3,LoggedIn,,,2025-03-06
INT-E4845B18,USR-D580DAB4,EarnedStamp,,,2024-10-19
INT-186E352F,USR-18DEFBE3,LoggedIn,,,2024-08-28
INT-AADEE225,USR-E4529808,LoggedIn,,,2025-09-23
INT-BF089FCF,USR-E55EBEAD,LoggedIn,,,2024-07-11
INT-5A1F4669,USR-7ADB17F7,LoggedIn,,,2025-09-09
INT-D0468819,USR-AF60AF75,EarnedStamp,,,2025-06-26
INT-1D69992E,USR-2EF2D5B7,LoggedIn,,,2024-09-23
INT-724D9CD2,USR-96F19EDC,LoggedIn,,,2024-05-17
INT-4400411E,USR-1AF6B033,EarnedStamp,,,2024-07-04
INT-000E0053,USR-0D256762,EarnedStamp,,,2025-10-23
INT-F2CB9D92,USR-C808B976,EngagedCampaign,CAMP-004,Spring Fresh Start,2026-01-31
INT-2A54E2CD,USR-2878820A,EarnedStamp,,,2025-02-15
INT-CBB381A5,USR-943B64D3,EarnedStamp,,,2024-12-09
INT-1B957390,USR-96F19EDC,EarnedStamp,,,2025-07-25
INT-4B4B70BA,USR-57B124C6,EarnedStamp,,,2024-07-15
INT-0823E019,USR-1917C70A,EngagedCampaign,CAMP-005,Weekend Double Stamps,2024-10-10
INT-99D54101,USR-9FF795FF,EarnedStamp,,,2024-05-03
INT-92564719,USR-23327163,EngagedCampaign,CAMP-008,Regional Special,2024-03-07
INT-E0C89B7F,USR-B3727ECC,LoggedIn,,,2024-06-03
INT-C2BF763B,USR-368F45FE,EarnedStamp,,,2024-06-25
INT-53E78202,USR-1471E6C1,EarnedStamp,,,2024-10-11
INT-AE53063E,USR-4CB6EEDB,LoggedIn,,,2024-09-13
INT-ED555779,USR-74E7957F,LoggedIn,,,2025-01-31
INT-6A850118,USR-97AE3DF4,LoggedIn,,,2024-07-22
INT-EA472D57,USR-8AD66611,LoggedIn,,,2025-01-07
INT-21CA8731,USR-D69D18B6,LoggedIn,,,2025-03-08
INT-ABAD24DA,USR-44BDA9AA,EngagedCampaign,CAMP-004,Spring Fresh Start,2025-09-18
INT-E68F357E,USR-DA42CA76,EarnedStamp,,,2024-10-27
INT-9415CA11,USR-5065CA6E,LoggedIn,,,2024-10-02
INT-118578DF,USR-ECE9FAE8,LoggedIn,,,2025-07-12
INT-8E9F1174,USR-FA7BEF9E,LoggedIn,,,2024-10-22
INT-3C5EA5AA,USR-15C48C96,LoggedIn,,,2024-04-30
INT-111A56E6,USR-68AB3DF3,LoggedIn,,,2025-09-14
INT-32D7E0D2,USR-A8B517F3,LoggedIn,,,2025-10-21
INT-09116E4E,USR-7600A84A,EngagedCampaign,CAMP-006,Hydration Challenge,2025-07-29
INT-55B3B745,USR-1AF6B033,LoggedIn,,,2025-08-12
INT-94433C52,USR-37CF0E89,EarnedStamp,,,2025-11-20
INT-60BC99CF,USR-418B6EDC,LoggedIn,,,2025-02-14
INT-10B742FA,USR-60D6FDEC,LoggedIn,,,2025-04-18
INT-11025CE4,USR-A2F6A88E,LoggedIn,,,2024-09-04
INT-22E0291B,USR-BA9A1EE4,LoggedIn,,,2024-04-08
INT-C86812F7,USR-E8E1B153,LoggedIn,,,2024-12-26
INT-7954090A,USR-2F96E890,LoggedIn,,,2025-08-19
INT-AE9B5675,USR-D7289597,LoggedIn,,,2024-07-22
INT-24AAE52A,USR-3C42F820,EarnedStamp,,,2024-04-15
INT-0C868239,USR-438AE6D3,EngagedCampaign,CAMP-002,Winter Reward,2024-07-23
INT-D33E9C16,USR-68AB3DF3,EarnedStamp,,,2025-12-05
INT-E7AF1168,USR-66140D2A,LoggedIn,,,2024-10-06
INT-50A1718C,USR-FA7BEF9E,LoggedIn,,,2025-06-10
INT-E099619C,USR-B9B8521F,LoggedIn,,,2025-10-08
INT-4013808A,USR-494A5F2F,EngagedCampaign,CAMP-001,Natsu Summer Campaign,2024-11-16
INT-8E7D7424,USR-76E1078C,EarnedStamp,,,2024-04-11
INT-8B940A0D,USR-B4A6A8DD,LoggedIn,,,2024-03-10
INT-203ACABA,USR-6AE06BF7,LoggedIn,,,2025-05-15
INT-5AD7EF03,USR-A24F57B8,EngagedCampaign,CAMP-005,Weekend Double Stamps,2024-06-20
INT-A3CA1C9C,USR-BEEAA1DA,EarnedStamp,,,2025-07-18
INT-EADFBDDB,USR-9ACB74DC,EarnedStamp,,,2024-03-22
INT-F977A9EA,USR-F72C9B34,EarnedStamp,,,2025-10-15
INT-D017B191,USR-1741D2CD,EngagedCampaign,CAMP-008,Regional Special,2024-06-11
INT-EF67119D,USR-BA9A1EE4,LoggedIn,,,2024-08-25
INT-73932BBD,USR-05B8A84E,LoggedIn,,,2024-10-20
INT-BA48F2AC,USR-337904D0,EngagedCampaign,CAMP-003,Georgia Points Boost,2024-09-03
INT-3C6605D0,USR-8FFA60F5,EngagedCampaign,CAMP-006,Hydration Challenge,2025-08-15
INT-C20F030F,USR-2994D295,LoggedIn,,,2024-03-10
INT-B8C4F284,USR-2DFA449C,LoggedIn,,,2024-07-16
INT-DFF00937,USR-19354408,LoggedIn,,,2026-02-13
INT-4859E0D8,USR-D33E5B1B,EarnedStamp,,,2025-11-22
INT-772C9462,USR-7AAF0E69,EarnedStamp,,,2024-05-09
INT-1D9D9406,USR-8B66D801,EarnedStamp,,,2024-03-31
INT-D0F9BBF3,USR-7ECA9470,EngagedCampaign,CAMP-001,Natsu Summer Campaign,2025-01-10
INT-B10A52FE,USR-89CFFB08,LoggedIn,,,2025-10-17
INT-06BF2838,USR-20D3933B,LoggedIn,,,2024-08-11
INT-46993183,USR-C5CDA2E3,EarnedStamp,,,2025-04-25
INT-008CF5BF,USR-71C6450E,EarnedStamp,,,2025-08-02
INT-9DB56D13,USR-418B6EDC,EngagedCampaign,CAMP-005,Weekend Double Stamps,2026-02-13
INT-A63DD8A4,USR-CA1F1B17,EarnedStamp,,,2025-04-04
INT-7AE1AEE7,USR-C6F61FED,EarnedStamp,,,2026-01-06
INT-B73C6DA6,USR-B4F817A8,LoggedIn,,,2025-02-21
INT-A2D58291,USR-D08B729C,LoggedIn,,,2025-01-11
INT-023FDD44,USR-D8D6B05E,LoggedIn,,,2024-12-26
INT-04E1001D,USR-FB256CF6,LoggedIn,,,2025-10-05
INT-0BEBF7F9,USR-BCFA392F,LoggedIn,,,2025-12-16
INT-053BF2F0,USR-C868D1CB,EngagedCampaign,CAMP-004,Spring Fresh Start,2026-02-02
INT-F04FCF8F,USR-CBDAD041,EarnedStamp,,,2024-04-21
INT-FBD8AE68,USR-72397CD1,LoggedIn,,,2025-10-19
INT-200D349A,USR-7A49C0F4,EngagedCampaign,CAMP-004,Spring Fresh Start,2025-02-26
INT-341AD52A,USR-9818B6F4,LoggedIn,,,2024-10-16
INT-7786E4A9,USR-ACD1B747,EarnedStamp,,,2025-06-24
INT-3B2EC430,USR-630E5708,EngagedCampaign,CAMP-003,Georgia Points Boost,2025-06-09
INT-758C8820,USR-A2F6A88E,EngagedCampaign,CAMP-006,Hydration Challenge,2024-11-11
INT-05DF0A75,USR-B3727ECC,EarnedStamp,,,2025-03-20
INT-9D35F839,USR-3728614A,LoggedIn,,,2025-10-09
INT-0EF6F819,USR-60BC4130,EarnedStamp,,,2025-05-26
INT-759EF899,USR-18DEFBE3,EngagedCampaign,CAMP-001,Natsu Summer Campaign,2024-09-03
INT-984A48BB,USR-29882894,LoggedIn,,,2024-09-07
INT-59684DED,USR-41F09551,EngagedCampaign,CAMP-008,Regional Special,2025-07-07
INT-BB86BCD8,USR-7468677B,EngagedCampaign,CAMP-003,Georgia Points Boost,2024-07-21
INT-05DFBC4C,USR-C265538A,EngagedCampaign,CAMP-004,Spring Fresh Start,2025-08-23
INT-09676564,USR-A17C3B0E,EngagedCampaign,CAMP-002,Winter Reward,2025-06-23
INT-3D294F7D,USR-3DCF8B46,LoggedIn,,,2024-05-04
INT-5A2FEE33,USR-4AE5805B,LoggedIn,,,2024-09-11
INT-470D7E05,USR-3CE16AA8,LoggedIn,,,2025-07-18
INT-7390E158,USR-89894EE7,EarnedStamp,,,2025-03-03
INT-84B35821,USR-EC312AFF,LoggedIn,,,2025-01-23
INT-E1FFA4E2,USR-78E654EA,LoggedIn,,,2025-06-08
INT-73145AF8,USR-9F914A24,EngagedCampaign,CAMP-004,Spring Fresh Start,2025-01-13
INT-B20074E4,USR-5EA37D63,LoggedIn,,,2024-06-28
INT-F338842B,USR-A1A63B62,EngagedCampaign,CAMP-004,Spring Fresh Start,2025-12-28
INT-A9DE05ED,USR-61DECA24,EarnedStamp,,,2025-06-28
INT-5D260949,USR-A61CDC2B,EarnedStamp,,,2024-06-02
INT-AC86D63E,USR-9FF795FF,LoggedIn,,,2024-12-29
INT-5207080D,USR-74213996,LoggedIn,,,2025-06-12
INT-696372DF,USR-D313C2BD,EarnedStamp,,,2025-11-10
INT-A65D0996,USR-19354408,EarnedStamp,,,2024-05-24
INT-D8139994,USR-A9AC57D6,EngagedCampaign,CAMP-003,Georgia Points Boost,2025-07-10
INT-2BAE84DC,USR-72397CD1,EarnedStamp,,,2024-05-26
INT-E563252F,USR-1CF10005,LoggedIn,,,2025-06-21
INT-B5CF33A6,USR-418B6EDC,LoggedIn,,,2025-02-13
INT-6FD30AAC,USR-F52396D9,EngagedCampaign,CAMP-007,Morning Commuter Bonus,2024-10-29
INT-F22D02BF,USR-18DEFBE3,LoggedIn,,,2024-03-07
INT-E1356EDA,USR-B6B4996C,LoggedIn,,,2025-04-19
INT-D2135BA8,USR-1C36A028,EarnedStamp,,,2024-08-14
INT-06BDE310,USR-0311399C,LoggedIn,,,2025-01-05
INT-15AEFCCF,USR-C6D143FA,LoggedIn,,,2025-12-18
INT-DAFF17D3,USR-654936BD,LoggedIn,,,2024-12-11
INT-CBFD356B,USR-FE7695F6,LoggedIn,,,2024-03-10
INT-049ACEF0,USR-0D256762,LoggedIn,,,2024-12-29
INT-FBA73545,USR-D9D02B65,EarnedStamp,,,2024-04-19
INT-07BF925D,USR-0D075425,EngagedCampaign,CAMP-004,Spring Fresh Start,2025-07-08
INT-CC8D199B,USR-D95C67C7,LoggedIn,,,2024-03-21
INT-16257128,USR-8D328C6B,EarnedStamp,,,2024-07-23
INT-B5EAD3BD,USR-3B301F2E,EarnedStamp,,,2024-03-23
INT-B20BB900,USR-11E1C4DE,EarnedStamp,,,2026-02-04
INT-62406ED0,USR-BCFA392F,EarnedStamp,,,2025-05-28
INT-8C98403D,USR-9E6F7AC6,LoggedIn,,,2025-10-05
INT-CD91F1B0,USR-2DA3012D,LoggedIn,,,2025-11-11
INT-0D79ED83,USR-DBFE9226,LoggedIn,,,2025-03-20
INT-A12544AE,USR-BEEAA1DA,LoggedIn,,,2024-03-21
INT-A6E1B080,USR-53A94995,LoggedIn,,,2024-07-16
INT-43E59445,USR-EC28C8E2,LoggedIn,,,2025-05-21
INT-D013B576,USR-2CC8E54A,EarnedStamp,,,2025-08-15
INT-E824C81E,USR-7A8E193C,LoggedIn,,,2025-07-18
INT-5E32C988,USR-005378CF,LoggedIn,,,2025-06-25
INT-B9E60C10,USR-D19F0690,EngagedCampaign,CAMP-007,Morning Commuter Bonus,2024-03-14
INT-7126ACFB,USR-4020666C,EarnedStamp,,,2024-08-24
INT-FCAE4361,USR-864BD9B5,LoggedIn,,,2025-07-20
INT-2886BE1A,USR-ECD8EB36,EarnedStamp,,,2025-09-21
INT-1054981E,USR-7600A84A,LoggedIn,,,2024-11-14
INT-217914BB,USR-ADC83BE7,EarnedStamp,,,2024-11-27
INT-BE93C49D,USR-E910C2B4,LoggedIn,,,2025-11-30
INT-C361DC18,USR-4058528B,LoggedIn,,,2025-02-24
INT-61ABF89C,USR-A289D170,LoggedIn,,,2025-07-03
INT-3B8A3DA7,USR-74B80D0B,LoggedIn,,,2025-02-20
INT-6050F251,USR-8464F293,LoggedIn,,,2024-05-17
INT-0C7F4839,USR-7A8E193C,EngagedCampaign,CAMP-002,Winter Reward,2025-06-12
INT-B0744739,USR-DB6AA5E3,LoggedIn,,,2025-01-13
INT-A9A83E68,USR-818A03F8,EarnedStamp,,,2025-11-14
INT-5EDF2764,USR-8C59047E,EarnedStamp,,,2024-03-07
INT-8C8E9FAD,USR-ACD1B747,LoggedIn,,,2024-03-20
INT-FC79C197,USR-889A4DC0,LoggedIn,,,2025-08-25
INT-1FBF3F54,USR-48FFA3FD,EarnedStamp,,,2026-02-17
INT-A51546E3,USR-137123E3,EarnedStamp,,,2024-04-28
INT-C7664A05,USR-6FF0FFDE,EarnedStamp,,,2025-04-20
INT-4112F11F,USR-72397CD1,LoggedIn,,,2025-02-04
INT-2CE7750F,USR-C0550C06,LoggedIn,,,2024-12-21
INT-B2DFC17D,USR-500491A3,EngagedCampaign,CAMP-006,Hydration Challenge,2024-03-12
INT-04BFAD08,USR-BBDE6D92,LoggedIn,,,2024-08-14
INT-5E08837F,USR-8D9CC247,LoggedIn,,,2025-10-09
INT-BBD7AC60,USR-00A95BB2,LoggedIn,,,2024-06-03
INT-A0A61544,USR-77136ACA,EarnedStamp,,,2025-08-15
INT-2D469C49,USR-92E67091,EarnedStamp,,,2024-07-14
INT-BD02D5DA,USR-47985259,EarnedStamp,,,2024-03-18
INT-C2D6ECD7,USR-AE4BA1B7,EarnedStamp,,,2025-05-04
INT-971FEC9D,USR-368F45FE,LoggedIn,,,2025-09-15
INT-E6E62F6B,USR-51C62A0E,LoggedIn,,,2025-09-15
INT-7DA85059,USR-996747D1,LoggedIn,,,2024-08-19
INT-E2A2D978,USR-9B7C461A,LoggedIn,,,2025-04-05
INT-0A3CE9EB,USR-062DD25B,LoggedIn,,,2024-12-29
INT-2C327ADA,USR-8E21F360,EngagedCampaign,CAMP-008,Regional Special,2025-07-29
INT-4834C9D3,USR-418B6EDC,LoggedIn,,,2024-07-10
INT-74648CB3,USR-87193EF0,EngagedCampaign,CAMP-002,Winter Reward,2024-12-14
INT-C7D98F09,USR-4EA2F8E2,LoggedIn,,,2024-10-01
INT-3384FD15,USR-FD035E60,EarnedStamp,,,2025-12-21
INT-B9679C6C,USR-96D1626B,EarnedStamp,,,2025-01-28
INT-8998CA90,USR-78E654EA,EngagedCampaign,CAMP-006,Hydration Challenge,2024-10-30
INT-FD2E1CEB,USR-ED6B2857,EarnedStamp,,,2024-10-21
INT-F16415B2,USR-6C9187CF,LoggedIn,,,2025-02-16
INT-B19D17E0,USR-B7C18AEF,EarnedStamp,,,2024-05-13
INT-FEF5A592,USR-5B6E739B,LoggedIn,,,2024-03-31
INT-77181C1B,USR-2FADFA42,EngagedCampaign,CAMP-008,Regional Special,2024-12-06
INT-D4569CE8,USR-2DFA449C,EngagedCampaign,CAMP-004,Spring Fresh Start,2025-10-06
INT-C7ADBED0,USR-6975BC1C,LoggedIn,,,2026-02-05
INT-7FF8E00E,USR-48F8D309,EarnedStamp,,,2024-07-19
INT-469F0EAC,USR-9F897E87,EngagedCampaign,CAMP-002,Winter Reward,2024-07-26
INT-16CE8827,USR-7AAF0E69,LoggedIn,,,2025-06-07
INT-38697ACC,USR-90E377C8,EngagedCampaign,CAMP-001,Natsu Summer Campaign,2024-10-22
INT-EB555F7B,USR-8DA576DC,LoggedIn,,,2025-12-27
INT-B7D18993,USR-15C48C96,EarnedStamp,,,2025-07-27
INT-059A1D4E,USR-7E87DC22,EngagedCampaign,CAMP-008,Regional Special,2024-04-30
INT-299828DF,USR-D69D18B6,EarnedStamp,,,2025-05-19
INT-647351CB,USR-F7D4095B,LoggedIn,,,2025-02-24
INT-8BBD1FC3,USR-66140D2A,LoggedIn,,,2024-06-26
INT-1C7F8173,USR-E0DBB996,LoggedIn,,,2025-08-19
INT-3F566E8A,USR-20C2EA44,LoggedIn,,,2024-03-25
INT-DDA9C422,USR-259E8424,EngagedCampaign,CAMP-007,Morning Commuter Bonus,2025-10-19
INT-CB0621A5,USR-9EEF410F,EngagedCampaign,CAMP-008,Regional Special,2026-02-02
INT-39AE5DD8,USR-D95C67C7,EarnedStamp,,,2024-09-09
INT-E14E52BB,USR-FC9CFB21,EngagedCampaign,CAMP-004,Spring Fresh Start,2025-04-07
INT-F3ED5290,USR-2FADFA42,LoggedIn,,,2025-07-09
INT-EF620D8B,USR-2A7C68BF,LoggedIn,,,2025-04-17
INT-663BDD7E,USR-6DB5391F,EarnedStamp,,,2024-06-28
INT-8C7E57AD,USR-3E9B8D02,LoggedIn,,,2026-02-28
INT-E828DB58,USR-EA442E11,EngagedCampaign,CAMP-008,Regional Special,2024-08-21
INT-4EFD8EEC,USR-FC7DFEF6,EarnedStamp,,,2024-03-20
INT-B7809A2C,USR-2FC13830,EngagedCampaign,CAMP-005,Weekend Double Stamps,2026-02-11
INT-B6AD7165,USR-B9B8521F,LoggedIn,,,2024-05-31
INT-0D8A4FEE,USR-71C6450E,LoggedIn,,,2024-12-27
INT-8241996F,USR-993D897E,EngagedCampaign,CAMP-003,Georgia Points Boost,2024-10-04
INT-890C1255,USR-EAC539FE,EarnedStamp,,,2025-12-25
INT-14D6D4B0,USR-B9B8521F,EarnedStamp,,,2024-05-30
INT-3D1E2614,USR-1453618B,EarnedStamp,,,2025-08-18
INT-3494CDFD,USR-A1A63B62,LoggedIn,,,2025-09-03
INT-3377DEB9,USR-9EEF410F,LoggedIn,,,2025-01-01
INT-1A5E2A8A,USR-005378CF,LoggedIn,,,2024-07-13
INT-34F02EA4,USR-9F897E87,EarnedStamp,,,2025-01-22
INT-AD7A7C7E,USR-20D3933B,EarnedStamp,,,2024-03-10
INT-1181D790,USR-2878820A,EngagedCampaign,CAMP-005,Weekend Double Stamps,2024-06-22
INT-DF20E266,USR-862702F8,EngagedCampaign,CAMP-003,Georgia Points Boost,2024-09-22
INT-83741021,USR-40549955,LoggedIn,,,2024-08-11
INT-5ABA78CC,USR-FB256CF6,EarnedStamp,,,2024-05-20
INT-62C830D2,USR-B199C545,LoggedIn,,,2025-11-09
INT-257E89E9,USR-CCA59BE6,LoggedIn,,,2025-12-28
INT-A46E31F1,USR-276C3B8A,LoggedIn,,,2025-09-17
INT-FAFA83A2,USR-1CF10005,EarnedStamp,,,2024-05-12
INT-D503781E,USR-9CA98CA6,EarnedStamp,,,2026-02-12
INT-27D9611C,USR-79BCE8A8,EarnedStamp,,,2025-05-12
INT-92763C3D,USR-28E105F8,EarnedStamp,,,2024-03-22
INT-888D1894,USR-2174DAA1,EngagedCampaign,CAMP-007,Morning Commuter Bonus,2025-01-30
INT-0DB7BCF6,USR-66140D2A,LoggedIn,,,2025-08-23
INT-A896DB39,USR-EC28C8E2,EarnedStamp,,,2024-07-30
INT-9D8B0611,USR-D8D6B05E,EarnedStamp,,,2024-05-13
INT-4FE7CEF5,USR-D04F0D1C,EarnedStamp,,,2024-04-09
INT-CA86877D,USR-934AE569,EngagedCampaign,CAMP-006,Hydration Challenge,2025-02-25
INT-93AC58D4,USR-4A6C8C20,LoggedIn,,,2025-07-10
INT-86985F87,USR-FB256CF6,EarnedStamp,,,2025-08-11
INT-CA0B6F5A,USR-C6D143FA,LoggedIn,,,2024-10-12
INT-FB314D38,USR-4474FD9D,EngagedCampaign,CAMP-002,Winter Reward,2025-07-22
INT-6CB90119,USR-8DA576DC,LoggedIn,,,2024-11-30
INT-E6E7E4A4,USR-DFC2F878,LoggedIn,,,2024-03-23
INT-B46F9C11,USR-237AAECA,EarnedStamp,,,2025-06-29
INT-636BF679,USR-1982B4F0,EarnedStamp,,,2024-07-24
INT-87A82BEC,USR-43C00CE7,EarnedStamp,,,2024-10-27
INT-830B64EC,USR-2EF2D5B7,EngagedCampaign,CAMP-004,Spring Fresh Start,2024-07-28
INT-B4BDF1AA,USR-4F60DBCD,LoggedIn,,,2025-02-02
INT-30AC8D95,USR-C6707CC3,EarnedStamp,,,2024-08-02
INT-965F34E2,USR-005378CF,EngagedCampaign,CAMP-001,Natsu Summer Campaign,2025-06-17
INT-4AC11034,USR-4EA2F8E2,LoggedIn,,,2025-04-21
INT-8FE6B76C,USR-48FFA3FD,EngagedCampaign,CAMP-004,Spring Fresh Start,2025-08-28
INT-7F31AC45,USR-C6C23A4B,EarnedStamp,,,2025-07-26
INT-CD6513BF,USR-592825BE,EarnedStamp,,,2026-02-19
INT-5C36E9A0,USR-96F19EDC,EarnedStamp,,,2025-08-16
INT-51C061FC,USR-F52396D9,LoggedIn,,,2024-10-14
INT-360CD2C5,USR-2878820A,EarnedStamp,,,2025-04-04
INT-FB458CB7,USR-1FD044C8,LoggedIn,,,2026-01-25
INT-A4294D6B,USR-47D0BBC5,EarnedStamp,,,2024-09-07
INT-B432BBA5,USR-D08E48AF,LoggedIn,,,2024-12-25
INT-A4430429,USR-D88345D4,EarnedStamp,,,2024-09-22
INT-592B1E42,USR-917AFBFD,EarnedStamp,,,2025-03-31
INT-3B8AC2F6,USR-C808B976,EarnedStamp,,,2024-08-08
INT-8AFD7B9D,USR-4CA74FEF,LoggedIn,,,2025-01-09
INT-E41FB9CF,USR-3DCF8B46,LoggedIn,,,2024-10-02
INT-A65E6FDC,USR-B681A362,LoggedIn,,,2024-03-19
INT-172ED626,USR-D95C67C7,EngagedCampaign,CAMP-005,Weekend Double Stamps,2026-01-01
INT-76579063,USR-AF96F555,EngagedCampaign,CAMP-007,Morning Commuter Bonus,2024-05-11
INT-2102EABA,USR-CA703ACB,EarnedStamp,,,2025-06-08
INT-3B226948,USR-4CA74FEF,LoggedIn,,,2024-08-21
INT-E5318812,USR-86EF74E8,EarnedStamp,,,2025-01-19
INT-BA6D4F1C,USR-B2BACBDF,EarnedStamp,,,2025-04-18
INT-6F7FF9D6,USR-1C678179,EarnedStamp,,,2025-07-17
INT-44F1DC09,USR-61DECA24,LoggedIn,,,2026-02-12
INT-EE7C0ED0,USR-24108AEF,EarnedStamp,,,2025-06-14
INT-2A8A8CE8,USR-0ADFEBC7,EngagedCampaign,CAMP-001,Natsu Summer Campaign,2024-06-16
INT-EFED957D,USR-C6D143FA,LoggedIn,,,2025-04-23
INT-B9FC0A50,USR-3B301F2E,EngagedCampaign,CAMP-006,Hydration Challenge,2024-04-08
INT-456EEFEE,USR-AC4BCC07,LoggedIn,,,2025-07-01
INT-AA37924A,USR-43C00CE7,LoggedIn,,,2024-05-18
INT-256B3515,USR-505FAD88,LoggedIn,,,2026-01-27
INT-557CF5AA,USR-0289E4B2,LoggedIn,,,2024-04-17
INT-B0C4ABCC,USR-4EA2F8E2,LoggedIn,,,2025-05-31
INT-E089C288,USR-D313C2BD,LoggedIn,,,2025-10-09
INT-18154D57,USR-A61CDC2B,LoggedIn,,,2025-06-10
INT-4D8A3777,USR-E61B3192,LoggedIn,,,2026-02-06
INT-0D70AAB1,USR-989E627E,LoggedIn,,,2024-12-29
INT-731428C1,USR-0ADFEBC7,EarnedStamp,,,2025-05-27
INT-204C6196,USR-07B22563,EngagedCampaign,CAMP-007,Morning Commuter Bonus,2024-08-20
INT-A93D1D5F,USR-AE833573,LoggedIn,,,2026-02-13
INT-72ED49DD,USR-47985259,EarnedStamp,,,2026-01-19
INT-AC9E8E18,USR-FC9CFB21,LoggedIn,,,2025-05-12
INT-0C7341FE,USR-FEA4BAEA,LoggedIn,,,2024-03-06
INT-12D785A2,USR-72397CD1,EngagedCampaign,CAMP-006,Hydration Challenge,2025-07-19
INT-CC5C65BB,USR-6E2AFC08,LoggedIn,,,2025-07-07
INT-5C16B23B,USR-CEFA08DB,EngagedCampaign,CAMP-005,Weekend Double Stamps,2024-11-14
INT-B7AF519E,USR-4EA2F8E2,EarnedStamp,,,2024-04-01
INT-7319EC6A,USR-2B28EB48,LoggedIn,,,2025-12-19
INT-D6A70F15,USR-154E2B2C,EarnedStamp,,,2024-05-27
INT-274C628C,USR-438AE6D3,EarnedStamp,,,2026-01-12
INT-1433B47C,USR-E5ECAFC2,EngagedCampaign,CAMP-002,Winter Reward,2026-01-06
INT-C0B75516,USR-87193EF0,LoggedIn,,,2024-08-29
INT-C01C7312,USR-917AFBFD,EarnedStamp,,,2025-06-10
INT-51D89FFF,USR-D121A091,EarnedStamp,,,2025-12-06
INT-D8137CB2,USR-74C8A93C,LoggedIn,,,2024-11-20
INT-B1F0E6EA,USR-AF96F555,EarnedStamp,,,2026-02-23
INT-20C7BBFD,USR-356532BE,LoggedIn,,,2025-06-24
INT-8D55896A,USR-C265538A,EngagedCampaign,CAMP-004,Spring Fresh Start,2024-09-20
INT-269B444C,USR-6AE68BC1,EarnedStamp,,,2025-02-11
INT-402D9651,USR-EAC539FE,EarnedStamp,,,2024-08-02
INT-33700CF1,USR-0ADFEBC7,EarnedStamp,,,2025-09-25
INT-2EBF0EEF,USR-DBFE9226,LoggedIn,,,2024-08-08
INT-C81DB4EF,USR-40549955,EarnedStamp,,,2024-09-23
INT-E2315A29,USR-1FD044C8,EngagedCampaign,CAMP-002,Winter Reward,2024-05-31
INT-61441C06,USR-ADD12C4E,LoggedIn,,,2024-04-04
INT-5F2EB455,USR-12060EB6,LoggedIn,,,2025-11-11
INT-5803A921,USR-39F04295,LoggedIn,,,2025-01-15
INT-A33348F0,USR-B180A97A,LoggedIn,,,2024-05-12
INT-52BF6A00,USR-377E01DF,LoggedIn,,,2024-05-08
INT-01C4486B,USR-28E105F8,LoggedIn,,,2024-03-25
INT-76455621,USR-2FA966AC,LoggedIn,,,2025-07-12
INT-9E560F54,USR-F12444C3,LoggedIn,,,2025-09-09
INT-5DF5927D,USR-AE4E92FD,LoggedIn,,,2024-10-28
INT-5BEC2374,USR-CBDAD041,LoggedIn,,,2025-12-18
INT-ECF15DB4,USR-97AE3DF4,EngagedCampaign,CAMP-008,Regional Special,2024-07-03
INT-C9DCA5B3,USR-87193EF0,LoggedIn,,,2025-08-27
INT-9AD46640,USR-C808B976,EarnedStamp,,,2026-01-13
INT-7423BB5C,USR-CBDAD041,EarnedStamp,,,2024-09-12
INT-AAFFD17F,USR-AC4BCC07,EarnedStamp,,,2024-03-10
INT-36302102,USR-CEE2DCB2,LoggedIn,,,2024-05-16
INT-A6B7B1BC,USR-05684EC6,EngagedCampaign,CAMP-006,Hydration Challenge,2024-07-23
INT-CB88536E,USR-1FD044C8,LoggedIn,,,2024-03-22
INT-B6A4C749,USR-81074D2F,EarnedStamp,,,2025-05-08
INT-45ECB436,USR-356532BE,EarnedStamp,,,2025-08-18
INT-E9DF0936,USR-035859B1,LoggedIn,,,2024-06-12
INT-049AA53C,USR-305C16A9,EarnedStamp,,,2025-03-26
INT-CF1EDD62,USR-43C00CE7,LoggedIn,,,2024-11-05
INT-437CCA4D,USR-F72C9B34,EarnedStamp,,,2024-10-19
INT-81DAFB27,USR-8FF0D4B5,LoggedIn,,,2025-05-24
INT-4A3454B4,USR-A72F7B80,EngagedCampaign,CAMP-005,Weekend Double Stamps,2025-04-14
INT-5A98753E,USR-E149363D,LoggedIn,,,2024-05-28
INT-945D6C4D,USR-3625DF12,LoggedIn,,,2025-06-12
INT-7EAE591F,USR-7486C640,LoggedIn,,,2024-11-08
INT-7378396F,USR-6E2AFC08,LoggedIn,,,2024-11-26
INT-59F3AF1B,USR-68AB3DF3,LoggedIn,,,2025-01-11
INT-BA7BDCF0,USR-356532BE,LoggedIn,,,2025-03-14
INT-E5E73189,USR-5C0226C5,LoggedIn,,,2025-10-04
INT-94EB8E11,USR-A18406EA,EarnedStamp,,,2024-08-27
INT-C27C68B8,USR-996747D1,LoggedIn,,,2024-04-28
INT-1AB2FC67,USR-3B301F2E,EarnedStamp,,,2026-01-30
INT-4C06274D,USR-A9AC57D6,LoggedIn,,,2025-03-09
INT-1FCD733C,USR-51071089,LoggedIn,,,2025-11-23
INT-59CE62BC,USR-85BF7BE2,EarnedStamp,,,2025-03-02
INT-702BA6FC,USR-45D59873,LoggedIn,,,2025-04-14
INT-F02BD8AF,USR-A4A32359,LoggedIn,,,2024-04-27
INT-F5FA4CD5,USR-F1DF2170,LoggedIn,,,2025-02-26
INT-EAAFD433,USR-2F362EC0,EarnedStamp,,,2024-04-14
INT-FB1A6688,USR-6975BC1C,EngagedCampaign,CAMP-002,Winter Reward,2025-08-14
INT-98E36353,USR-3DCF8B46,LoggedIn,,,2025-06-13
INT-D16911CE,USR-60D6FDEC,LoggedIn,,,2024-06-11
INT-FA9668DF,USR-E8E1B153,EngagedCampaign,CAMP-002,Winter Reward,2024-09-17
INT-B7BCF20E,USR-20FB714E,EarnedStamp,,,2024-04-06
INT-E5326308,USR-062D1DA6,LoggedIn,,,2024-09-21
INT-01821C6A,USR-145369A1,LoggedIn,,,2024-09-15
INT-B78F5A58,USR-45D59873,LoggedIn,,,2026-01-20
INT-14895F46,USR-634CFE27,EarnedStamp,,,2025-06-03
INT-CC50B22A,USR-8FF0D4B5,EngagedCampaign,CAMP-001,Natsu Summer Campaign,2025-01-29
INT-5D504301,USR-B4F817A8,LoggedIn,,,2025-08-04
INT-66E36B0C,USR-E149363D,EarnedStamp,,,2025-09-23
INT-1B94D57C,USR-8AB59DF2,EngagedCampaign,CAMP-005,Weekend Double Stamps,2025-11-06
INT-FC4468C0,USR-EEF1C3C3,EngagedCampaign,CAMP-003,Georgia Points Boost,2025-09-09
INT-860818A2,USR-DA40442E,LoggedIn,,,2025-11-04
INT-79A8E74A,USR-A72F7B80,LoggedIn,,,2024-12-14
INT-0962D7A8,USR-89894EE7,LoggedIn,,,2025-03-04
INT-8383BD3D,USR-BF6B6625,LoggedIn,,,2024-11-10
INT-D7EC9AF9,USR-7468677B,LoggedIn,,,2024-05-04
INT-9D1E0442,USR-15B036A8,EarnedStamp,,,2025-10-07
INT-5557CE84,USR-97AE3DF4,LoggedIn,,,2026-02-20
INT-B625A4E7,USR-168A5A0B,EarnedStamp,,,2025-02-16
INT-6D6405D1,USR-1D470D6C,LoggedIn,,,2024-10-24
INT-DEC5A0FB,USR-2D3A7D6E,LoggedIn,,,2024-07-08
INT-36942201,USR-B681A362,EarnedStamp,,,2025-11-13
INT-A50E014C,USR-A289D170,LoggedIn,,,2025-09-20
INT-2FA0566E,USR-BEEAA1DA,LoggedIn,,,2025-09-08
INT-10C29B35,USR-5D4C5CEA,EarnedStamp,,,2024-08-31
INT-A1739854,USR-F3657B1A,LoggedIn,,,2025-11-24
INT-D7FD114F,USR-8464F293,EarnedStamp,,,2025-03-10
INT-4CFC248C,USR-DF6CF97D,LoggedIn,,,2025-10-04
INT-5A4B175F,USR-4474FD9D,LoggedIn,,,2025-06-09
INT-15706B42,USR-A289D170,EarnedStamp,,,2026-02-03
INT-275496E1,USR-E0DBB996,EarnedStamp,,,2025-11-18
INT-C25D54A7,USR-3E0BDCE6,LoggedIn,,,2025-08-16
INT-ACF3B143,USR-4CB6EEDB,EngagedCampaign,CAMP-006,Hydration Challenge,2026-02-03
INT-36751732,USR-47985259,EarnedStamp,,,2025-05-21
INT-D7A375F7,USR-C3DB1FAE,LoggedIn,,,2025-03-26
INT-94D6681B,USR-8520327C,EngagedCampaign,CAMP-004,Spring Fresh Start,2025-12-16
INT-D638A0D4,USR-7A975D46,EarnedStamp,,,2025-07-01
INT-71F078FA,USR-B180A97A,EarnedStamp,,,2025-03-23
INT-202D25F5,USR-C8AB6402,EarnedStamp,,,2025-08-16
INT-D26720CC,USR-BA9A1EE4,LoggedIn,,,2025-02-01
INT-180E436F,USR-36FB866E,EngagedCampaign,CAMP-002,Winter Reward,2024-12-17
INT-62FC5AD0,USR-DBFE9226,EngagedCampaign,CAMP-003,Georgia Points Boost,2025-03-20
INT-9A8B38A8,USR-71C6450E,EngagedCampaign,CAMP-002,Winter Reward,2024-03-05
INT-3698033D,USR-368F45FE,LoggedIn,,,2024-04-21
INT-8BC46538,USR-BA17B4F5,LoggedIn,,,2025-01-24
INT-A8221134,USR-37CF0E89,EarnedStamp,,,2025-12-12
INT-5095960C,USR-E55EBEAD,LoggedIn,,,2025-08-18
INT-65C91233,USR-54C494AC,LoggedIn,,,2024-10-15
INT-817475E7,USR-2D3A7D6E,LoggedIn,,,2024-08-25
INT-6A80A4C0,USR-4058528B,EarnedStamp,,,2024-11-06
INT-B3196DD8,USR-6FF0FFDE,EngagedCampaign,CAMP-003,Georgia Points Boost,2025-04-10
INT-02FE17E0,USR-6C9187CF,EngagedCampaign,CAMP-001,Natsu Summer Campaign,2026-02-26
INT-A0682380,USR-D93FE2BC,EarnedStamp,,,2025-04-12
INT-1F62C4FE,USR-888AD4CB,LoggedIn,,,2025-11-24
INT-E62059EC,USR-A6DC3A41,LoggedIn,,,2025-06-26
INT-483433BA,USR-7ECA9470,EarnedStamp,,,2024-08-19
INT-AA0E5178,USR-9CBD7FA7,EngagedCampaign,CAMP-002,Winter Reward,2025-11-24
INT-24711CE0,USR-5A94A7CB,EngagedCampaign,CAMP-001,Natsu Summer Campaign,2025-01-28
INT-DCAED3F0,USR-035859B1,EngagedCampaign,CAMP-001,Natsu Summer Campaign,2025-03-21
INT-BE9F99E1,USR-E12542B8,EarnedStamp,,,2024-10-30
INT-CD5FD9E2,USR-5964DD23,EarnedStamp,,,2024-07-20
INT-B8A7CC70,USR-EE91CC87,EarnedStamp,,,2025-07-16
INT-065B586F,USR-BA17B4F5,EarnedStamp,,,2025-04-14
INT-6F44C2C3,USR-53FE2B1F,EarnedStamp,,,2024-11-17
INT-9FA41ADA,USR-FEA4BAEA,EarnedStamp,,,2024-04-18
INT-DEC4637A,USR-2994D295,LoggedIn,,,2025-07-02
INT-BA9ECF5E,USR-05B8A84E,LoggedIn,,,2024-05-31
INT-E9FFCBFD,USR-C6D143FA,EarnedStamp,,,2024-07-24
INT-D832DBEB,USR-8E1E3EB9,EngagedCampaign,CAMP-003,Georgia Points Boost,2024-06-25
INT-EBE82D14,USR-1AF6B033,LoggedIn,,,2024-05-08
INT-3BD573B2,USR-818A03F8,LoggedIn,,,2026-01-23
INT-54971A93,USR-5DDDCDA0,EarnedStamp,,,2025-10-30
INT-C7F6A75C,USR-DBFE9226,EngagedCampaign,CAMP-003,Georgia Points Boost,2025-06-05
INT-98C33DF3,USR-2F96E890,LoggedIn,,,2024-03-17
INT-4202ACC6,USR-3E9B8D02,EarnedStamp,,,2025-09-03
INT-DDFDDCBA,USR-B58F9776,LoggedIn,,,2024-12-23
INT-F04B2848,USR-7E74545A,LoggedIn,,,2024-11-11
INT-7C9CC5B5,USR-2DA3012D,EarnedStamp,,,2025-05-14
INT-039064E1,USR-7ADB17F7,LoggedIn,,,2025-10-17
INT-E9527D93,USR-D08B729C,EarnedStamp,,,2025-05-09
INT-DCBD6309,USR-A6978FE4,EngagedCampaign,CAMP-007,Morning Commuter Bonus,2024-10-15
INT-2ED62884,USR-EEF1C3C3,EarnedStamp,,,2025-06-03
INT-1AF5DC33,USR-DBFE9226,LoggedIn,,,2025-03-30
INT-128E4201,USR-7EE707E8,LoggedIn,,,2025-07-27
INT-7D02EE19,USR-3BC92C11,EngagedCampaign,CAMP-002,Winter Reward,2024-07-30
INT-7DDD52DE,USR-ACD1B747,EarnedStamp,,,2024-03-10
INT-B750E424,USR-D8D6B05E,LoggedIn,,,2025-12-18
INT-A7D9F1CE,USR-ADDB4E6E,LoggedIn,,,2026-01-24
INT-9DC8988C,USR-6E2AFC08,EarnedStamp,,,2024-03-22
INT-9A56B3C0,USR-EA7E1517,EarnedStamp,,,2026-01-31
INT-BA7C708F,USR-FB256CF6,LoggedIn,,,2024-05-07
INT-38233086,USR-5964DD23,LoggedIn,,,2026-02-05
INT-E4591E29,USR-B681A362,EngagedCampaign,CAMP-007,Morning Commuter Bonus,2024-08-11
INT-A82E929A,USR-21459E6B,LoggedIn,,,2024-09-23
INT-40137A44,USR-4AE5805B,EarnedStamp,,,2025-10-27
INT-71A17D3C,USR-ADDB4E6E,LoggedIn,,,2024-12-12
INT-BD32BC4A,USR-69D75EAF,EarnedStamp,,,2025-10-19
INT-4263603B,USR-A6978FE4,EngagedCampaign,CAMP-006,Hydration Challenge,2024-05-23
INT-62A7B27D,USR-6DBA443B,EarnedStamp,,,2025-02-08
INT-483D02A0,USR-9F897E87,LoggedIn,,,2025-08-25
INT-FE2BD9E4,USR-3DCF8B46,EarnedStamp,,,2025-10-10
INT-B2DB4281,USR-154E2B2C,LoggedIn,,,2024-03-22
INT-EABA8B83,USR-F72C9B34,EngagedCampaign,CAMP-007,Morning Commuter Bonus,2026-02-27
INT-8D47D73D,USR-917AFBFD,LoggedIn,,,2024-07-15
INT-1066595A,USR-DB435ABC,EngagedCampaign,CAMP-004,Spring Fresh Start,2026-02-19
INT-4FA51C28,USR-77136ACA,EarnedStamp,,,2025-10-15
INT-5BC3DC24,USR-8D328C6B,LoggedIn,,,2024-06-16
INT-BC2EC7A9,USR-2878820A,LoggedIn,,,2025-04-05
INT-19CB9BE8,USR-4EA2F8E2,LoggedIn,,,2024-10-19
INT-3BDD96F6,USR-005378CF,EarnedStamp,,,2024-05-25
INT-D73E526E,USR-B478AEB3,LoggedIn,,,2024-10-19
INT-AADDD1F0,USR-329094A0,LoggedIn,,,2025-02-07
INT-DBC4C1C5,USR-12060EB6,EarnedStamp,,,2024-09-10
INT-E02F1D88,USR-4597B3E6,EarnedStamp,,,2026-01-10
INT-A2D97305,USR-2FBBD898,LoggedIn,,,2025-11-19
INT-5C3BC199,USR-3BC92C11,LoggedIn,,,2025-08-23
INT-64B933F6,USR-00A95BB2,LoggedIn,,,2025-12-28
INT-611ACF98,USR-DBB7F267,EarnedStamp,,,2024-10-14
INT-2A85C189,USR-EEA65C2F,EarnedStamp,,,2025-02-05
INT-A37E0F16,USR-F8405179,EarnedStamp,,,2024-05-03
INT-403292A5,USR-51C62A0E,LoggedIn,,,2026-01-21
INT-A08F728C,USR-CEFA08DB,LoggedIn,,,2025-04-01
INT-A102B67B,USR-9B5C55CE,LoggedIn,,,2025-10-11
INT-C73EB0D2,USR-18DEFBE3,EarnedStamp,,,2024-09-24
INT-4597351F,USR-8C59047E,LoggedIn,,,2024-04-10
INT-65795BD8,USR-C6C23A4B,LoggedIn,,,2024-03-29
INT-A219FF1B,USR-A61CDC2B,LoggedIn,,,2024-05-06
INT-2CDD97BB,USR-6258282A,LoggedIn,,,2025-07-18
INT-D0F3B33F,USR-996747D1,EngagedCampaign,CAMP-008,Regional Special,2025-04-27
INT-14761CC8,USR-987132E0,LoggedIn,,,2025-01-06
INT-91EE904E,USR-9795232E,EngagedCampaign,CAMP-007,Morning Commuter Bonus,2025-09-11
INT-6DE318BF,USR-A19DC31D,EngagedCampaign,CAMP-008,Regional Special,2024-07-31
INT-8404506C,USR-4CA74FEF,LoggedIn,,,2025-02-10
INT-7846C3F4,USR-4AE5805B,EngagedCampaign,CAMP-004,Spring Fresh Start,2025-05-02
INT-F4BC9BAF,USR-4020666C,LoggedIn,,,2026-02-05
INT-852768E9,USR-1917C70A,LoggedIn,,,2025-05-30
INT-43CFBF86,USR-137123E3,LoggedIn,,,2025-01-01
INT-D0B86931,USR-EA33F11E,EarnedStamp,,,2024-06-13
INT-3203ABDD,USR-77136ACA,EarnedStamp,,,2025-08-05
INT-E7CAD1A9,USR-B199C545,EarnedStamp,,,2024-09-26
INT-0FA705B5,USR-DB40BDB5,LoggedIn,,,2025-11-10
INT-A2546E77,USR-500491A3,EarnedStamp,,,2024-09-21
INT-288681A3,USR-864BD9B5,EarnedStamp,,,2025-10-28
INT-ADC52E56,USR-5964DD23,EarnedStamp,,,2025-01-03
INT-411B400D,USR-F7D4095B,LoggedIn,,,2024-03-30
INT-E321644E,USR-E65D3809,LoggedIn,,,2025-07-28
INT-400F6A74,USR-F72C9B34,LoggedIn,,,2024-10-16
INT-51046E04,USR-A61CDC2B,EngagedCampaign,CAMP-003,Georgia Points Boost,2025-06-05
INT-B2CC3268,USR-630E5708,LoggedIn,,,2025-02-25
INT-2CFD01C1,USR-4A6C8C20,EngagedCampaign,CAMP-001,Natsu Summer Campaign,2024-11-04
INT-941A98BC,USR-2878820A,EarnedStamp,,,2024-04-09
INT-AB5E37A4,USR-2EF2D5B7,EarnedStamp,,,2024-06-30
INT-C6DF0CE2,USR-77136ACA,LoggedIn,,,2024-12-01
INT-98293137,USR-4337024D,EarnedStamp,,,2025-12-08
INT-EDAAF8CE,USR-E30ACCB9,EngagedCampaign,CAMP-006,Hydration Challenge,2024-03-03
INT-3AAE2AC4,USR-69D75EAF,EngagedCampaign,CAMP-002,Winter Reward,2025-09-29
INT-2392B4B3,USR-BE4394B5,EarnedStamp,,,2024-03-04
INT-A2C76D4F,USR-A05A0812,LoggedIn,,,2025-09-23
INT-F9B92CF9,USR-5D437DD6,EarnedStamp,,,2025-04-09
INT-333A84CB,USR-098DA84F,LoggedIn,,,2024-07-25
INT-A1EAC89B,USR-F12444C3,LoggedIn,,,2025-06-10
INT-BD1BAA73,USR-D676BC80,LoggedIn,,,2024-03-10
INT-2D72D1A2,USR-5964DD23,LoggedIn,,,2025-02-05
INT-073C5682,USR-F52396D9,EngagedCampaign,CAMP-002,Winter Reward,2025-07-23
INT-D5768ABA,USR-41F09551,EarnedStamp,,,2025-10-15
INT-28892984,USR-7E74545A,LoggedIn,,,2024-11-13
INT-D540FB92,USR-47D0BBC5,EarnedStamp,,,2024-07-31
INT-DC9D28F3,USR-9795232E,EarnedStamp,,,2025-10-24
INT-2DAC7EC2,USR-23013125,LoggedIn,,,2025-10-17
INT-89E7E1B8,USR-B3727ECC,EarnedStamp,,,2025-07-17
INT-00A9F0FF,USR-DB6AA5E3,EarnedStamp,,,2025-01-28
INT-77610C24,USR-54C494AC,LoggedIn,,,2024-12-29
INT-1A8FBA31,USR-BCFA392F,LoggedIn,,,2025-03-19
INT-7CC5C183,USR-9B5C55CE,LoggedIn,,,2024-06-21
INT-97C8045D,USR-62ADA4A2,EarnedStamp,,,2024-09-25
INT-03EF531D,USR-3DCF8B46,LoggedIn,,,2026-01-07
INT-60FE044F,USR-A7B6D368,EarnedStamp,,,2024-11-20
INT-9F7C0B5E,USR-934AE569,EarnedStamp,,,2025-10-08
INT-04AB896E,USR-DB2411D5,LoggedIn,,,2025-11-17
INT-EE806DAD,USR-4474FD9D,LoggedIn,,,2025-07-19
INT-93EAD217,USR-9B7C461A,LoggedIn,,,2024-10-18
INT-D0C50BD7,USR-96D1626B,EarnedStamp,,,2024-07-15
INT-7F7E7A0C,USR-BDA92546,EarnedStamp,,,2025-07-28
INT-60F9FBA3,USR-EFDE47EE,LoggedIn,,,2025-08-25
INT-29A175A6,USR-D580DAB4,LoggedIn,,,2024-06-08
INT-FBB8B238,USR-1737B808,LoggedIn,,,2024-04-09
INT-4B5F139E,USR-7ADB17F7,EarnedStamp,,,2025-02-21
INT-CE746A47,USR-AF96F555,LoggedIn,,,2025-12-29
INT-1017FBE3,USR-1AF6B033,LoggedIn,,,2025-10-10
INT-C556EBBE,USR-05684EC6,EarnedStamp,,,2025-08-12
INT-3D16FDB9,USR-944A90B6,EarnedStamp,,,2024-08-13
INT-5AE7CD1E,USR-FB7362C3,EarnedStamp,,,2026-02-10
INT-38F1C567,USR-253C3381,EarnedStamp,,,2025-07-03
INT-D501F0AA,USR-EA7E1517,EarnedStamp,,,2025-01-18
INT-6F54A1FF,USR-B7E99843,LoggedIn,,,2025-07-21
INT-823CADFD,USR-E9EE578F,EarnedStamp,,,2025-10-21
INT-22663E17,USR-19017363,EngagedCampaign,CAMP-006,Hydration Challenge,2024-04-07
INT-66976E72,USR-9818B6F4,EarnedStamp,,,2025-03-28
INT-8E2D89E2,USR-C3DB1FAE,LoggedIn,,,2025-12-27
INT-EA455E92,USR-48FFA3FD,LoggedIn,,,2025-06-14
INT-E0DEAAAD,USR-B2BACBDF,EngagedCampaign,CAMP-002,Winter Reward,2025-12-22
INT-B4693B4A,USR-66140D2A,LoggedIn,,,2025-04-17
INT-E6E9923B,USR-F1DF2170,EarnedStamp,,,2024-11-30
INT-F16EDBB4,USR-996747D1,EarnedStamp,,,2024-08-12
INT-8EE41EEA,USR-DB40BDB5,EngagedCampaign,CAMP-004,Spring Fresh Start,2025-08-25
INT-37B0A9AE,USR-AC4BCC07,EngagedCampaign,CAMP-005,Weekend Double Stamps,2025-01-14
INT-D10DA728,USR-C58E4128,LoggedIn,,,2025-06-15
INT-B287D369,USR-1A2AD4A5,EarnedStamp,,,2025-01-19
INT-227C418A,USR-3728614A,LoggedIn,,,2025-03-12
INT-63436738,USR-B180A97A,EngagedCampaign,CAMP-008,Regional Special,2024-05-08
INT-7ED7B1D5,USR-BCFA392F,EarnedStamp,,,2024-05-25
INT-47561754,USR-AF96F555,LoggedIn,,,2024-12-27
INT-ED2841D0,USR-5CE48D5B,EarnedStamp,,,2025-12-20
INT-A1CE0A29,USR-19017363,EarnedStamp,,,2025-12-10
INT-B5C758D7,USR-45D59873,LoggedIn,,,2024-09-14
INT-3AE9E080,USR-48FFA3FD,LoggedIn,,,2024-11-19
INT-4992CE9A,USR-9818B6F4,LoggedIn,,,2026-02-02
INT-36C8CC44,USR-EF376D1B,EarnedStamp,,,2025-09-06
INT-75EAB2F3,USR-20FB714E,EngagedCampaign,CAMP-004,Spring Fresh Start,2024-10-21
INT-46D1E9F1,USR-12060EB6,LoggedIn,,,2026-01-31
INT-8D25DB2E,USR-DD6340E4,EarnedStamp,,,2025-03-22
INT-AC948595,USR-6079B2F9,EngagedCampaign,CAMP-001,Natsu Summer Campaign,2025-10-19
INT-AD99C1EC,USR-66BABA34,LoggedIn,,,2025-04-07
INT-39A9AF8A,USR-CEFA08DB,EngagedCampaign,CAMP-001,Natsu Summer Campaign,2025-07-12
INT-A5CFC392,USR-4469367F,LoggedIn,,,2025-06-21
INT-7C933C53,USR-9818B6F4,EngagedCampaign,CAMP-006,Hydration Challenge,2025-05-06
INT-2FE739CB,USR-ADD12C4E,EngagedCampaign,CAMP-005,Weekend Double Stamps,2024-04-28
INT-82972949,USR-FB5437E8,EarnedStamp,,,2024-12-20
INT-59E3FD37,USR-20C2EA44,LoggedIn,,,2024-04-22
INT-B06619AE,USR-9B7C461A,LoggedIn,,,2024-12-20
INT-1FC20736,USR-3D84F1C9,EngagedCampaign,CAMP-006,Hydration Challenge,2024-07-16
INT-2E0C85B3,USR-3DBA5AC6,EarnedStamp,,,2025-07-07
INT-FF4A6E25,USR-996747D1,EarnedStamp,,,2025-11-27
INT-C0B6EC39,USR-42B8D9F9,LoggedIn,,,2025-08-31
INT-BA86263F,USR-D04F0D1C,EarnedStamp,,,2024-06-21
INT-CA9B140B,USR-F8405179,EngagedCampaign,CAMP-007,Morning Commuter Bonus,2024-12-16
INT-6B7CE09F,USR-A9AC57D6,EngagedCampaign,CAMP-008,Regional Special,2026-01-16
INT-B9751D1B,USR-07B22563,LoggedIn,,,2024-11-08
INT-3CEA9F3D,USR-D9D02B65,EarnedStamp,,,2025-11-06
INT-841E2270,USR-EEA65C2F,LoggedIn,,,2026-02-14
INT-9335B37C,USR-72397CD1,EarnedStamp,,,2024-06-20
INT-BA9A91BF,USR-39F04295,EarnedStamp,,,2024-10-11
INT-5B77AADE,USR-86EF74E8,LoggedIn,,,2025-02-24
INT-EFC943A8,USR-9F897E87,EarnedStamp,,,2024-09-20
INT-D9F48535,USR-9F914A24,LoggedIn,,,2025-09-17
INT-96B862E4,USR-39F04295,LoggedIn,,,2024-09-29
INT-B1EDC337,USR-C5CDA2E3,EarnedStamp,,,2025-07-28
INT-62124E9B,USR-2EF2D5B7,LoggedIn,,,2025-10-27
INT-B4DB70B0,USR-7AAF0E69,LoggedIn,,,2025-05-24
INT-3D4F9737,USR-8B66D801,EarnedStamp,,,2025-09-27
INT-2D223E3D,USR-5EA37D63,EngagedCampaign,CAMP-003,Georgia Points Boost,2025-11-09
INT-134EF74F,USR-BFA06269,EarnedStamp,,,2025-01-12
INT-E7C4A2C8,USR-F72C9B34,EarnedStamp,,,2025-04-21
INT-F9B08D68,USR-CCA59BE6,EarnedStamp,,,2024-07-18
INT-B1D19F2E,USR-1737B808,LoggedIn,,,2025-10-06
INT-FE2BDC4B,USR-377E01DF,LoggedIn,,,2025-12-08
INT-BC99AA45,USR-D382ABAD,LoggedIn,,,2025-01-26
INT-92BEC205,USR-098DA84F,EarnedStamp,,,2024-09-09
INT-A95A8C7A,USR-41438E9F,LoggedIn,,,2025-05-07
INT-DC573D90,USR-21459E6B,EngagedCampaign,CAMP-002,Winter Reward,2026-02-01
INT-E6DB901F,USR-866FFF9C,LoggedIn,,,2025-05-18
INT-9D123495,USR-AE4BA1B7,LoggedIn,,,2026-02-23
INT-939E29C0,USR-A17C3B0E,EarnedStamp,,,2024-11-28
INT-4865FAE4,USR-9CA98CA6,LoggedIn,,,2024-09-04
INT-5087B648,USR-D19F0690,EarnedStamp,,,2025-01-13
INT-8FD71C2D,USR-25C0F995,LoggedIn,,,2025-07-12
INT-8024E8E3,USR-E9EE578F,LoggedIn,,,2025-10-20
INT-E93CF67D,USR-50D7DCE4,EarnedStamp,,,2025-07-25
INT-4ED3F0F9,USR-3CE16AA8,LoggedIn,,,2025-11-30
INT-436F1647,USR-A24F57B8,LoggedIn,,,2024-11-11
INT-085FCBAA,USR-A4A32359,EarnedStamp,,,2024-10-14
INT-BA37EDDE,USR-BBDAC3E4,LoggedIn,,,2024-10-01
INT-0A43365E,USR-B180A97A,EarnedStamp,,,2025-05-16
INT-AAA94187,USR-AF173D0A,EngagedCampaign,CAMP-002,Winter Reward,2024-12-04
INT-4CB341F1,USR-D160F217,LoggedIn,,,2026-01-31
INT-A5B25977,USR-FB7362C3,EarnedStamp,,,2026-02-02
INT-2588E440,USR-FA7BEF9E,LoggedIn,,,2024-05-17
INT-AE00E6F3,USR-D706DC78,EarnedStamp,,,2025-12-05
INT-6D6D2279,USR-72397CD1,LoggedIn,,,2025-03-08
INT-21B61FE2,USR-60BC4130,EngagedCampaign,CAMP-007,Morning Commuter Bonus,2024-11-25
INT-1378023B,USR-B3727ECC,LoggedIn,,,2025-06-09
INT-A3EDACEC,USR-925AA5AC,LoggedIn,,,2024-05-26
INT-89B1EA95,USR-3D84F1C9,EngagedCampaign,CAMP-005,Weekend Double Stamps,2024-07-24
INT-1AD960AA,USR-BCFA392F,EngagedCampaign,CAMP-005,Weekend Double Stamps,2024-03-30
INT-459C7B3F,USR-329094A0,LoggedIn,,,2024-11-08
INT-FFB38E85,USR-082DF180,EngagedCampaign,CAMP-003,Georgia Points Boost,2024-10-13
INT-FE1CAD3B,USR-1471E6C1,EngagedCampaign,CAMP-003,Georgia Points Boost,2025-04-20
INT-86048422,USR-8FFA60F5,EarnedStamp,,,2024-09-12
INT-1B51425A,USR-AD044595,EarnedStamp,,,2025-01-28
INT-00D856D5,USR-A750C3B8,EarnedStamp,,,2024-07-01
INT-073156E4,USR-2F96E890,EarnedStamp,,,2025-02-09
INT-512D4498,USR-D676BC80,EngagedCampaign,CAMP-004,Spring Fresh Start,2026-01-03
INT-54996023,USR-4B1AF19E,LoggedIn,,,2025-04-16
INT-E94DD13F,USR-9ACB74DC,EarnedStamp,,,2024-11-19
INT-0E03A4DE,USR-D8D6B05E,EarnedStamp,,,2025-12-15
INT-3D6F9F4E,USR-2F96E890,EarnedStamp,,,2025-02-17
INT-EA9D28AC,USR-BF6B6625,EarnedStamp,,,2025-06-01
INT-572930A0,USR-A24F57B8,EarnedStamp,,,2024-06-11
INT-322ACF21,USR-AF96F555,EarnedStamp,,,2025-02-26
INT-693861D3,USR-1FD044C8,LoggedIn,,,2025-07-17
INT-4818B0B9,USR-12052D48,LoggedIn,,,2025-04-30
INT-C23EFD97,USR-7A852F25,EngagedCampaign,CAMP-008,Regional Special,2024-10-29
INT-12C564DB,USR-3C42F820,EngagedCampaign,CAMP-001,Natsu Summer Campaign,2024-07-22
INT-F774FE78,USR-18DEFBE3,EngagedCampaign,CAMP-007,Morning Commuter Bonus,2024-07-11
INT-D15D27AB,USR-981FA5B2,LoggedIn,,,2025-04-23
INT-C400D292,USR-7B123D86,EarnedStamp,,,2025-04-05
INT-FECF0052,USR-9F897E87,EngagedCampaign,CAMP-001,Natsu Summer Campaign,2025-10-14
INT-66259A81,USR-654936BD,LoggedIn,,,2025-09-08
INT-E698E2F8,USR-8AB59DF2,EngagedCampaign,CAMP-008,Regional Special,2026-01-06
INT-D9874398,USR-98C563F8,LoggedIn,,,2025-09-23
INT-4C86958C,USR-2A7C68BF,EarnedStamp,,,2025-04-25
INT-48594EDA,USR-889A4DC0,LoggedIn,,,2025-10-03
INT-48578A99,USR-B88D2C5B,LoggedIn,,,2025-06-10
INT-20AF618A,USR-521C0EC8,EngagedCampaign,CAMP-006,Hydration Challenge,2025-01-01
INT-829DFDC5,USR-ADC83BE7,LoggedIn,,,2024-11-14
INT-12C95FBE,USR-05684EC6,EarnedStamp,,,2025-08-25
INT-C27CC267,USR-A2F6A88E,EarnedStamp,,,2024-05-15
INT-89A4EC06,USR-634CFE27,EngagedCampaign,CAMP-007,Morning Commuter Bonus,2025-08-02
INT-2DACD248,USR-AF96F555,LoggedIn,,,2024-12-11
INT-DA1C6663,USR-12060EB6,LoggedIn,,,2025-08-14
INT-50CE5D7F,USR-1471E6C1,LoggedIn,,,2025-07-10
INT-F5A0C165,USR-DE8B9C7E,LoggedIn,,,2025-06-10
INT-17A11E9B,USR-95497CBB,EarnedStamp,,,2026-01-25
INT-7AC32684,USR-1CF10005,EngagedCampaign,CAMP-003,Georgia Points Boost,2025-07-06
INT-AADAE2EA,USR-062DD25B,EarnedStamp,,,2025-12-17
INT-F00337E4,USR-C2C57A2F,EarnedStamp,,,2025-07-03
INT-BBFD2825,USR-92E67091,EarnedStamp,,,2025-06-25
INT-5A9AA58D,USR-BDA92546,LoggedIn,,,2025-06-16
INT-FFBDFD7A,USR-23327163,LoggedIn,,,2024-05-22
INT-C0F7470B,USR-4474FD9D,LoggedIn,,,2025-03-27
INT-C523D657,USR-CEFA08DB,LoggedIn,,,2025-02-03
INT-7F341A3C,USR-4B1AF19E,EarnedStamp,,,2025-10-07
INT-20577E27,USR-D580DAB4,EarnedStamp,,,2024-06-19
INT-ED983F4D,USR-A515DAC8,LoggedIn,,,2025-05-26
INT-57BDDEE2,USR-E12542B8,LoggedIn,,,2025-12-09
INT-D459CFCE,USR-7DBFB698,LoggedIn,,,2025-09-20
INT-82D8F500,USR-61DECA24,EngagedCampaign,CAMP-008,Regional Special,2024-09-12
INT-E9D6CCCC,USR-D93FE2BC,EarnedStamp,,,2025-07-08
INT-8F044D35,USR-3C42F820,EarnedStamp,,,2024-10-08
INT-00B47D90,USR-F7D4095B,LoggedIn,,,2024-12-29
INT-248EB8F8,USR-FE7695F6,LoggedIn,,,2025-09-08
INT-C688DDC5,USR-FB7362C3,EarnedStamp,,,2024-10-27
INT-30A784E2,USR-377E01DF,LoggedIn,,,2025-08-20
INT-2C296BC2,USR-24108AEF,LoggedIn,,,2025-07-05
INT-882EA573,USR-C0550C06,LoggedIn,,,2024-04-06
INT-621B3BBF,USR-74C8A93C,EarnedStamp,,,2025-09-10
INT-221841FF,USR-0B70AFCD,LoggedIn,,,2024-04-27
INT-05CBC623,USR-5CE48D5B,LoggedIn,,,2025-10-04
INT-361085DC,USR-A2189587,EarnedStamp,,,2025-03-03
INT-B43BF9B0,USR-987132E0,EngagedCampaign,CAMP-004,Spring Fresh Start,2025-03-29
INT-ED9BEF02,USR-253C3381,LoggedIn,,,2024-10-24
INT-ED3DEB80,USR-035ABC70,LoggedIn,,,2024-12-14
INT-7CD1B365,USR-28E105F8,LoggedIn,,,2024-04-03
INT-226F55DF,USR-6E2AFC08,EarnedStamp,,,2025-07-13
INT-76EDB31F,USR-15C48C96,EarnedStamp,,,2024-06-05
INT-A4132073,USR-D69D18B6,LoggedIn,,,2024-07-23
INT-2F24A4C8,USR-04F78998,EarnedStamp,,,2026-02-05
INT-D367ACAA,USR-2FC13830,LoggedIn,,,2024-06-10
INT-897A0A63,USR-7A34CF2C,EarnedStamp,,,2025-07-25
INT-8E2C961E,USR-2EF2D5B7,EarnedStamp,,,2026-01-17
INT-D0A87D40,USR-D9D02B65,LoggedIn,,,2026-01-12
INT-742D5BB6,USR-23013125,EarnedStamp,,,2024-11-11
INT-E0F8FF80,USR-B7E99843,EngagedCampaign,CAMP-006,Hydration Challenge,2025-03-24
INT-11064434,USR-A316C481,LoggedIn,,,2026-01-17
INT-33BABB4A,USR-54932096,EngagedCampaign,CAMP-003,Georgia Points Boost,2025-08-05
INT-74486523,USR-F38D4D42,LoggedIn,,,2024-03-10
INT-639B000B,USR-86EF74E8,EngagedCampaign,CAMP-008,Regional Special,2025-06-10
INT-B81BFC1D,USR-E40C4BCA,LoggedIn,,,2025-08-28
INT-D33CFA13,USR-F2491EFD,EngagedCampaign,CAMP-003,Georgia Points Boost,2025-07-31
INT-782EC250,USR-AD044595,LoggedIn,,,2025-06-05
INT-3BC7BD9E,USR-F7D4095B,EngagedCampaign,CAMP-001,Natsu Summer Campaign,2024-07-22
INT-489B039B,USR-9795232E,LoggedIn,,,2024-05-31
INT-EA7F54AC,USR-90DB124C,EarnedStamp,,,2026-01-10
INT-FE068B95,USR-66140D2A,LoggedIn,,,2024-10-23
INT-17043E2B,USR-5964DD23,LoggedIn,,,2024-07-23
INT-CD67AF7F,USR-8DF4E655,EarnedStamp,,,2025-02-16
INT-8C473C2A,USR-9818B6F4,EngagedCampaign,CAMP-007,Morning Commuter Bonus,2024-07-12
INT-630C40D3,USR-7468677B,LoggedIn,,,2025-10-22
INT-B5A80711,USR-2F1F9FB6,EngagedCampaign,CAMP-002,Winter Reward,2024-08-27
INT-7A95BFD1,USR-AFE43384,EarnedStamp,,,2025-12-29
INT-643BBA26,USR-AE4E92FD,EarnedStamp,,,2025-06-01
INT-77EA650C,USR-1737B808,LoggedIn,,,2025-10-26
INT-74B02474,USR-1022282D,LoggedIn,,,2025-12-16
INT-32E92C0D,USR-0C3B02F1,EarnedStamp,,,2024-11-18
INT-A3EFA949,USR-8464F293,EngagedCampaign,CAMP-003,Georgia Points Boost,2025-04-30
INT-7B606C99,USR-1CF10005,EngagedCampaign,CAMP-006,Hydration Challenge,2024-06-15
INT-80C68C21,USR-A7B5CA58,LoggedIn,,,2026-02-15
INT-6484BAAF,USR-B4A6A8DD,EngagedCampaign,CAMP-001,Natsu Summer Campaign,2024-08-29
INT-BED55D2F,USR-19017363,LoggedIn,,,2024-10-04
INT-CA5B3A72,USR-ADDB4E6E,LoggedIn,,,2025-12-22
INT-E4985B10,USR-25C0F995,LoggedIn,,,2026-02-17
INT-9D453D04,USR-B88D2C5B,EarnedStamp,,,2024-03-14
INT-73545E32,USR-BBBA87F8,EarnedStamp,,,2024-05-11
INT-B1E3E361,USR-2A7C68BF,LoggedIn,,,2025-11-17
INT-9AE83DAD,USR-C0550C06,LoggedIn,,,2024-06-23
INT-1519ABE9,USR-4597B3E6,EarnedStamp,,,2024-12-30
INT-FE21A48C,USR-B95596EB,EarnedStamp,,,2025-10-30
INT-D4980E3A,USR-8F9832E0,LoggedIn,,,2024-03-13
INT-87861153,USR-ECE9FAE8,EarnedStamp,,,2024-04-25
INT-FA261C45,USR-CCA59BE6,LoggedIn,,,2024-07-28
INT-CD5C84FA,USR-C2C57A2F,LoggedIn,,,2025-08-15
INT-DA4DCB73,USR-F12444C3,LoggedIn,,,2026-02-13
INT-48091514,USR-00A95BB2,LoggedIn,,,2025-03-06
INT-F22AEFEA,USR-BFA06269,LoggedIn,,,2026-01-29
INT-E9083564,USR-E5ECAFC2,LoggedIn,,,2024-12-21
INT-03471B8E,USR-993D897E,EarnedStamp,,,2025-03-04
INT-8D4CE856,USR-51071089,LoggedIn,,,2025-04-14
INT-1C96D346,USR-5DCEA305,LoggedIn,,,2024-06-11
INT-93418A96,USR-E583B827,EarnedStamp,,,2025-12-01
INT-E67AED51,USR-DFC2F878,LoggedIn,,,2025-08-16
INT-3C2D6A67,USR-EFDE47EE,EngagedCampaign,CAMP-006,Hydration Challenge,2024-08-09
INT-AF8EB26C,USR-2FC13830,LoggedIn,,,2025-06-27
INT-A3F762A2,USR-3B301F2E,LoggedIn,,,2025-10-01
INT-5E0579A4,USR-2878820A,LoggedIn,,,2024-07-31
INT-79DCBDDF,USR-989E627E,EarnedStamp,,,2026-01-23
INT-476D7AAB,USR-035859B1,LoggedIn,,,2025-04-27
INT-3F3EBA6F,USR-9795232E,LoggedIn,,,2025-01-03
INT-B3829CB9,USR-D04F0D1C,LoggedIn,,,2026-01-03
INT-75FB5962,USR-996747D1,LoggedIn,,,2025-06-07
INT-BA0CC47D,USR-1C678179,LoggedIn,,,2026-01-04
INT-A0072712,USR-CA1F1B17,LoggedIn,,,2026-01-17
INT-8EDA39FF,USR-2FC13830,EarnedStamp,,,2025-03-29
INT-ECDFA843,USR-18DEFBE3,LoggedIn,,,2024-11-14
INT-3E54A070,USR-96F19EDC,EarnedStamp,,,2024-03-14
INT-F9D72FE5,USR-92C61C96,LoggedIn,,,2025-01-02
INT-391F33D4,USR-818A03F8,LoggedIn,,,2025-12-23
INT-A615092E,USR-40549955,LoggedIn,,,2025-10-21
INT-7EE0B199,USR-7AAF0E69,EarnedStamp,,,2025-03-10
INT-FA605184,USR-D51FC580,LoggedIn,,,2025-03-20
INT-EC93A609,USR-934AE569,LoggedIn,,,2024-05-29
INT-444FA554,USR-68AB3DF3,LoggedIn,,,2024-04-24
INT-D03DE5DE,USR-ECD8EB36,EarnedStamp,,,2026-01-17
INT-08110002,USR-7A8E193C,LoggedIn,,,2026-02-16
INT-71324166,USR-89894EE7,LoggedIn,,,2026-01-21
INT-694398E8,USR-3BC92C11,LoggedIn,,,2024-09-05
INT-E8AE08FA,USR-259E8424,EarnedStamp,,,2025-06-08
INT-9B8A3BCF,USR-AD044595,LoggedIn,,,2024-09-09
INT-76CD7940,USR-405EDD98,EngagedCampaign,CAMP-002,Winter Reward,2025-12-04
INT-216C1960,USR-F72C9B34,EngagedCampaign,CAMP-004,Spring Fresh Start,2024-06-14
INT-AFAD2F47,USR-FB256CF6,LoggedIn,,,2025-01-19
INT-9B904196,USR-48F8D309,EarnedStamp,,,2025-03-24
INT-46A95EB3,USR-C6707CC3,LoggedIn,,,2024-04-06
INT-62D5F9F6,USR-3728614A,EngagedCampaign,CAMP-001,Natsu Summer Campaign,2025-06-09
INT-4AF94F12,USR-2F362EC0,LoggedIn,,,2026-02-07
INT-F170E6D9,USR-6AE06BF7,EarnedStamp,,,2025-02-08
INT-2BAAC754,USR-9CA98CA6,EarnedStamp,,,2024-07-27
INT-5944CCDF,USR-20FB714E,LoggedIn,,,2025-06-10
INT-F60871E6,USR-505FAD88,EarnedStamp,,,2025-04-24
INT-C7923039,USR-4B1AF19E,LoggedIn,,,2025-01-06
INT-00090C76,USR-267DAB8F,EngagedCampaign,CAMP-002,Winter Reward,2025-10-14
INT-3364A788,USR-AE833573,EngagedCampaign,CAMP-001,Natsu Summer Campaign,2025-12-02
INT-1A42F6B5,USR-43C00CE7,LoggedIn,,,2026-02-05
INT-3ED38E3B,USR-9D57176B,EarnedStamp,,,2025-05-16
INT-2BD2748D,USR-C0550C06,EarnedStamp,,,2024-12-04
INT-D48F3C5B,USR-A2F6A88E,LoggedIn,,,2025-05-09
INT-C648AE1C,USR-D706DC78,EngagedCampaign,CAMP-004,Spring Fresh Start,2024-10-03
INT-33D3E4C4,USR-4AE5805B,LoggedIn,,,2025-10-22
INT-B420F559,USR-8D328C6B,LoggedIn,,,2025-01-19
INT-85DD46C7,USR-E8BADAB8,LoggedIn,,,2025-05-20
INT-C8C96E9B,USR-A9AC57D6,LoggedIn,,,2025-06-20
INT-B50CEE11,USR-ADC83BE7,LoggedIn,,,2025-09-17
INT-3228204B,USR-CA1F1B17,LoggedIn,,,2025-07-30
INT-0EC2CB30,USR-9F0F64F1,EarnedStamp,,,2026-01-20
INT-6D0B0957,USR-AC4BCC07,LoggedIn,,,2025-06-19
INT-5AD6F6A5,USR-F8405179,LoggedIn,,,2026-01-20
INT-6FBB6158,USR-D93FE2BC,LoggedIn,,,2024-08-09
INT-283EA0F6,USR-9B1C6C81,LoggedIn,,,2025-07-14
INT-48526E52,USR-B478AEB3,LoggedIn,,,2025-10-30
INT-CD0084E2,USR-05B8A84E,LoggedIn,,,2025-09-22
INT-5641AFCA,USR-1CF10005,LoggedIn,,,2025-07-09
INT-2111C3D6,USR-ADD12C4E,LoggedIn,,,2025-04-21
INT-791CDCF4,USR-20FB714E,EngagedCampaign,CAMP-005,Weekend Double Stamps,2025-08-14
INT-7F0C8014,USR-2CC8E54A,LoggedIn,,,2025-05-05
INT-71EB4BC5,USR-500491A3,LoggedIn,,,2026-01-07
INT-AF0931BB,USR-F2491EFD,EarnedStamp,,,2024-05-29
INT-A0BB8184,USR-DBFE9226,LoggedIn,,,2024-10-14
INT-44715B47,USR-01888C2F,LoggedIn,,,2024-07-27
INT-90E44BD2,USR-62ADA4A2,LoggedIn,,,2026-01-07
INT-E3D14631,USR-4058528B,LoggedIn,,,2025-11-06
INT-97A6373C,USR-76E1078C,EngagedCampaign,CAMP-001,Natsu Summer Campaign,2024-05-14
INT-5BF5A2D0,USR-A515DAC8,LoggedIn,,,2025-07-11
INT-8FBE36BD,USR-4B1AF19E,LoggedIn,,,2024-04-13
INT-EDE00002,USR-EC28C8E2,EngagedCampaign,CAMP-007,Morning Commuter Bonus,2024-11-06
INT-75B7AF32,USR-5D4C5CEA,EarnedStamp,,,2025-05-07
INT-89E12123,USR-981FA5B2,LoggedIn,,,2024-05-09
INT-48711439,USR-4A6C8C20,EarnedStamp,,,2024-10-01
INT-029FEC35,USR-630E5708,LoggedIn,,,2025-06-12
INT-17D9291B,USR-D08B729C,EngagedCampaign,CAMP-004,Spring Fresh Start,2025-11-30
INT-EAF11AF8,USR-356532BE,EngagedCampaign,CAMP-003,Georgia Points Boost,2025-01-03
INT-39C45F2D,USR-4020666C,EarnedStamp,,,2024-05-27
INT-2B044460,USR-4337024D,LoggedIn,,,2025-09-09
INT-D7340D16,USR-1AF6B033,LoggedIn,,,2025-05-28
INT-272BCC7E,USR-A6978FE4,EarnedStamp,,,2024-03-01
INT-07EA6883,USR-19354408,LoggedIn,,,2024-03-15
INT-B174CAB9,USR-3C42F820,EarnedStamp,,,2024-09-13
INT-A3BE1729,USR-2D3A7D6E,LoggedIn,,,2024-04-07
INT-0E58FE0C,USR-DB6AA5E3,EngagedCampaign,CAMP-005,Weekend Double Stamps,2025-07-15
INT-B1E15EC2,USR-D04F0D1C,EngagedCampaign,CAMP-006,Hydration Challenge,2024-05-24
INT-99BB316E,USR-20C2EA44,EngagedCampaign,CAMP-003,Georgia Points Boost,2025-07-13
INT-F0886356,USR-42B8D9F9,LoggedIn,,,2024-08-21
INT-EE4E8517,USR-36FB866E,LoggedIn,,,2025-11-17
INT-7A9D808D,USR-2D3A7D6E,LoggedIn,,,2024-04-09
INT-84077A91,USR-E4529808,LoggedIn,,,2025-06-03
INT-25BFDB8A,USR-F52396D9,LoggedIn,,,2025-06-03
INT-D63DDE21,USR-6C9187CF,EarnedStamp,,,2024-11-09
INT-A8027C09,USR-AC4BCC07,EarnedStamp,,,2024-03-19
INT-C495D693,USR-D51FC580,EarnedStamp,,,2024-07-12
INT-AAFCF15C,USR-5DCEA305,LoggedIn,,,2024-12-06
INT-F16C8961,USR-4EA2F8E2,EarnedStamp,,,2024-08-08
INT-52E4D2E0,USR-7486C640,LoggedIn,,,2025-10-29
INT-958717DE,USR-DB2411D5,LoggedIn,,,2025-06-06
INT-3141525C,USR-05684EC6,EarnedStamp,,,2024-08-22
INT-7712030F,USR-500491A3,LoggedIn,,,2024-04-23
INT-F4469901,USR-D88345D4,LoggedIn,,,2024-08-02
INT-D8275950,USR-2D3A7D6E,LoggedIn,,,2025-06-18
INT-DCB8DB65,USR-D9D02B65,LoggedIn,,,2025-07-09
INT-412E6526,USR-8F0446E1,EngagedCampaign,CAMP-007,Morning Commuter Bonus,2024-11-07
INT-CDC13E22,USR-2878820A,LoggedIn,,,2026-02-04
INT-E19D09E9,USR-01888C2F,LoggedIn,,,2025-01-21
INT-58F947FA,USR-0ADFEBC7,LoggedIn,,,2024-04-01
INT-7436538F,USR-24108AEF,EngagedCampaign,CAMP-008,Regional Special,2024-06-22
INT-AF6A564E,USR-EAC539FE,LoggedIn,,,2025-08-23
INT-163E9BFA,USR-9ACB74DC,EngagedCampaign,CAMP-002,Winter Reward,2024-04-20
INT-2D585D15,USR-6DBA443B,LoggedIn,,,2025-05-24
INT-C1078E64,USR-21459E6B,LoggedIn,,,2025-01-30
INT-B3964F94,USR-0289E4B2,LoggedIn,,,2025-09-16
INT-606C8632,USR-28E105F8,EngagedCampaign,CAMP-007,Morning Commuter Bonus,2024-12-07
INT-4E9B0AB4,USR-A05A0812,LoggedIn,,,2026-02-17
INT-48E88BBD,USR-78E57FAF,EarnedStamp,,,2025-01-17
INT-50DDF97E,USR-A9AC57D6,LoggedIn,,,2025-12-11
INT-1EA6E739,USR-8464F293,EarnedStamp,,,2025-06-19
INT-FF327371,USR-392AE2A3,LoggedIn,,,2025-12-15
INT-985B8B81,USR-1A2AD4A5,EngagedCampaign,CAMP-006,Hydration Challenge,2024-09-24
INT-34223605,USR-E0DBB996,EarnedStamp,,,2025-12-03
INT-5D5030B0,USR-A8B517F3,EarnedStamp,,,2025-12-24
INT-68282D7A,USR-ADD12C4E,EarnedStamp,,,2024-07-15
INT-CE6B68EC,USR-C5CDA2E3,EarnedStamp,,,2024-12-15
INT-9EA1D006,USR-EF376D1B,EngagedCampaign,CAMP-003,Georgia Points Boost,2025-11-17
INT-48242639,USR-8DEA9AB2,LoggedIn,,,2025-07-08
INT-0F5F3AFE,USR-85BF7BE2,EarnedStamp,,,2024-09-01
INT-0A51C0DC,USR-FB7362C3,LoggedIn,,,2026-01-20
INT-0E7C2B71,USR-3E0BDCE6,EarnedStamp,,,2025-04-25
INT-E2EFA463,USR-2E4ED9CB,EngagedCampaign,CAMP-006,Hydration Challenge,2025-03-24
INT-435FBA12,USR-1022282D,LoggedIn,,,2024-05-27
INT-905403E1,USR-D95C67C7,LoggedIn,,,2025-08-21
INT-31315CAB,USR-49B7B5E9,EngagedCampaign,CAMP-007,Morning Commuter Bonus,2024-06-05
INT-752C38AB,USR-062DD25B,LoggedIn,,,2024-03-30
INT-7AD9C429,USR-D160F217,LoggedIn,,,2025-03-14
INT-962F26EA,USR-157A10B1,EarnedStamp,,,2025-09-08
INT-5E95D722,USR-6258282A,EarnedStamp,,,2026-01-31
INT-C61DB616,USR-BA9A1EE4,EarnedStamp,,,2025-04-30
INT-67908390,USR-62ADA4A2,LoggedIn,,,2025-02-28
INT-2FC0BF53,USR-EFDE47EE,LoggedIn,,,2025-07-09
INT-B680317D,USR-8D9CC247,LoggedIn,,,2024-09-07
INT-DCF487D1,USR-C2C57A2F,EarnedStamp,,,2025-05-21
INT-15C06E1F,USR-B6B4996C,LoggedIn,,,2024-12-05
INT-E4930EAD,USR-1705E9D9,EarnedStamp,,,2024-10-05
INT-0374C08D,USR-ED2C34E7,EarnedStamp,,,2024-03-25
INT-D24DFEA6,USR-062DD25B,EngagedCampaign,CAMP-007,Morning Commuter Bonus,2024-11-07
INT-F4A8F3DE,USR-B9B8521F,EarnedStamp,,,2024-10-26
INT-B610F0EC,USR-BDA92546,LoggedIn,,,2024-11-05
INT-E4734AE2,USR-005378CF,LoggedIn,,,2024-06-25
INT-1A7BF093,USR-1CF10005,LoggedIn,,,2025-11-26
INT-A5D0C820,USR-86EF74E8,EarnedStamp,,,2026-01-08
INT-5BAC2357,USR-5D437DD6,EarnedStamp,,,2024-05-06
INT-8CD0CCEA,USR-368F45FE,EarnedStamp,,,2025-03-28
INT-0F630D99,USR-3724F37F,LoggedIn,,,2026-02-03
INT-FA978698,USR-B3727ECC,EarnedStamp,,,2024-06-21
INT-3431086A,USR-C58E4128,LoggedIn,,,2025-05-04
INT-3DA4381B,USR-62ADA4A2,EarnedStamp,,,2024-12-02
INT-8156447B,USR-3D84F1C9,EngagedCampaign,CAMP-003,Georgia Points Boost,2025-01-29
INT-3F7DCB87,USR-CCA59BE6,LoggedIn,,,2026-01-11
INT-0D09A698,USR-DBB7F267,LoggedIn,,,2024-09-29
INT-B729FD07,USR-DB435ABC,LoggedIn,,,2024-05-22
INT-7AD75DA7,USR-AD044595,LoggedIn,,,2024-09-07
INT-12BCD5A1,USR-DBFE9226,LoggedIn,,,2025-02-23
INT-3EC545BE,USR-A18406EA,EngagedCampaign,CAMP-006,Hydration Challenge,2025-12-29
INT-3A0BE9A8,USR-2B28EB48,EngagedCampaign,CAMP-008,Regional Special,2025-08-24
INT-C0E370A9,USR-F69156FB,EarnedStamp,,,2024-04-28
INT-F59DECAB,USR-494A5F2F,EarnedStamp,,,2024-09-08
INT-46C426E6,USR-BCD71AFB,EarnedStamp,,,2024-11-25
INT-9BDF74C2,USR-6975BC1C,LoggedIn,,,2025-02-27
INT-496995D4,USR-1FD044C8,LoggedIn,,,2024-09-23
INT-D3FE61AB,USR-5CE48D5B,EarnedStamp,,,2025-11-14
INT-6847D7FB,USR-F5CEE960,LoggedIn,,,2024-10-02
INT-417203A4,USR-23327163,LoggedIn,,,2024-05-25
INT-97C327AD,USR-15B036A8,EngagedCampaign,CAMP-005,Weekend Double Stamps,2024-03-08
INT-8E45131C,USR-721E9C57,LoggedIn,,,2026-01-03
INT-006041F9,USR-43C00CE7,EarnedStamp,,,2024-11-08
INT-C4C823E5,USR-21459E6B,EarnedStamp,,,2025-04-14
INT-9CECD2DE,USR-BA17B4F5,EarnedStamp,,,2024-07-17
INT-77866BEC,USR-BBDE6D92,LoggedIn,,,2025-05-07
INT-08D0D31D,USR-A18406EA,EarnedStamp,,,2024-11-17
INT-968711A1,USR-2FA966AC,EngagedCampaign,CAMP-008,Regional Special,2025-12-31
INT-23FF10A8,USR-A19DC31D,LoggedIn,,,2025-12-31
INT-30643C13,USR-438AE6D3,EngagedCampaign,CAMP-001,Natsu Summer Campaign,2025-12-09
INT-D3948E01,USR-3D84F1C9,EarnedStamp,,,2024-07-02
INT-A4A316E5,USR-24108AEF,EngagedCampaign,CAMP-008,Regional Special,2025-12-16
INT-026ECC3E,USR-866FFF9C,EarnedStamp,,,2025-09-23
INT-0699CC4E,USR-FE7695F6,LoggedIn,,,2025-03-25
INT-C5BA9F2C,USR-6BF524A6,LoggedIn,,,2025-02-11
INT-B87FCB12,USR-D706DC78,LoggedIn,,,2024-09-19
INT-5CE2F600,USR-1C36A028,LoggedIn,,,2024-09-12
INT-4C80C761,USR-418B6EDC,EarnedStamp,,,2026-01-24
INT-6E4C8D5B,USR-1F42BD1F,EarnedStamp,,,2024-12-30
INT-5AAC210A,USR-2FBBD898,LoggedIn,,,2024-05-11
INT-FADAEAA4,USR-5DCEA305,EarnedStamp,,,2026-01-29
INT-A9CAE067,USR-15B036A8,LoggedIn,,,2025-04-13
INT-93F4544E,USR-E8E1B153,EngagedCampaign,CAMP-004,Spring Fresh Start,2024-10-04
INT-7EDC4749,USR-BD240E0B,LoggedIn,,,2024-03-25
INT-A4C6D04E,USR-78E654EA,LoggedIn,,,2024-05-01
INT-59A1C212,USR-4C085BD2,LoggedIn,,,2025-03-19
INT-3567704B,USR-2B28EB48,LoggedIn,,,2024-06-24
INT-DE769327,USR-C6C23A4B,LoggedIn,,,2026-01-06
INT-101E8E04,USR-148A8810,EarnedStamp,,,2024-12-20
INT-00BA82B8,USR-6DBA443B,EngagedCampaign,CAMP-006,Hydration Challenge,2025-06-05
INT-F5A3BBA4,USR-41F09551,EarnedStamp,,,2025-04-27
INT-263E232D,USR-418B6EDC,EngagedCampaign,CAMP-003,Georgia Points Boost,2024-11-02
INT-C0F738EF,USR-4F74E72D,LoggedIn,,,2026-01-08
INT-60B32909,USR-F8405179,EarnedStamp,,,2025-05-18
INT-CCA0C654,USR-FE79FFF4,EarnedStamp,,,2024-08-20
INT-8049C1FA,USR-41F09551,LoggedIn,,,2024-09-08
INT-084145B6,USR-1C9ADCF2,EngagedCampaign,CAMP-007,Morning Commuter Bonus,2025-11-22
INT-752BA051,USR-2B28EB48,EarnedStamp,,,2025-06-05
INT-7DEF43D8,USR-A316C481,LoggedIn,,,2025-06-19
INT-E281215E,USR-7E74545A,LoggedIn,,,2025-11-09
INT-6E542169,USR-A18406EA,LoggedIn,,,2024-03-17
INT-009E3161,USR-EC28C8E2,EarnedStamp,,,2025-02-02
INT-416A9411,USR-11E1C4DE,LoggedIn,,,2024-05-11
INT-B6F9423F,USR-48F8D309,LoggedIn,,,2025-10-04
INT-8B0A2346,USR-A8B517F3,LoggedIn,,,2026-02-18
INT-2B560DF9,USR-AF96F555,LoggedIn,,,2025-10-10
INT-7DF05157,USR-5B6E739B,EarnedStamp,,,2025-04-27
INT-BF45525E,USR-9ACB74DC,LoggedIn,,,2025-09-22
INT-088DAD28,USR-7A8E193C,EarnedStamp,,,2025-12-07
INT-5DC99B35,USR-EF376D1B,LoggedIn,,,2025-02-27
INT-0592A62A,USR-D69D18B6,EarnedStamp,,,2025-08-19
INT-CA339B46,USR-1A2AD4A5,EarnedStamp,,,2025-05-27
INT-2D115B2B,USR-4CA74FEF,LoggedIn,,,2024-04-08
INT-1C626349,USR-329094A0,LoggedIn,,,2025-10-29
INT-8463D278,USR-3DCF8B46,LoggedIn,,,2024-12-24
INT-3BF904EF,USR-90DB124C,LoggedIn,,,2024-08-18
INT-BF1FD91F,USR-DA42CA76,LoggedIn,,,2024-12-25
INT-B34A870A,USR-21459E6B,EarnedStamp,,,2024-07-09
INT-6523D53C,USR-1982B4F0,LoggedIn,,,2024-10-22
INT-C44CEDA0,USR-500491A3,EarnedStamp,,,2024-05-02
INT-A8934378,USR-944A90B6,EarnedStamp,,,2024-08-17
INT-A7A1B37F,USR-2D3A7D6E,EarnedStamp,,,2024-03-02
INT-99273E67,USR-89CFFB08,LoggedIn,,,2024-07-11
INT-B676C576,USR-69826EA8,EarnedStamp,,,2024-03-02
INT-6B267554,USR-DA167B11,EarnedStamp,,,2025-07-29
INT-8805F4EA,USR-BFA06269,LoggedIn,,,2024-03-28
INT-3E5328C3,USR-237AAECA,LoggedIn,,,2025-06-07
INT-65F3CD0C,USR-0311399C,LoggedIn,,,2024-03-21
INT-02F7CECA,USR-B95596EB,EngagedCampaign,CAMP-003,Georgia Points Boost,2025-03-01
INT-22A61D22,USR-987132E0,LoggedIn,,,2024-05-25
INT-73B54910,USR-8B66D801,EarnedStamp,,,2024-03-08
INT-7ACD62B7,USR-EA442E11,LoggedIn,,,2024-10-15
INT-C9722C63,USR-4F74E72D,EngagedCampaign,CAMP-002,Winter Reward,2024-11-03
INT-527F5D2A,USR-47D0BBC5,EarnedStamp,,,2025-01-03
INT-A8E9EBBA,USR-B478AEB3,LoggedIn,,,2024-11-07
INT-289BE7B4,USR-989E627E,LoggedIn,,,2025-02-24
INT-F99160A0,USR-6975BC1C,EarnedStamp,,,2025-07-13
INT-3417CD41,USR-A18406EA,LoggedIn,,,2024-04-05
INT-2F3370AC,USR-934AE569,EarnedStamp,,,2025-07-15
INT-231E043E,USR-0F1C6DBE,LoggedIn,,,2025-12-10
INT-F555ACE3,USR-BDA92546,LoggedIn,,,2025-06-12
INT-A27FA47E,USR-1D470D6C,EarnedStamp,,,2025-05-25
INT-D1669A86,USR-062DD25B,EngagedCampaign,CAMP-008,Regional Special,2024-11-20
INT-7B6624FC,USR-C5CDA2E3,EarnedStamp,,,2024-10-24
INT-9672282D,USR-60D6FDEC,EngagedCampaign,CAMP-002,Winter Reward,2024-07-28
INT-6A591F3C,USR-952FF497,EngagedCampaign,CAMP-004,Spring Fresh Start,2025-07-24
INT-887B7AB3,USR-2C033911,LoggedIn,,,2025-11-21
INT-32597353,USR-7E87DC22,EngagedCampaign,CAMP-002,Winter Reward,2025-01-11
INT-9A01B66A,USR-E0DBB996,LoggedIn,,,2024-12-30
INT-73FE3526,USR-41F09551,LoggedIn,,,2025-10-25
INT-4F3B9178,USR-CCA59BE6,EarnedStamp,,,2026-02-14
INT-C6BA035A,USR-EA442E11,EarnedStamp,,,2025-11-17
INT-EAE8C5D0,USR-68C23163,LoggedIn,,,2024-09-23
INT-E6048F54,USR-1471E6C1,EarnedStamp,,,2024-06-14
INT-B7E4F1D8,USR-E9EE578F,EarnedStamp,,,2024-11-17
INT-64F49348,USR-AFE43384,EngagedCampaign,CAMP-003,Georgia Points Boost,2024-12-14
INT-0337D5E2,USR-AFE43384,LoggedIn,,,2026-02-13
INT-36500D41,USR-9B1C6C81,EarnedStamp,,,2025-08-01
INT-A6FE4379,USR-6258282A,LoggedIn,,,2024-10-14
INT-37BE6C80,USR-BFA06269,EarnedStamp,,,2026-01-04
INT-F236207C,USR-3E9B8D02,EarnedStamp,,,2024-07-31
INT-FECB1A03,USR-1A2AD4A5,LoggedIn,,,2024-04-22
INT-0BCED3A0,USR-FB256CF6,LoggedIn,,,2025-12-18
INT-93AF5829,USR-4F74E72D,LoggedIn,,,2025-09-19
INT-A3EA3A01,USR-68C23163,EngagedCampaign,CAMP-006,Hydration Challenge,2024-06-04
INT-58598E71,USR-2116F0BD,EngagedCampaign,CAMP-006,Hydration Challenge,2025-10-03
INT-1A6A46EC,USR-9795232E,EngagedCampaign,CAMP-005,Weekend Double Stamps,2025-07-02
INT-1D3899BF,USR-DA167B11,EngagedCampaign,CAMP-004,Spring Fresh Start,2024-07-17
INT-BC587AA3,USR-A18406EA,EngagedCampaign,CAMP-008,Regional Special,2024-10-31
INT-76F2473B,USR-3728614A,EarnedStamp,,,2024-04-11
INT-7EDD7484,USR-4AE5805B,EarnedStamp,,,2025-09-15
INT-6E42740D,USR-2E685EF6,EarnedStamp,,,2024-08-16
INT-47383BB2,USR-25C0F995,EarnedStamp,,,2025-03-07
INT-1E9427B7,USR-2E4ED9CB,EarnedStamp,,,2024-07-17
INT-D98A3AF8,USR-05B8A84E,EarnedStamp,,,2025-04-26
INT-F69BE781,USR-4474FD9D,EarnedStamp,,,2024-04-16
INT-4D13CB8B,USR-989E627E,EngagedCampaign,CAMP-002,Winter Reward,2025-02-14
INT-91EDC164,USR-D08E48AF,EarnedStamp,,,2026-01-31
INT-E8CB8709,USR-2DA3012D,EarnedStamp,,,2024-07-28
INT-818AE863,USR-EFDE47EE,LoggedIn,,,2024-12-20
INT-20729E98,USR-7E74545A,LoggedIn,,,2025-05-14
INT-EFC3F67B,USR-BBBA87F8,LoggedIn,,,2024-07-03
INT-677A2098,USR-BBDE6D92,LoggedIn,,,2026-01-02
INT-B6CDD2FB,USR-A6978FE4,LoggedIn,,,2024-10-21
INT-F5EA43BA,USR-981FA5B2,LoggedIn,,,2024-05-26
INT-E325BD6A,USR-1471E6C1,EngagedCampaign,CAMP-003,Georgia Points Boost,2024-12-13
INT-0199834E,USR-F72C9B34,EngagedCampaign,CAMP-005,Weekend Double Stamps,2025-10-31
INT-0D912253,USR-9ACB74DC,EarnedStamp,,,2024-04-13
INT-BBA1CB8F,USR-2A7C68BF,EngagedCampaign,CAMP-005,Weekend Double Stamps,2024-12-10
INT-CDF21992,USR-DB435ABC,LoggedIn,,,2024-10-16
INT-D5528E79,USR-C6707CC3,LoggedIn,,,2024-04-27
INT-E33809B5,USR-DF554F86,LoggedIn,,,2024-12-19
INT-8803AFFD,USR-2F1F9FB6,EngagedCampaign,CAMP-008,Regional Special,2026-01-27
INT-DA1A23D6,USR-2641D689,LoggedIn,,,2026-02-11
INT-0EB52532,USR-888AD4CB,LoggedIn,,,2025-11-14
INT-CB1F322B,USR-EFDE47EE,EarnedStamp,,,2024-08-08
INT-16318DA6,USR-0289E4B2,LoggedIn,,,2025-12-12
INT-CAD4F914,USR-ED2C34E7,EarnedStamp,,,2025-12-14
INT-C9D0EBAF,USR-CA1F1B17,LoggedIn,,,2025-06-02
INT-789E1B69,USR-E30ACCB9,EarnedStamp,,,2024-03-27
INT-367E28F7,USR-95497CBB,LoggedIn,,,2025-08-03
INT-706DC6E0,USR-9B7C461A,LoggedIn,,,2024-07-27
INT-9CFA9BA0,USR-6DB5391F,EarnedStamp,,,2025-03-01
INT-152C6F1A,USR-C6F61FED,EarnedStamp,,,2025-04-11
INT-A0D8A591,USR-405EDD98,EarnedStamp,,,2025-12-03
INT-33ADD5FA,USR-4469367F,EngagedCampaign,CAMP-001,Natsu Summer Campaign,2025-09-07
INT-8E0E3836,USR-A2F6A88E,EarnedStamp,,,2024-06-10
INT-E3D7E4DE,USR-EEA65C2F,LoggedIn,,,2025-09-06
INT-2EA49D0C,USR-AF173D0A,EarnedStamp,,,2025-04-01
INT-FB1E6D16,USR-85BF7BE2,EarnedStamp,,,2025-01-31
INT-1228377B,USR-DD6340E4,LoggedIn,,,2024-05-09
INT-FD926B6C,USR-C11ECFA6,LoggedIn,,,2024-08-26
INT-EE5BF0FE,USR-1AF6B033,EngagedCampaign,CAMP-007,Morning Commuter Bonus,2024-04-30
INT-4227E6FF,USR-27E7ECCC,LoggedIn,,,2024-05-24
INT-07E592EF,USR-148A8810,LoggedIn,,,2024-09-02
INT-BC48F58B,USR-1022282D,EarnedStamp,,,2025-06-29
INT-796A95EB,USR-71C6450E,EarnedStamp,,,2025-11-30
INT-1331E289,USR-74C8A93C,LoggedIn,,,2026-02-03
INT-8C6395BE,USR-BBBA87F8,LoggedIn,,,2025-05-15
INT-AF90A3B9,USR-B478AEB3,LoggedIn,,,2024-07-25
INT-AC4F6E8D,USR-329094A0,LoggedIn,,,2026-01-05
INT-313CE90A,USR-1149F621,EarnedStamp,,,2025-01-25
INT-74AA1566,USR-6AE06BF7,LoggedIn,,,2025-04-26
INT-6A03A75A,USR-C808B976,EarnedStamp,,,2024-12-23
INT-DF5002E6,USR-148A8810,EarnedStamp,,,2025-04-11
INT-6C6A6326,USR-92E67091,LoggedIn,,,2025-06-27
INT-A93298F5,USR-3E9B8D02,EngagedCampaign,CAMP-006,Hydration Challenge,2025-10-25
INT-5D004F2C,USR-2A7C68BF,EarnedStamp,,,2024-06-21
INT-AC384550,USR-237AAECA,EngagedCampaign,CAMP-002,Winter Reward,2025-08-17
INT-62BCE71B,USR-356532BE,EarnedStamp,,,2026-02-10
INT-E5B93D62,USR-C11ECFA6,LoggedIn,,,2025-08-14
INT-B0909193,USR-EBD896B1,EngagedCampaign,CAMP-008,Regional Special,2025-05-18
INT-FAF214C3,USR-1AD002D4,LoggedIn,,,2025-12-05
INT-AAAE3572,USR-F72C9B34,EarnedStamp,,,2024-11-23
INT-EB2F4B81,USR-12052D48,EngagedCampaign,CAMP-003,Georgia Points Boost,2025-04-26
INT-86EA4BCA,USR-6FF0FFDE,EarnedStamp,,,2024-10-03
INT-437D4944,USR-40549955,LoggedIn,,,2025-08-14
INT-2C2672C2,USR-F12444C3,LoggedIn,,,2024-05-07
INT-BB8F50E5,USR-90E377C8,LoggedIn,,,2025-11-21
INT-A32A1114,USR-00A95BB2,LoggedIn,,,2024-04-18
INT-EFC3AF99,USR-E8E1B153,LoggedIn,,,2024-07-15
INT-660830F4,USR-062DD25B,LoggedIn,,,2025-12-06
INT-950BE4B0,USR-9CA98CA6,EngagedCampaign,CAMP-003,Georgia Points Boost,2026-02-28
INT-87E608D4,USR-00A95BB2,LoggedIn,,,2025-12-05
INT-5ADC8F03,USR-68C23163,EngagedCampaign,CAMP-006,Hydration Challenge,2025-11-22
INT-939D6282,USR-71C6450E,LoggedIn,,,2024-12-11
INT-F1FE4CD4,USR-5964DD23,LoggedIn,,,2024-07-25
INT-284E7ADD,USR-DFC2F878,LoggedIn,,,2024-06-20
INT-CC72F312,USR-BA17B4F5,EarnedStamp,,,2026-01-23
INT-2C6ABF25,USR-DBFE9226,EngagedCampaign,CAMP-005,Weekend Double Stamps,2026-01-29
INT-CE8ED983,USR-5D437DD6,LoggedIn,,,2024-05-23
INT-758C7D4F,USR-87193EF0,EngagedCampaign,CAMP-003,Georgia Points Boost,2024-11-17
INT-7A1BEB2F,USR-862702F8,EngagedCampaign,CAMP-006,Hydration Challenge,2026-01-31
INT-7A921E6E,USR-19354408,EngagedCampaign,CAMP-005,Weekend Double Stamps,2025-01-08
INT-6AA9B732,USR-45D59873,LoggedIn,,,2024-07-30
INT-16F49A00,USR-1917C70A,LoggedIn,,,2025-08-22
INT-1B584DDA,USR-276C3B8A,EngagedCampaign,CAMP-007,Morning Commuter Bonus,2026-01-18
INT-636FD2AC,USR-BCD71AFB,EarnedStamp,,,2025-10-24
INT-339C8240,USR-D93FE2BC,LoggedIn,,,2025-02-21
INT-6B07F13D,USR-E149363D,LoggedIn,,,2024-11-13
INT-86DBD292,USR-D04F0D1C,EarnedStamp,,,2025-03-04
INT-CE3BE98B,USR-5EA37D63,EarnedStamp,,,2025-11-26
INT-E5EB6102,USR-90E377C8,EarnedStamp,,,2024-07-19
INT-FCBDDF59,USR-DA42CA76,EarnedStamp,,,2024-09-09
INT-26714620,USR-AE4BA1B7,LoggedIn,,,2024-08-03
INT-E20476F1,USR-2116F0BD,EarnedStamp,,,2024-07-17
INT-A22B6A5C,USR-098DA84F,LoggedIn,,,2024-03-12
INT-3F8525D4,USR-CECFCAAD,LoggedIn,,,2025-12-25
INT-688DFFBB,USR-DFC2F878,LoggedIn,,,2025-07-04
INT-609DADAF,USR-74C8A93C,LoggedIn,,,2024-10-24
INT-5EDD993E,USR-DBB7F267,LoggedIn,,,2024-06-18
INT-D8F2968C,USR-E0DBB996,LoggedIn,,,2025-12-19
INT-C76DF297,USR-8F8A449F,LoggedIn,,,2024-07-13
INT-C9A845E4,USR-BFA06269,LoggedIn,,,2024-10-19
INT-B7BBB1C3,USR-2F362EC0,LoggedIn,,,2025-12-30
INT-23BFB77E,USR-8DEA9AB2,LoggedIn,,,2024-08-03
INT-85106507,USR-07B22563,EarnedStamp,,,2024-05-21
INT-6B465B23,USR-A2189587,EngagedCampaign,CAMP-002,Winter Reward,2024-04-30
INT-57667D91,USR-A9AC57D6,LoggedIn,,,2024-12-20
INT-46EEAB10,USR-72397CD1,LoggedIn,,,2025-04-07
INT-EAF6231F,USR-1C678179,LoggedIn,,,2024-06-05
INT-80C1A02E,USR-CCA59BE6,LoggedIn,,,2024-07-02
INT-C68BB46A,USR-B4A6A8DD,LoggedIn,,,2024-04-08
INT-21415DC9,USR-B6B4996C,EarnedStamp,,,2024-12-21
INT-7D75242D,USR-3625DF12,EngagedCampaign,CAMP-003,Georgia Points Boost,2024-04-05
INT-CCF26050,USR-5B6E739B,EarnedStamp,,,2024-12-03
INT-E78D1812,USR-C58E4128,LoggedIn,,,2025-02-23
INT-2ED18A31,USR-D382ABAD,LoggedIn,,,2025-11-13
INT-BE16072C,USR-48FFA3FD,EngagedCampaign,CAMP-008,Regional Special,2025-06-27
INT-FD9B2443,USR-3A4E834A,EngagedCampaign,CAMP-007,Morning Commuter Bonus,2024-09-04
INT-A2FCAE97,USR-18DEFBE3,LoggedIn,,,2025-04-16
INT-9435B2C8,USR-C58E4128,EarnedStamp,,,2025-03-12
INT-913CD768,USR-66140D2A,LoggedIn,,,2025-09-20
INT-B4EBA85A,USR-FB65F54F,EarnedStamp,,,2024-12-05
INT-5C1A8885,USR-F7D4095B,EngagedCampaign,CAMP-007,Morning Commuter Bonus,2026-01-10
INT-3202CF26,USR-EBD896B1,LoggedIn,,,2024-12-17
INT-FB8CE81B,USR-2D3A7D6E,EarnedStamp,,,2025-10-10
INT-B44AE6EB,USR-BCD71AFB,LoggedIn,,,2025-04-29
INT-F0322529,USR-92C61C96,EngagedCampaign,CAMP-003,Georgia Points Boost,2025-02-22
INT-37996A72,USR-B180A97A,LoggedIn,,,2025-12-07
INT-177B0426,USR-D313C2BD,EarnedStamp,,,2025-01-11
INT-E83064D7,USR-8C59047E,EarnedStamp,,,2025-12-05
INT-10C7F90C,USR-FEA4BAEA,EngagedCampaign,CAMP-008,Regional Special,2024-05-18
INT-6CF6B836,USR-8DA576DC,EngagedCampaign,CAMP-002,Winter Reward,2026-02-10
INT-152D1B86,USR-12052D48,LoggedIn,,,2025-04-25
INT-EE50A520,USR-237AAECA,LoggedIn,,,2024-12-21
INT-9DC417C1,USR-C3DB1FAE,LoggedIn,,,2024-10-25
INT-2BAD5C83,USR-C3DB1FAE,LoggedIn,,,2024-06-03
INT-A011AC56,USR-53FE2B1F,EarnedStamp,,,2025-07-14
INT-0338875E,USR-6C9187CF,EarnedStamp,,,2024-12-18
INT-823B8493,USR-81074D2F,LoggedIn,,,2025-08-24
INT-873AC82B,USR-D08E48AF,EarnedStamp,,,2025-10-06
INT-4A0FBF93,USR-74E7957F,EarnedStamp,,,2024-03-21
INT-7ADB4A56,USR-F2491EFD,LoggedIn,,,2025-06-29
INT-8F703FC9,USR-C5CDA2E3,EarnedStamp,,,2024-03-19
INT-21B8D955,USR-7468677B,LoggedIn,,,2024-10-01
INT-9BA9D342,USR-F1DF2170,LoggedIn,,,2025-10-23
INT-75DDCA27,USR-E65D3809,EarnedStamp,,,2024-05-12
INT-ED4AFA62,USR-C11ECFA6,EngagedCampaign,CAMP-006,Hydration Challenge,2024-03-02
INT-5C228268,USR-1471E6C1,LoggedIn,,,2025-04-13
INT-C5F6B42C,USR-8F8A449F,LoggedIn,,,2025-05-13
INT-94ACECB0,USR-3B301F2E,LoggedIn,,,2024-03-07
INT-2C87D90D,USR-1A2AD4A5,EarnedStamp,,,2024-03-31
INT-EEA3328D,USR-B58F9776,EarnedStamp,,,2025-07-06
INT-E7D4F2BD,USR-377E01DF,LoggedIn,,,2025-12-25
INT-C7F84094,USR-7A852F25,LoggedIn,,,2024-03-13
INT-65B69D2E,USR-71C6450E,LoggedIn,,,2024-08-05
INT-6BCF1EA1,USR-E3A158EB,LoggedIn,,,2025-02-16
INT-F16C01F7,USR-92E67091,LoggedIn,,,2025-04-29
INT-B9836ABC,USR-EC28C8E2,LoggedIn,,,2024-12-13
INT-BB3043F3,USR-92E67091,LoggedIn,,,2025-07-29
INT-B6C354D0,USR-DA40442E,EngagedCampaign,CAMP-006,Hydration Challenge,2025-05-28
INT-956BEC3F,USR-A515DAC8,LoggedIn,,,2024-12-23
INT-5DD461A9,USR-9B1C6C81,EngagedCampaign,CAMP-004,Spring Fresh Start,2025-08-22
INT-DE2CF67D,USR-D9D02B65,EngagedCampaign,CAMP-003,Georgia Points Boost,2025-09-05
INT-981B7984,USR-90DB124C,EarnedStamp,,,2024-11-07
INT-6B81078D,USR-418B6EDC,EarnedStamp,,,2025-02-15
INT-E09E73E3,USR-989E627E,LoggedIn,,,2025-06-14
INT-D757B07A,USR-AFE43384,LoggedIn,,,2024-04-30
INT-4FE35259,USR-9B7C461A,EngagedCampaign,CAMP-007,Morning Commuter Bonus,2024-06-11
INT-4F467223,USR-5DDDCDA0,LoggedIn,,,2025-11-06
INT-91B250A7,USR-E3A158EB,EarnedStamp,,,2024-12-15
INT-3F3C78DD,USR-3E0BDCE6,EngagedCampaign,CAMP-004,Spring Fresh Start,2026-02-09
INT-D2B3ACF5,USR-EAC539FE,LoggedIn,,,2024-03-11
INT-EBB85D8E,USR-E30ACCB9,LoggedIn,,,2024-03-03
INT-7C440FDF,USR-E8BADAB8,LoggedIn,,,2025-12-08
INT-3BD73403,USR-BCD71AFB,EarnedStamp,,,2025-02-24
INT-E9E8F11E,USR-23327163,LoggedIn,,,2025-04-17
INT-C0E344BE,USR-888AD4CB,LoggedIn,,,2026-01-17
INT-B45BE59C,USR-DB6AA5E3,LoggedIn,,,2025-08-01
INT-A205FE4D,USR-DEF641C9,LoggedIn,,,2026-01-05
INT-7207577E,USR-AD044595,LoggedIn,,,2025-07-06
INT-603320AA,USR-1705E9D9,EngagedCampaign,CAMP-004,Spring Fresh Start,2024-10-17
INT-6CB9A5C5,USR-C6C23A4B,EarnedStamp,,,2024-06-18
INT-35286399,USR-BFA06269,LoggedIn,,,2024-04-24
INT-5609E67A,USR-E30ACCB9,LoggedIn,,,2024-06-28
INT-230F4477,USR-3A4E834A,LoggedIn,,,2025-08-21
INT-4108A437,USR-53A94995,EarnedStamp,,,2026-02-01
INT-1F1AC1D3,USR-154E2B2C,LoggedIn,,,2024-03-24
INT-13533AE0,USR-68AB3DF3,EarnedStamp,,,2025-08-06
INT-77377649,USR-1471E6C1,EngagedCampaign,CAMP-005,Weekend Double Stamps,2025-11-28
INT-BE6AF479,USR-ECE9FAE8,LoggedIn,,,2025-12-17
INT-5DA956B2,USR-40549955,LoggedIn,,,2024-11-19
INT-B015C187,USR-7C7C26AF,EngagedCampaign,CAMP-001,Natsu Summer Campaign,2025-05-06
INT-0B0538E7,USR-A18406EA,EarnedStamp,,,2025-11-18
INT-7866E8A1,USR-D8D6B05E,LoggedIn,,,2024-10-26
INT-5B510E44,USR-93CBF815,EarnedStamp,,,2024-07-30
INT-66C519AB,USR-7EE707E8,EarnedStamp,,,2025-09-17
INT-44E4FF7E,USR-EDA65DBE,EarnedStamp,,,2024-09-04
INT-F57B2095,USR-987132E0,LoggedIn,,,2025-06-13
INT-19A148D1,USR-1CF10005,LoggedIn,,,2025-07-22
INT-6D3AA493,USR-4F60DBCD,EngagedCampaign,CAMP-008,Regional Special,2024-04-08
INT-F4512A01,USR-6975BC1C,LoggedIn,,,2025-12-14
INT-ACD6AF58,USR-1C36A028,LoggedIn,,,2024-05-06
INT-CC6D58AC,USR-7ADB17F7,EngagedCampaign,CAMP-008,Regional Special,2024-04-17
INT-C5C1299D,USR-C6707CC3,LoggedIn,,,2025-03-04
INT-05FB8790,USR-A19DC31D,EngagedCampaign,CAMP-008,Regional Special,2025-04-20
INT-99D88D20,USR-3728614A,LoggedIn,,,2025-06-20
INT-3552F281,USR-23327163,EarnedStamp,,,2025-07-30
INT-C51CF517,USR-943B64D3,LoggedIn,,,2024-03-11
INT-0D07C52D,USR-9F0F64F1,EarnedStamp,,,2025-07-28
INT-90FD0D38,USR-A19DC31D,LoggedIn,,,2024-07-13
INT-43DADEC9,USR-2FBBD898,LoggedIn,,,2025-04-06
INT-EAFB1EAC,USR-987132E0,EarnedStamp,,,2024-07-12
INT-481F68E3,USR-D33E5B1B,EarnedStamp,,,2025-08-03
INT-9632A57F,USR-2D3A7D6E,EarnedStamp,,,2025-02-26
INT-C5ABFEF1,USR-DF554F86,LoggedIn,,,2025-10-22
INT-D5CF529D,USR-39F04295,EarnedStamp,,,2024-11-04
INT-D1106E59,USR-784654BE,LoggedIn,,,2025-12-15
INT-E1450A0A,USR-709E18E0,LoggedIn,,,2024-05-07
INT-9B9E7440,USR-05684EC6,EarnedStamp,,,2025-07-20
INT-0BC9D21F,USR-FE79FFF4,EngagedCampaign,CAMP-001,Natsu Summer Campaign,2024-10-09
INT-221F9DD0,USR-368F45FE,EarnedStamp,,,2024-12-31
INT-9B1027A6,USR-5CE48D5B,EarnedStamp,,,2024-09-26
INT-A9E921DA,USR-C5CDA2E3,EngagedCampaign,CAMP-001,Natsu Summer Campaign,2025-02-26
INT-357D1AA9,USR-2116F0BD,EngagedCampaign,CAMP-002,Winter Reward,2024-03-07
INT-2786DE4A,USR-66BABA34,LoggedIn,,,2026-02-09
INT-F4F4FCFE,USR-F52396D9,EarnedStamp,,,2026-01-16
INT-BA118486,USR-8520327C,LoggedIn,,,2025-09-06
INT-26879292,USR-168A5A0B,LoggedIn,,,2025-09-20
INT-8CDC98BA,USR-7E74545A,LoggedIn,,,2025-02-02
INT-DFE6F48B,USR-05B8A84E,LoggedIn,,,2024-12-08
INT-5126E0D9,USR-862702F8,EngagedCampaign,CAMP-002,Winter Reward,2025-05-27
INT-A18B7602,USR-21459E6B,EngagedCampaign,CAMP-005,Weekend Double Stamps,2025-06-06
INT-34EC8753,USR-BEEAA1DA,LoggedIn,,,2025-08-17
INT-871825A6,USR-15B036A8,EarnedStamp,,,2024-09-08
INT-D1FFCA74,USR-1AD002D4,EarnedStamp,,,2026-01-25
INT-46CA2858,USR-7A6BB4B9,EarnedStamp,,,2024-06-29
INT-AB2E78AE,USR-E8BADAB8,EngagedCampaign,CAMP-007,Morning Commuter Bonus,2025-02-27
INT-5394141A,USR-2DE19692,EarnedStamp,,,2024-10-23
INT-F7464958,USR-9F914A24,EarnedStamp,,,2024-08-01
INT-13E3B02B,USR-CA1F1B17,LoggedIn,,,2025-04-21
INT-70497B6A,USR-A24F57B8,EarnedStamp,,,2024-09-11
INT-0FCB5754,USR-D33E5B1B,EarnedStamp,,,2024-04-22
INT-A7A2A0E5,USR-C11ECFA6,LoggedIn,,,2024-09-05
INT-5BB3A0AA,USR-45D59873,LoggedIn,,,2025-10-17
INT-58198BDA,USR-71C6450E,LoggedIn,,,2026-01-27
INT-82E71D92,USR-3724F37F,EarnedStamp,,,2024-05-10
INT-683A6D07,USR-96DFBE54,EarnedStamp,,,2025-10-09
INT-F5247B20,USR-3728614A,EarnedStamp,,,2025-09-25
INT-DD2ED217,USR-60BC4130,EarnedStamp,,,2026-02-22
INT-329A0E7F,USR-3728614A,EarnedStamp,,,2024-12-23
INT-E4DD4837,USR-48F8D309,LoggedIn,,,2024-12-12
INT-25146700,USR-1C9ADCF2,EngagedCampaign,CAMP-005,Weekend Double Stamps,2025-03-06
INT-5ADBFDEA,USR-AF173D0A,LoggedIn,,,2024-10-26
INT-04E2BAB5,USR-BFA06269,LoggedIn,,,2025-01-17
INT-C41DCA06,USR-A8B517F3,EarnedStamp,,,2024-05-17
INT-A28AB94B,USR-93CBF815,LoggedIn,,,2025-09-22
INT-926C2900,USR-6AE68BC1,LoggedIn,,,2025-02-05
INT-E492BE05,USR-9B7C461A,LoggedIn,,,2026-02-27
INT-E52ED05A,USR-993D897E,LoggedIn,,,2025-12-06
INT-58D34C3A,USR-3D84F1C9,EarnedStamp,,,2024-04-20
INT-B3B29714,USR-B6B4996C,LoggedIn,,,2025-03-26
INT-C6CA3D96,USR-E5ECAFC2,EarnedStamp,,,2024-07-17
INT-5FC2434D,USR-C868D1CB,LoggedIn,,,2024-04-10
INT-BBAF7B1D,USR-8F9832E0,EarnedStamp,,,2025-02-08
INT-3FB11AD3,USR-57B124C6,EarnedStamp,,,2024-09-24
INT-34991BEE,USR-B180A97A,LoggedIn,,,2025-12-15
INT-1074D278,USR-EF376D1B,LoggedIn,,,2025-06-16
INT-BBB12D71,USR-9B7C461A,LoggedIn,,,2025-01-06
INT-ECA21FA0,USR-784654BE,LoggedIn,,,2024-05-26
INT-89AE87DE,USR-C6F61FED,EarnedStamp,,,2024-07-25
INT-77D80916,USR-2DE19692,LoggedIn,,,2024-10-01
INT-7E11681E,USR-EBD896B1,EarnedStamp,,,2024-09-04
INT-54EF2D0E,USR-36FB866E,EngagedCampaign,CAMP-006,Hydration Challenge,2025-08-17
INT-7AB4797E,USR-A1A63B62,EarnedStamp,,,2025-01-28
INT-EDFF3644,USR-4020666C,EngagedCampaign,CAMP-004,Spring Fresh Start,2024-10-12
INT-32146AE5,USR-4F74E72D,EarnedStamp,,,2024-08-20
INT-079FD54C,USR-FB65F54F,EarnedStamp,,,2024-03-08
INT-28ECCAC5,USR-49B7B5E9,EarnedStamp,,,2024-04-15
INT-7BC19550,USR-1737B808,LoggedIn,,,2025-04-07
INT-318784CA,USR-5C0226C5,LoggedIn,,,2025-03-19
INT-AFBA3CE6,USR-E9EE578F,EarnedStamp,,,2025-11-17
INT-F5DADEFB,USR-1A2AD4A5,LoggedIn,,,2026-01-22
INT-EA9B320A,USR-377E01DF,EngagedCampaign,CAMP-004,Spring Fresh Start,2025-01-19
INT-7D9CF95F,USR-D51FC580,LoggedIn,,,2025-03-05
INT-B72DD1FE,USR-47985259,EngagedCampaign,CAMP-006,Hydration Challenge,2025-11-07
INT-969FF944,USR-EA442E11,EngagedCampaign,CAMP-008,Regional Special,2024-03-15
INT-680FBCB6,USR-8AD66611,LoggedIn,,,2025-05-20
INT-052696B1,USR-5DDDCDA0,EarnedStamp,,,2025-09-22
INT-634EB382,USR-9EEF410F,EngagedCampaign,CAMP-004,Spring Fresh Start,2024-09-15
INT-0C094FD0,USR-69D75EAF,LoggedIn,,,2024-04-19
INT-C1EF4114,USR-329094A0,LoggedIn,,,2025-12-28
INT-62E1D989,USR-ED2C34E7,LoggedIn,,,2025-07-08
INT-DC1CDEEB,USR-47D0BBC5,EngagedCampaign,CAMP-008,Regional Special,2025-09-07
INT-74B3F9E0,USR-D382ABAD,EarnedStamp,,,2024-07-04
INT-28F9B260,USR-60D6FDEC,EarnedStamp,,,2025-09-11
INT-137A3ABB,USR-F2491EFD,LoggedIn,,,2024-03-18
INT-70AE822A,USR-5B6E739B,LoggedIn,,,2024-06-12
INT-59FDBD59,USR-AE4BA1B7,EarnedStamp,,,2024-12-22
INT-70E0ACCD,USR-C6D143FA,LoggedIn,,,2024-05-02
INT-9A4D4B9F,USR-87193EF0,EngagedCampaign,CAMP-003,Georgia Points Boost,2025-01-24
INT-7AB49E54,USR-267DAB8F,EngagedCampaign,CAMP-008,Regional Special,2024-08-04
INT-055F03F5,USR-0ADFEBC7,LoggedIn,,,2024-09-20
INT-C9F78031,USR-C6D143FA,EngagedCampaign,CAMP-004,Spring Fresh Start,2024-08-31
INT-90EA3EE7,USR-7A34CF2C,LoggedIn,,,2024-04-01
INT-E6F34460,USR-1A2AD4A5,EngagedCampaign,CAMP-008,Regional Special,2024-11-07
INT-CD2D5BE0,USR-6079B2F9,EngagedCampaign,CAMP-006,Hydration Challenge,2024-04-13
INT-47C4DCF0,USR-2FADFA42,EngagedCampaign,CAMP-006,Hydration Challenge,2024-10-25
INT-A348961D,USR-6DBA443B,LoggedIn,,,2024-11-14
INT-84D05AD1,USR-51071089,EarnedStamp,,,2024-06-07
INT-575F538A,USR-952FF497,LoggedIn,,,2026-01-31
INT-A7A14BC9,USR-2F1F9FB6,LoggedIn,,,2025-03-05
INT-64F627AE,USR-A6978FE4,EarnedStamp,,,2026-02-26
INT-4D593902,USR-E40C4BCA,LoggedIn,,,2025-11-30
INT-5B673E81,USR-15B036A8,EngagedCampaign,CAMP-004,Spring Fresh Start,2025-07-25
INT-5334EFD8,USR-AFE43384,LoggedIn,,,2025-03-25
INT-FCB3079B,USR-DB40BDB5,LoggedIn,,,2025-01-22
INT-F5471B2F,USR-D676BC80,LoggedIn,,,2026-02-26
INT-15872891,USR-4597B3E6,EngagedCampaign,CAMP-002,Winter Reward,2024-12-21
INT-66195467,USR-E583B827,LoggedIn,,,2025-09-02
INT-4594604D,USR-592825BE,EngagedCampaign,CAMP-004,Spring Fresh Start,2024-08-18
INT-29C07B59,USR-FD035E60,EngagedCampaign,CAMP-001,Natsu Summer Campaign,2025-04-05
INT-1A55DF5A,USR-2116F0BD,EngagedCampaign,CAMP-002,Winter Reward,2024-08-22
INT-03F6875B,USR-00C46383,EarnedStamp,,,2024-03-31
INT-3C7FAD3F,USR-368F45FE,LoggedIn,,,2024-05-20
INT-C760BBC1,USR-B9B8521F,LoggedIn,,,2025-08-05
INT-A78D9A0E,USR-2994D295,EarnedStamp,,,2025-01-16
INT-5CA0C010,USR-FEA4BAEA,LoggedIn,,,2025-01-01
INT-02A1E100,USR-DD6340E4,LoggedIn,,,2024-04-02
INT-000263F9,USR-FB65F54F,LoggedIn,,,2024-09-04
INT-D4A4D78B,USR-4597B3E6,LoggedIn,,,2024-04-15
INT-D9B7EE6A,USR-74B80D0B,LoggedIn,,,2025-07-19
INT-457E1EE8,USR-57B124C6,LoggedIn,,,2025-06-20
INT-4BEC6081,USR-A05A0812,EarnedStamp,,,2025-09-11
INT-9401A564,USR-B4F817A8,EarnedStamp,,,2025-11-05
INT-910D21E8,USR-3B301F2E,EngagedCampaign,CAMP-004,Spring Fresh Start,2025-09-28
INT-456B02A2,USR-D8D6B05E,EarnedStamp,,,2025-04-23
INT-1251BA1B,USR-DC9E84CE,EngagedCampaign,CAMP-005,Weekend Double Stamps,2024-12-13
INT-DDFE447B,USR-0ADFEBC7,LoggedIn,,,2025-12-06
INT-331D2AC4,USR-8B66D801,LoggedIn,,,2024-04-22
INT-7E79A33D,USR-ADC83BE7,EarnedStamp,,,2025-11-22
INT-DC173728,USR-7F480F50,LoggedIn,,,2024-07-10
INT-12232941,USR-864BD9B5,LoggedIn,,,2025-09-22
INT-4F5E0EB0,USR-9818B6F4,LoggedIn,,,2024-06-06
INT-A8B78EAA,USR-3B301F2E,LoggedIn,,,2025-01-28
INT-A9A63D4B,USR-DEF641C9,EarnedStamp,,,2024-08-10
INT-3676B764,USR-8DA576DC,LoggedIn,,,2024-05-27
INT-2D1CB8A7,USR-082DF180,EarnedStamp,,,2025-08-31
INT-0CC2B861,USR-2E4ED9CB,LoggedIn,,,2024-06-21
INT-466DF94E,USR-93CBF815,LoggedIn,,,2026-01-29
INT-E9656435,USR-9F0F64F1,LoggedIn,,,2024-12-01
INT-9769438A,USR-A61CDC2B,LoggedIn,,,2025-11-13
INT-668D7E21,USR-1741D2CD,EngagedCampaign,CAMP-002,Winter Reward,2025-07-14
INT-F7748403,USR-E583B827,LoggedIn,,,2024-03-31
INT-3C63F883,USR-1D470D6C,EngagedCampaign,CAMP-005,Weekend Double Stamps,2025-06-30
INT-8D7143CD,USR-8B357131,EarnedStamp,,,2024-07-03
INT-A05F79A5,USR-E3A158EB,LoggedIn,,,2024-07-21
INT-6F45FF31,USR-F7D4095B,EngagedCampaign,CAMP-008,Regional Special,2024-12-24
INT-9BAE0007,USR-1982B4F0,LoggedIn,,,2025-11-11
INT-277E7A14,USR-53A94995,EarnedStamp,,,2025-09-28
INT-28C845B7,USR-71C6450E,LoggedIn,,,2025-03-25
INT-36E64F72,USR-D9D02B65,LoggedIn,,,2025-10-27
INT-BE4BFF62,USR-9795232E,LoggedIn,,,2024-03-25
INT-83E3D264,USR-1917C70A,LoggedIn,,,2025-10-13
INT-1EB762EA,USR-8D9CC247,EarnedStamp,,,2024-07-13
INT-7B12DC0F,USR-20D3933B,EarnedStamp,,,2025-11-19
INT-EEAC7125,USR-4337024D,LoggedIn,,,2025-12-10
INT-CF7998D4,USR-4058528B,EngagedCampaign,CAMP-001,Natsu Summer Campaign,2024-08-08
INT-875CC6C5,USR-B4A6A8DD,LoggedIn,,,2025-10-31
INT-98D3A328,USR-F7D4095B,LoggedIn,,,2026-01-11
INT-B8DF4673,USR-035859B1,EarnedStamp,,,2024-03-23
INT-16CE3B68,USR-368F45FE,LoggedIn,,,2025-05-02
INT-12CB7894,USR-48F8D309,EarnedStamp,,,2024-07-24
INT-3E4D91D4,USR-D580DAB4,LoggedIn,,,2025-08-05
INT-B1504FB0,USR-FD035E60,LoggedIn,,,2024-08-13
INT-B49021E8,USR-8F0446E1,EarnedStamp,,,2024-11-12
INT-9AA0FBD1,USR-721E9C57,EarnedStamp,,,2025-01-19
INT-28346024,USR-2878820A,EngagedCampaign,CAMP-008,Regional Special,2025-01-21
INT-06A523E2,USR-6DB5391F,EngagedCampaign,CAMP-004,Spring Fresh Start,2025-03-22
INT-86FFABC6,USR-062DD25B,LoggedIn,,,2024-04-03
INT-E677474E,USR-93CBF815,LoggedIn,,,2024-06-24
INT-4B5B91BA,USR-505FAD88,LoggedIn,,,2024-08-25
INT-633B1EC7,USR-B58F9776,LoggedIn,,,2024-04-14
INT-8E8DB9F6,USR-145369A1,EarnedStamp,,,2025-01-21
INT-A0303AC8,USR-3F1415D3,LoggedIn,,,2025-09-29
INT-9D41C142,USR-E9EE578F,EarnedStamp,,,2025-11-26
INT-2288E5B7,USR-592825BE,LoggedIn,,,2025-11-14
INT-C70571A9,USR-23327163,LoggedIn,,,2026-01-11
INT-CA5903E4,USR-EC312AFF,EngagedCampaign,CAMP-005,Weekend Double Stamps,2025-11-18
INT-2B061A25,USR-BBDE6D92,LoggedIn,,,2024-03-17
INT-A054E041,USR-21459E6B,LoggedIn,,,2024-12-24
INT-EAFCB5F6,USR-3BC92C11,LoggedIn,,,2024-05-13
INT-7BBA780D,USR-A7B5CA58,LoggedIn,,,2024-07-18
INT-4DE38E25,USR-5CE48D5B,LoggedIn,,,2024-08-04
INT-9A2D12D6,USR-FB65F54F,EngagedCampaign,CAMP-002,Winter Reward,2025-10-05
INT-0280730B,USR-1A2AD4A5,EngagedCampaign,CAMP-006,Hydration Challenge,2025-07-10
INT-F72B7128,USR-74E7957F,LoggedIn,,,2025-01-06
INT-33BF3D98,USR-74E7957F,LoggedIn,,,2024-03-16
INT-AD365E2F,USR-1FD044C8,LoggedIn,,,2025-10-10
INT-3C28EF98,USR-7F480F50,LoggedIn,,,2025-01-03
INT-04C29274,USR-A19DC31D,EarnedStamp,,,2025-08-21
INT-C5425561,USR-654936BD,EarnedStamp,,,2025-11-14
INT-5726C8E6,USR-1917C70A,LoggedIn,,,2026-01-01
INT-B689195D,USR-0D256762,EarnedStamp,,,2025-04-01
INT-BEE3F61E,USR-0D075425,EarnedStamp,,,2024-05-15
INT-2CCC4724,USR-C8AB6402,EngagedCampaign,CAMP-002,Winter Reward,2025-08-23
INT-9FE3DE36,USR-D08B729C,EngagedCampaign,CAMP-008,Regional Special,2024-04-28
INT-1986FC3F,USR-0B70AFCD,EngagedCampaign,CAMP-008,Regional Special,2025-11-18
INT-CDC4465B,USR-E55EBEAD,EarnedStamp,,,2025-11-12
INT-C25602F0,USR-97AE3DF4,EngagedCampaign,CAMP-001,Natsu Summer Campaign,2024-06-02
INT-024D8D6D,USR-0289E4B2,EarnedStamp,,,2024-04-03
INT-7A2F7277,USR-4A6C8C20,EngagedCampaign,CAMP-002,Winter Reward,2025-03-14
INT-8AEB6DFE,USR-0ADFEBC7,LoggedIn,,,2025-06-16
INT-82CD278F,USR-48F8D309,EngagedCampaign,CAMP-006,Hydration Challenge,2024-06-26
INT-61C8BCBD,USR-5065CA6E,EngagedCampaign,CAMP-007,Morning Commuter Bonus,2025-03-12
INT-78992332,USR-2A7C68BF,EarnedStamp,,,2024-08-09
INT-16F267AF,USR-2F1F9FB6,EarnedStamp,,,2024-12-12
INT-CB13B826,USR-8F8A449F,LoggedIn,,,2025-02-27
INT-CAF3CEEC,USR-DB435ABC,EngagedCampaign,CAMP-001,Natsu Summer Campaign,2025-05-19
INT-8B76174F,USR-F72C9B34,EngagedCampaign,CAMP-005,Weekend Double Stamps,2025-08-23
INT-2CC871D3,USR-8D9CC247,EngagedCampaign,CAMP-002,Winter Reward,2025-01-19
INT-E321AED9,USR-6DACE46F,EarnedStamp,,,2024-11-02
INT-C9CE7FDF,USR-C808B976,EarnedStamp,,,2025-06-21
INT-4FDC8922,USR-23280381,LoggedIn,,,2026-01-27
INT-A3E52910,USR-DEF641C9,EngagedCampaign,CAMP-002,Winter Reward,2025-01-09
INT-DD818498,USR-2878820A,LoggedIn,,,2025-07-26
INT-96C94C8A,USR-ADD12C4E,LoggedIn,,,2024-12-28
INT-D65DC7EF,USR-A8424D17,LoggedIn,,,2024-08-13
INT-B33E24F2,USR-E149363D,LoggedIn,,,2025-06-24
INT-AE405118,USR-8D9CC247,EarnedStamp,,,2025-04-28
INT-D40B15EE,USR-DA40442E,LoggedIn,,,2025-01-04
INT-414800E4,USR-45D59873,LoggedIn,,,2024-11-03
INT-1200EB25,USR-6975BC1C,LoggedIn,,,2025-11-29
INT-E9289870,USR-795BD95D,LoggedIn,,,2024-07-15
INT-65DC6F2B,USR-4B1DB9C3,EarnedStamp,,,2024-11-26
INT-38AD1448,USR-D313C2BD,EarnedStamp,,,2025-10-24
INT-6D17BEE8,USR-FB7362C3,LoggedIn,,,2025-01-30
INT-07567E82,USR-2284F2D9,LoggedIn,,,2024-09-13
INT-C79E3D97,USR-1149F621,LoggedIn,,,2024-05-12
INT-8701D4B3,USR-AC4BCC07,EarnedStamp,,,2025-04-25
INT-8BE072AC,USR-1D470D6C,LoggedIn,,,2024-03-27
INT-043D4E8F,USR-A7B5CA58,LoggedIn,,,2024-06-21
INT-D270B247,USR-E8BADAB8,EarnedStamp,,,2024-04-22
INT-AD7FF4D6,USR-21459E6B,EarnedStamp,,,2024-10-25
INT-C0D8A300,USR-7600A84A,EngagedCampaign,CAMP-004,Spring Fresh Start,2024-09-16
INT-57B143FF,USR-F69156FB,EngagedCampaign,CAMP-001,Natsu Summer Campaign,2025-02-28
INT-131F3A87,USR-654936BD,EarnedStamp,,,2024-04-23
INT-71342862,USR-43C00CE7,EarnedStamp,,,2024-05-30
INT-6C68863F,USR-E0DBB996,LoggedIn,,,2026-01-18
INT-1B06F10B,USR-505FAD88,EarnedStamp,,,2025-07-15
INT-37A9D653,USR-EFDE47EE,EngagedCampaign,CAMP-007,Morning Commuter Bonus,2024-08-27
INT-1813F091,USR-7A8E193C,EngagedCampaign,CAMP-007,Morning Commuter Bonus,2025-08-27
INT-1928473D,USR-7B123D86,LoggedIn,,,2024-03-27
INT-88AE6ADD,USR-12052D48,EarnedStamp,,,2025-03-21
INT-045AEADE,USR-C2C57A2F,EngagedCampaign,CAMP-001,Natsu Summer Campaign,2024-04-05
INT-04C49B42,USR-15C48C96,EngagedCampaign,CAMP-004,Spring Fresh Start,2025-05-23
INT-4F846BD7,USR-8BFF6238,EngagedCampaign,CAMP-005,Weekend Double Stamps,2025-04-12
INT-58DD7802,USR-2A7C68BF,LoggedIn,,,2024-12-15
INT-FD733DCD,USR-49B7B5E9,LoggedIn,,,2024-12-27
INT-7F7BEA33,USR-7A8E193C,EarnedStamp,,,2025-03-17
INT-6B8AFD44,USR-12060EB6,LoggedIn,,,2026-01-08
INT-69A80328,USR-ECE9FAE8,LoggedIn,,,2024-10-17
INT-36B56775,USR-48F8D309,EngagedCampaign,CAMP-003,Georgia Points Boost,2025-11-14
INT-A49766B0,USR-005378CF,EngagedCampaign,CAMP-002,Winter Reward,2025-09-12
INT-419FD9AC,USR-5DCEA305,EngagedCampaign,CAMP-003,Georgia Points Boost,2025-12-04
INT-AC50227E,USR-7A6BB4B9,LoggedIn,,,2024-05-09
INT-28AF7848,USR-9ACB74DC,EngagedCampaign,CAMP-002,Winter Reward,2025-06-25
INT-80164073,USR-E61B3192,EarnedStamp,,,2025-10-11
INT-14B646A0,USR-E0DBB996,EngagedCampaign,CAMP-003,Georgia Points Boost,2025-07-13
INT-324A8A54,USR-7A852F25,LoggedIn,,,2024-06-27
INT-EDE36B2D,USR-D95C67C7,LoggedIn,,,2025-04-19
INT-7ECD3AE4,USR-74213996,LoggedIn,,,2025-12-09
INT-FAE25982,USR-B180A97A,EarnedStamp,,,2025-04-11
INT-F10EBC58,USR-93CBF815,LoggedIn,,,2024-05-22
INT-E6D410E4,USR-EC28C8E2,EarnedStamp,,,2024-12-15
INT-C4938ACE,USR-AF173D0A,EngagedCampaign,CAMP-005,Weekend Double Stamps,2024-06-19
INT-61CC7EF4,USR-B7E99843,LoggedIn,,,2025-03-04
INT-5D0FA491,USR-D580DAB4,LoggedIn,,,2025-07-06
INT-A84B42EA,USR-79BCE8A8,EngagedCampaign,CAMP-006,Hydration Challenge,2025-11-05
INT-EA59B08F,USR-D7289597,EarnedStamp,,,2025-08-28
INT-179EE9C8,USR-6DB5391F,LoggedIn,,,2025-09-03
INT-3A91C19F,USR-53A94995,EarnedStamp,,,2025-07-31
INT-E3D60FFB,USR-934AE569,EngagedCampaign,CAMP-002,Winter Reward,2024-09-02
INT-D26BE19D,USR-9F914A24,EarnedStamp,,,2025-02-24
INT-E4CB4639,USR-25C0F995,EarnedStamp,,,2024-12-07
INT-40848AC5,USR-2878820A,LoggedIn,,,2024-09-10
INT-1A8E0BDB,USR-305C16A9,LoggedIn,,,2024-11-25
INT-E0F67D81,USR-F38D4D42,LoggedIn,,,2024-06-19
INT-309B2546,USR-521C0EC8,EarnedStamp,,,2025-01-06
INT-6A4DF285,USR-15B036A8,EngagedCampaign,CAMP-002,Winter Reward,2024-06-19
INT-4D1C4F46,USR-EE91CC87,LoggedIn,,,2025-03-16
INT-A60555A9,USR-AF173D0A,LoggedIn,,,2024-04-26
INT-419F0132,USR-96D1626B,EngagedCampaign,CAMP-005,Weekend Double Stamps,2025-05-17
INT-0567D916,USR-2E685EF6,LoggedIn,,,2024-10-03
INT-5C9D2E52,USR-8E1E3EB9,LoggedIn,,,2025-10-10
INT-2B8781FD,USR-ED6B2857,LoggedIn,,,2024-08-28
INT-DD592FE1,USR-BEEAA1DA,LoggedIn,,,2024-08-04
INT-B63F754A,USR-9F0F64F1,EarnedStamp,,,2025-06-05
INT-2D9F4223,USR-6AE68BC1,LoggedIn,,,2024-07-13
INT-90BF7F4C,USR-8F9832E0,LoggedIn,,,2024-09-16
INT-E569E3DA,USR-68AB3DF3,LoggedIn,,,2025-12-31
INT-BB86AAD4,USR-082DF180,EngagedCampaign,CAMP-001,Natsu Summer Campaign,2025-02-21
INT-6F19C707,USR-21459E6B,LoggedIn,,,2026-01-29
INT-87A74E3D,USR-B180A97A,EarnedStamp,,,2024-05-25
INT-795F3BCB,USR-7E74545A,EarnedStamp,,,2024-07-28
INT-78BFDC5E,USR-90DB124C,LoggedIn,,,2025-05-18
INT-3210D0E8,USR-E55EBEAD,LoggedIn,,,2024-11-16
INT-842EAFDD,USR-E5ECAFC2,EarnedStamp,,,2026-02-13
INT-5E7F3E89,USR-24108AEF,LoggedIn,,,2025-09-06
INT-72C1185E,USR-9EEF410F,EarnedStamp,,,2026-02-08
INT-F15C4166,USR-A750C3B8,LoggedIn,,,2024-08-09
INT-54B81392,USR-8C59047E,LoggedIn,,,2025-01-31
INT-796CDB2B,USR-8DF4E655,EarnedStamp,,,2026-02-14
INT-D31DDE51,USR-3DBA5AC6,EarnedStamp,,,2025-11-29
INT-C8F6B446,USR-BBDE6D92,LoggedIn,,,2024-03-27
INT-73F0AC67,USR-DB40BDB5,LoggedIn,,,2024-03-30
INT-6A84E2A8,USR-784654BE,EarnedStamp,,,2024-06-29
INT-1DAF41B1,USR-DEF641C9,EarnedStamp,,,2025-08-31
INT-5BB13970,USR-4B1AF19E,LoggedIn,,,2025-08-30
INT-E5B3B330,USR-0F1C6DBE,LoggedIn,,,2025-04-16
INT-93FE864E,USR-F5CEE960,LoggedIn,,,2025-05-25
INT-58D6AD98,USR-ECE9FAE8,EngagedCampaign,CAMP-005,Weekend Double Stamps,2024-06-17
INT-192C71BD,USR-943B64D3,EarnedStamp,,,2024-06-27
INT-4AD6F425,USR-E55EBEAD,LoggedIn,,,2025-01-16
INT-22436BEF,USR-81074D2F,LoggedIn,,,2025-05-17
INT-4ED82F83,USR-8DA576DC,LoggedIn,,,2025-08-03
INT-24807BA4,USR-DEF641C9,LoggedIn,,,2025-04-04
INT-B10FBE0F,USR-D121A091,EarnedStamp,,,2025-10-26
INT-300BE192,USR-9E6F7AC6,LoggedIn,,,2025-07-13
INT-A6B3B842,USR-FC7DFEF6,EarnedStamp,,,2025-02-24
INT-9372F8BF,USR-4597B3E6,EarnedStamp,,,2025-04-13
INT-FE4A0D94,USR-DB435ABC,EngagedCampaign,CAMP-003,Georgia Points Boost,2026-02-17
INT-B2CA1F62,USR-EA442E11,EarnedStamp,,,2026-01-03
INT-9E7DD48C,USR-DB2411D5,EarnedStamp,,,2025-12-20
INT-43861509,USR-27E7ECCC,LoggedIn,,,2024-07-01
INT-EBA86543,USR-C868D1CB,LoggedIn,,,2024-07-20
INT-69126E4B,USR-E30ACCB9,EarnedStamp,,,2024-06-17
INT-397806EB,USR-4B1DB9C3,EngagedCampaign,CAMP-008,Regional Special,2025-01-02
INT-9907B289,USR-2174DAA1,LoggedIn,,,2025-07-22
INT-1D26E92E,USR-90E377C8,EarnedStamp,,,2025-06-24
INT-31DCDC8B,USR-EEA65C2F,LoggedIn,,,2025-08-05
INT-85847804,USR-D19F0690,LoggedIn,,,2024-06-29
INT-5D6B0687,USR-0ADFEBC7,EarnedStamp,,,2024-03-04
INT-20E360CF,USR-86EF74E8,LoggedIn,,,2024-11-03
INT-603B1CEE,USR-1149F621,EarnedStamp,,,2024-04-27
INT-8046F025,USR-F12444C3,EarnedStamp,,,2026-01-25
INT-8AB982F0,USR-D121A091,LoggedIn,,,2025-05-08
INT-5E1DDAAC,USR-D9D02B65,LoggedIn,,,2025-08-09
INT-90C9417A,USR-85BF7BE2,EngagedCampaign,CAMP-001,Natsu Summer Campaign,2025-06-06
INT-A2C3FE8D,USR-28E105F8,LoggedIn,,,2025-04-10
INT-B01F66F9,USR-20D3933B,EarnedStamp,,,2025-05-19
INT-E8B291DE,USR-07B22563,LoggedIn,,,2024-11-18
INT-726CEA0F,USR-0D075425,LoggedIn,,,2025-03-29
INT-2F3AA9EC,USR-E65D3809,EngagedCampaign,CAMP-001,Natsu Summer Campaign,2024-11-28
INT-1E44687E,USR-0C3B02F1,EarnedStamp,,,2025-09-14
INT-C23D0729,USR-9D57176B,EngagedCampaign,CAMP-005,Weekend Double Stamps,2025-12-07
INT-F572AC4B,USR-FC7DFEF6,EngagedCampaign,CAMP-005,Weekend Double Stamps,2024-07-18
INT-D4184AE3,USR-CEFA08DB,LoggedIn,,,2024-12-05
INT-76BD866F,USR-07B22563,EarnedStamp,,,2025-08-02
INT-8595F9C4,USR-2284F2D9,EarnedStamp,,,2025-02-26
INT-1C87E45C,USR-66140D2A,LoggedIn,,,2025-09-24
INT-2B045D5D,USR-D9D02B65,EngagedCampaign,CAMP-005,Weekend Double Stamps,2024-06-18
INT-97AE8BC9,USR-74213996,LoggedIn,,,2024-08-29
INT-6F3878D3,USR-97AE3DF4,LoggedIn,,,2025-05-06
INT-2727307D,USR-96F19EDC,EngagedCampaign,CAMP-008,Regional Special,2024-10-30
INT-6E766290,USR-7486C640,EngagedCampaign,CAMP-006,Hydration Challenge,2024-08-24
INT-6FBAF7D3,USR-7A49C0F4,LoggedIn,,,2024-06-03
INT-BE0C1EBB,USR-DB2411D5,EarnedStamp,,,2025-09-04
INT-62FFD9D5,USR-C5CDA2E3,EngagedCampaign,CAMP-003,Georgia Points Boost,2024-05-20
INT-DBBA6CB5,USR-C0550C06,LoggedIn,,,2025-09-03
INT-E4B3F4BC,USR-A316C481,EngagedCampaign,CAMP-007,Morning Commuter Bonus,2025-03-15
INT-60D8212F,USR-E8E1B153,LoggedIn,,,2024-10-06
INT-64BE4D35,USR-FEA4BAEA,LoggedIn,,,2025-08-22
INT-C986B00C,USR-F12444C3,EarnedStamp,,,2026-02-03
INT-3EE8BB8A,USR-2CC8E54A,EarnedStamp,,,2025-07-10
INT-340765F7,USR-795BD95D,LoggedIn,,,2025-03-12
INT-2B3EEDE7,USR-2D3A7D6E,EarnedStamp,,,2025-07-30
INT-CB32A271,USR-B2BACBDF,EngagedCampaign,CAMP-003,Georgia Points Boost,2026-02-14
INT-B7F2D51F,USR-E2B79ADE,LoggedIn,,,2025-01-06
INT-FB9B5E40,USR-66BABA34,LoggedIn,,,2025-11-22
INT-14B18419,USR-0C3B02F1,LoggedIn,,,2025-08-15
INT-B2657459,USR-AF96F555,EarnedStamp,,,2024-03-17
INT-6E54C7AA,USR-154E2B2C,LoggedIn,,,2024-05-24
INT-0076A960,USR-2C033911,EarnedStamp,,,2024-09-03
INT-555008C7,USR-7A852F25,LoggedIn,,,2024-08-28
INT-24D0C4CD,USR-44BDA9AA,LoggedIn,,,2025-04-17
INT-8ED8EE22,USR-7E74545A,LoggedIn,,,2024-06-09
INT-A648E1BD,USR-5CE48D5B,LoggedIn,,,2024-03-11
INT-ED320B74,USR-392AE2A3,EarnedStamp,,,2025-07-27
INT-642D2A5A,USR-93CBF815,LoggedIn,,,2025-04-27
INT-B49E01CD,USR-ADDB4E6E,LoggedIn,,,2025-01-14
INT-EECF8374,USR-157A10B1,LoggedIn,,,2024-08-22
INT-C7F6B2A6,USR-137123E3,LoggedIn,,,2025-03-20
INT-AB96E738,USR-4A6C8C20,EngagedCampaign,CAMP-008,Regional Special,2025-06-09
INT-09EF53E4,USR-96DFBE54,EarnedStamp,,,2026-02-25
INT-5B97676C,USR-E40C4BCA,LoggedIn,,,2024-03-26
INT-BE11C8F9,USR-B681A362,LoggedIn,,,2025-12-21
INT-59B59BE4,USR-035859B1,EarnedStamp,,,2024-10-15
INT-8C2C24D7,USR-E12542B8,LoggedIn,,,2025-02-17
INT-48AFAA97,USR-BE90EB83,EngagedCampaign,CAMP-008,Regional Special,2024-12-16
INT-EE6D6FE8,USR-5D437DD6,EngagedCampaign,CAMP-001,Natsu Summer Campaign,2024-09-15
INT-F39018E7,USR-B4A6A8DD,LoggedIn,,,2025-03-03
INT-AB1846AC,USR-B58F9776,LoggedIn,,,2025-08-11
INT-1CD307AC,USR-6DBA443B,EarnedStamp,,,2025-03-18
INT-EC00AF14,USR-41F09551,EarnedStamp,,,2025-09-23
INT-075FC0EC,USR-FC7DFEF6,LoggedIn,,,2025-12-31
INT-A4DD157D,USR-E8E1B153,EarnedStamp,,,2024-05-03
INT-A2B58968,USR-6AE68BC1,LoggedIn,,,2024-05-12
INT-36E38313,USR-7A6BB4B9,LoggedIn,,,2025-11-16
INT-57B57706,USR-D121A091,EarnedStamp,,,2025-01-19
INT-0C5A30DD,USR-6C9187CF,LoggedIn,,,2024-06-13
INT-65C2507C,USR-5A94A7CB,LoggedIn,,,2025-05-13
INT-3C6D1ADF,USR-BA9A1EE4,EarnedStamp,,,2026-01-17
INT-6DDC9709,USR-8464F293,LoggedIn,,,2025-01-26
INT-35FE7E06,USR-784654BE,EngagedCampaign,CAMP-002,Winter Reward,2025-12-09
INT-5E142E5A,USR-7E74545A,LoggedIn,,,2024-12-01
INT-0B47A999,USR-7F480F50,EarnedStamp,,,2025-09-21
INT-3425776D,USR-4A6C8C20,LoggedIn,,,2025-08-13
INT-DC2D12E4,USR-01888C2F,EngagedCampaign,CAMP-004,Spring Fresh Start,2024-11-06
INT-962A0363,USR-61DECA24,EarnedStamp,,,2025-07-02
INT-DEC90B00,USR-2A7C68BF,LoggedIn,,,2025-05-18
INT-034CEF8D,USR-2174DAA1,EarnedStamp,,,2025-03-04
INT-BA3821C9,USR-BCFA392F,LoggedIn,,,2024-12-03
INT-51F0FB84,USR-98C563F8,EarnedStamp,,,2024-12-02
INT-C5F7D614,USR-862702F8,LoggedIn,,,2024-12-02
INT-0658BB08,USR-0ADFEBC7,EarnedStamp,,,2024-07-30
INT-5BC3FA31,USR-4337024D,LoggedIn,,,2025-06-07
INT-7F7662F6,USR-1C678179,LoggedIn,,,2025-11-26
INT-5CFC7804,USR-062DD25B,EngagedCampaign,CAMP-008,Regional Special,2025-06-12
INT-24D66EFA,USR-20FB714E,EarnedStamp,,,2024-12-30
INT-600471BD,USR-1C678179,LoggedIn,,,2026-01-30
INT-FB46FF2D,USR-2D3A7D6E,LoggedIn,,,2024-11-18
INT-9B2BD191,USR-A19DC31D,LoggedIn,,,2025-11-06
INT-D7FA13E2,USR-1AF6B033,EarnedStamp,,,2025-06-29
INT-94C4B0DD,USR-CEE2DCB2,LoggedIn,,,2025-08-04
INT-E1F1E75C,USR-DB435ABC,EngagedCampaign,CAMP-006,Hydration Challenge,2025-02-15
INT-A18191DA,USR-EA7E1517,LoggedIn,,,2025-03-08
INT-DD45F4A9,USR-A8424D17,LoggedIn,,,2025-04-04
INT-BBC44F01,USR-EDA65DBE,LoggedIn,,,2025-12-25
INT-A2737ED9,USR-952FF497,LoggedIn,,,2024-06-04
INT-B481B948,USR-A316C481,LoggedIn,,,2024-04-21
INT-5D02A56F,USR-F5CEE960,EarnedStamp,,,2026-02-02
INT-09802F3F,USR-B7C18AEF,EngagedCampaign,CAMP-006,Hydration Challenge,2025-12-06
INT-03E67FBF,USR-19017363,EarnedStamp,,,2025-01-21
INT-0402BAB7,USR-7468677B,LoggedIn,,,2024-05-23
INT-1BE5691D,USR-B681A362,EarnedStamp,,,2026-02-09
INT-99D47AF6,USR-BBDAC3E4,LoggedIn,,,2025-01-13
INT-962E921F,USR-5964DD23,EarnedStamp,,,2024-09-09
INT-80CA712A,USR-DA40442E,LoggedIn,,,2025-06-28
INT-5CA986E7,USR-654936BD,EngagedCampaign,CAMP-005,Weekend Double Stamps,2025-05-23
INT-6BD23FCF,USR-09617E42,EngagedCampaign,CAMP-001,Natsu Summer Campaign,2025-06-22
INT-483F0BD6,USR-BBDAC3E4,LoggedIn,,,2025-03-20
INT-E8C13721,USR-BA9A1EE4,EarnedStamp,,,2026-02-06
INT-20E05EED,USR-1DAEB7B7,EarnedStamp,,,2024-10-21
INT-0CF34BBD,USR-4469367F,EngagedCampaign,CAMP-008,Regional Special,2026-01-31
INT-C596EDBC,USR-9103851A,LoggedIn,,,2024-10-28
INT-10A7DC49,USR-B9B8521F,LoggedIn,,,2025-11-15
INT-A70A76AD,USR-035859B1,EarnedStamp,,,2026-02-06
INT-81A207F3,USR-61DECA24,LoggedIn,,,2024-05-04
INT-F0A77A3F,USR-47985259,EngagedCampaign,CAMP-004,Spring Fresh Start,2024-11-12
INT-D5D9A179,USR-7600A84A,LoggedIn,,,2025-03-26
INT-CFCDF73D,USR-D51FC580,EarnedStamp,,,2024-04-26
INT-323EABD7,USR-A4A32359,LoggedIn,,,2025-02-12
INT-219EF8A7,USR-A7B6D368,LoggedIn,,,2024-04-11
INT-7374E34A,USR-BF6B6625,EarnedStamp,,,2025-04-10
INT-AC915AA2,USR-48F8D309,LoggedIn,,,2025-01-21
INT-6B276183,USR-E0DBB996,EarnedStamp,,,2024-12-07
INT-F568B3F1,USR-C6C23A4B,LoggedIn,,,2025-07-20
INT-A1F2FBEB,USR-CEFA08DB,LoggedIn,,,2025-08-02
INT-B0A75B1C,USR-368F45FE,EngagedCampaign,CAMP-004,Spring Fresh Start,2024-03-28
INT-CCBF0E77,USR-74213996,LoggedIn,,,2024-12-11
INT-23A67D58,USR-A18406EA,LoggedIn,,,2025-07-13
INT-83A56C50,USR-AE833573,EarnedStamp,,,2024-11-16
INT-E8966C12,USR-00C46383,LoggedIn,,,2025-06-26
INT-DCEE3DC6,USR-6C9187CF,EarnedStamp,,,2025-08-11
INT-364C9508,USR-6A8B12E5,LoggedIn,,,2024-12-02
INT-9A66667B,USR-DE8B9C7E,LoggedIn,,,2025-10-30
INT-A19BBA00,USR-78E654EA,EarnedStamp,,,2025-02-11
INT-7AA6D7C7,USR-8AD66611,EngagedCampaign,CAMP-004,Spring Fresh Start,2024-11-15
INT-FAF4602F,USR-E910C2B4,EarnedStamp,,,2025-03-26
INT-7AEE5FF2,USR-00A95BB2,EarnedStamp,,,2025-04-21
INT-1AEF3775,USR-888AD4CB,EarnedStamp,,,2024-07-07
INT-0C960D3E,USR-A18406EA,LoggedIn,,,2026-01-11
INT-A2B2E0ED,USR-66140D2A,EarnedStamp,,,2024-12-07
INT-FCB3F381,USR-43C00CE7,LoggedIn,,,2024-05-10
INT-6DE3AE63,USR-A19DC31D,EarnedStamp,,,2026-01-11
INT-8580FFC8,USR-1C9ADCF2,LoggedIn,,,2025-11-22
INT-B8686F04,USR-098DA84F,LoggedIn,,,2024-07-15
INT-5543DF73,USR-A8B517F3,EarnedStamp,,,2025-06-28
INT-AEF19F41,USR-FE7695F6,LoggedIn,,,2024-10-08
INT-F4774D71,USR-2B28EB48,LoggedIn,,,2026-01-04
INT-DE7746C6,USR-377E01DF,LoggedIn,,,2024-08-04
INT-C818E45B,USR-96DFBE54,EarnedStamp,,,2024-12-20
INT-FF993D79,USR-CA703ACB,EngagedCampaign,CAMP-004,Spring Fresh Start,2025-06-25
INT-BDA361B6,USR-1471E6C1,LoggedIn,,,2025-02-12
INT-7CDD231A,USR-EEF1C3C3,LoggedIn,,,2025-11-18
INT-0BD753E4,USR-1AD002D4,EngagedCampaign,CAMP-006,Hydration Challenge,2025-02-28
INT-7AEC05B7,USR-E8BADAB8,LoggedIn,,,2024-05-06
INT-7535D7E0,USR-5A94A7CB,LoggedIn,,,2024-06-15
INT-C36F1835,USR-9FF795FF,LoggedIn,,,2025-03-24
INT-5079C5DC,USR-5A94A7CB,EarnedStamp,,,2024-10-23
INT-7C7CBB87,USR-1149F621,LoggedIn,,,2025-04-05
INT-BF2822E2,USR-B180A97A,LoggedIn,,,2024-05-30
INT-E77A11B7,USR-21459E6B,LoggedIn,,,2025-11-28
INT-6544BB3A,USR-15C48C96,EarnedStamp,,,2024-06-15
INT-9FBE2194,USR-A2189587,EarnedStamp,,,2024-08-03
INT-A0328F9D,USR-650D56C4,EarnedStamp,,,2025-02-10
INT-142922C4,USR-C6C23A4B,LoggedIn,,,2025-01-27
INT-D096A97C,USR-92C61C96,LoggedIn,,,2024-06-30
INT-65B79238,USR-8E1E3EB9,EngagedCampaign,CAMP-004,Spring Fresh Start,2025-01-10
INT-DF396403,USR-BA9A1EE4,LoggedIn,,,2025-12-13
INT-B52B2392,USR-989E627E,LoggedIn,,,2025-11-10
INT-76C59808,USR-3C42F820,EarnedStamp,,,2025-08-19
INT-04759AB5,USR-A7B5CA58,LoggedIn,,,2025-02-23
INT-D5702E3C,USR-4B1DB9C3,LoggedIn,,,2025-04-05
INT-747CF5D8,USR-7C7C26AF,LoggedIn,,,2025-11-11
INT-ACC152CD,USR-E12542B8,EarnedStamp,,,2025-12-01
INT-644EC9F9,USR-1917C70A,EngagedCampaign,CAMP-001,Natsu Summer Campaign,2026-02-21
INT-C49611FB,USR-FB7362C3,LoggedIn,,,2024-11-20
INT-AECFA41B,USR-259E8424,EarnedStamp,,,2024-10-06
INT-4BFC64ED,USR-7A6BB4B9,LoggedIn,,,2024-03-07
INT-9971C6B3,USR-EA7E1517,LoggedIn,,,2025-07-12
INT-5810EBFD,USR-96F19EDC,LoggedIn,,,2024-09-26
INT-D4674BC7,USR-E40C4BCA,EngagedCampaign,CAMP-003,Georgia Points Boost,2025-06-10
INT-B2D1A3E3,USR-B681A362,LoggedIn,,,2024-11-01
INT-260EAA25,USR-F5CEE960,LoggedIn,,,2025-05-15
INT-3FE2B917,USR-DB435ABC,LoggedIn,,,2025-10-27
INT-386E4341,USR-7A6BB4B9,LoggedIn,,,2025-09-22
INT-04FE5D32,USR-1982B4F0,LoggedIn,,,2024-09-07
INT-D5EF4CB7,USR-A9AC57D6,LoggedIn,,,2024-11-21
INT-B70459CC,USR-D313C2BD,LoggedIn,,,2024-10-14
INT-D8126852,USR-8C59047E,EarnedStamp,,,2024-05-24
INT-9BD89C7E,USR-8520327C,LoggedIn,,,2025-12-04
INT-A129B427,USR-7EE707E8,EngagedCampaign,CAMP-005,Weekend Double Stamps,2024-05-06
INT-49AC798A,USR-9103851A,LoggedIn,,,2025-04-22
INT-0C84CBA2,USR-2E4ED9CB,LoggedIn,,,2026-02-15
INT-DCDC8A7C,USR-5DDDCDA0,LoggedIn,,,2024-12-21
INT-DEB8113A,USR-EEA65C2F,LoggedIn,,,2024-11-05
INT-1DD56CD9,USR-09617E42,LoggedIn,,,2024-12-17
INT-EE0270C3,USR-6AE68BC1,LoggedIn,,,2025-03-19
INT-E2DCC60C,USR-A4A32359,EarnedStamp,,,2024-10-16
INT-6B2454C1,USR-0311399C,LoggedIn,,,2025-04-27
INT-05269AB7,USR-20B122A2,EarnedStamp,,,2024-11-26
INT-9A6D0503,USR-F8405179,LoggedIn,,,2024-05-21
INT-5E800744,USR-8FF0D4B5,EngagedCampaign,CAMP-001,Natsu Summer Campaign,2025-02-21
INT-5D067254,USR-7B123D86,LoggedIn,,,2025-09-30
INT-1706E186,USR-48F8D309,LoggedIn,,,2025-06-07
INT-7A5A773B,USR-5DCEA305,EngagedCampaign,CAMP-002,Winter Reward,2024-08-22
INT-A252F3AA,USR-A6978FE4,LoggedIn,,,2024-07-05
INT-529CDBBA,USR-C3DB1FAE,LoggedIn,,,2025-05-03
INT-944BAFD2,USR-062DD25B,EngagedCampaign,CAMP-007,Morning Commuter Bonus,2026-02-12
INT-015E9EDD,USR-FA7BEF9E,EarnedStamp,,,2025-06-23
INT-FDA1D0AC,USR-00A95BB2,EarnedStamp,,,2025-09-21
INT-BD15DCBA,USR-D7289597,EngagedCampaign,CAMP-005,Weekend Double Stamps,2024-07-11
INT-C9CB1458,USR-8AD66611,EarnedStamp,,,2024-10-11
INT-29995651,USR-69D75EAF,LoggedIn,,,2024-08-07
INT-73D13318,USR-D9D02B65,EarnedStamp,,,2025-04-20
INT-8FA178BA,USR-21459E6B,LoggedIn,,,2026-01-17
INT-3B356D68,USR-5D437DD6,EarnedStamp,,,2025-01-03
INT-93094E65,USR-6BF524A6,EngagedCampaign,CAMP-008,Regional Special,2025-04-10
INT-974050F4,USR-7A6BB4B9,EngagedCampaign,CAMP-008,Regional Special,2025-10-03
INT-F162F921,USR-ADC83BE7,LoggedIn,,,2024-05-27
INT-DE4B8517,USR-49B7B5E9,EarnedStamp,,,2024-05-13
INT-3C877A15,USR-EAC539FE,LoggedIn,,,2024-09-30
INT-68E01CAE,USR-68C23163,EarnedStamp,,,2025-10-17
INT-A974F607,USR-3B301F2E,LoggedIn,,,2025-11-04
INT-4EE00700,USR-8630F5CB,LoggedIn,,,2025-09-07
INT-53B52555,USR-8C59047E,EngagedCampaign,CAMP-001,Natsu Summer Campaign,2025-07-20
INT-0E989AB3,USR-20C2EA44,EarnedStamp,,,2024-12-22
INT-73DAE0AB,USR-1F42BD1F,LoggedIn,,,2025-05-03
INT-27F7CA6D,USR-5DDDCDA0,EngagedCampaign,CAMP-008,Regional Special,2025-12-26
INT-5539A426,USR-7ECA9470,EarnedStamp,,,2024-10-07
INT-1B563CC1,USR-19354408,LoggedIn,,,2025-10-06
INT-9452BC41,USR-709E18E0,LoggedIn,,,2025-10-31
INT-6D244E3F,USR-74213996,EarnedStamp,,,2025-07-17
INT-F1C528EA,USR-6975BC1C,LoggedIn,,,2024-04-22
INT-F3C3147F,USR-29882894,LoggedIn,,,2024-08-15
INT-814E4FCB,USR-6079B2F9,LoggedIn,,,2025-09-05
INT-65EF19B8,USR-C3DB1FAE,EngagedCampaign,CAMP-002,Winter Reward,2024-11-21
INT-9ED9EB1E,USR-1982B4F0,EngagedCampaign,CAMP-002,Winter Reward,2025-08-29
INT-1525CD32,USR-1982B4F0,EngagedCampaign,CAMP-004,Spring Fresh Start,2024-05-15
INT-21558D06,USR-EE91CC87,LoggedIn,,,2024-09-20
INT-921B164C,USR-FA7BEF9E,EarnedStamp,,,2024-12-21
INT-0576F8F4,USR-1741D2CD,EarnedStamp,,,2025-01-26
INT-44DC4975,USR-4F60DBCD,EarnedStamp,,,2024-07-16
INT-97705E00,USR-1D470D6C,EarnedStamp,,,2024-09-18
INT-AB69B6AC,USR-A05A0812,LoggedIn,,,2024-06-23
INT-D2439835,USR-2F96E890,LoggedIn,,,2024-06-10
INT-D378232F,USR-48F8D309,LoggedIn,,,2025-09-21
INT-14CD41D5,USR-0C3B02F1,EngagedCampaign,CAMP-002,Winter Reward,2024-03-07
INT-A1EB9BE1,USR-3724F37F,LoggedIn,,,2024-05-12
INT-C7BA9C32,USR-12060EB6,LoggedIn,,,2024-04-12
INT-7B6C9337,USR-ACD1B747,EarnedStamp,,,2024-10-20
INT-AEF7838E,USR-89CFFB08,EngagedCampaign,CAMP-008,Regional Special,2026-01-03
INT-101A3764,USR-53A94995,LoggedIn,,,2024-06-22
INT-5713E35E,USR-148A8810,EarnedStamp,,,2024-03-21
INT-409EDC01,USR-D93FE2BC,LoggedIn,,,2024-12-09
INT-F591DCA4,USR-4EA2F8E2,LoggedIn,,,2025-07-29
INT-71B7E315,USR-E30ACCB9,EarnedStamp,,,2025-01-06
INT-3368FEEA,USR-654936BD,EarnedStamp,,,2024-05-11
INT-F7FC34A4,USR-864BD9B5,EarnedStamp,,,2024-06-23
INT-9877BE9F,USR-2D3A7D6E,LoggedIn,,,2024-07-29
INT-F6337D76,USR-45D59873,EngagedCampaign,CAMP-005,Weekend Double Stamps,2024-12-20
INT-D6B404EF,USR-D9D02B65,LoggedIn,,,2024-03-22
INT-40D856A2,USR-68AB3DF3,LoggedIn,,,2025-05-01
INT-CB76CAD5,USR-7468677B,EarnedStamp,,,2024-12-24
INT-15A005E2,USR-BE4394B5,EngagedCampaign,CAMP-002,Winter Reward,2024-03-19
INT-8EACB701,USR-7486C640,EarnedStamp,,,2025-07-20
INT-ABB49243,USR-24108AEF,EarnedStamp,,,2025-02-02
INT-A3E66E9F,USR-4B1AF19E,LoggedIn,,,2024-05-28
INT-556A96C2,USR-0F1C6DBE,LoggedIn,,,2024-11-14
INT-2340AB3B,USR-61DECA24,LoggedIn,,,2024-10-15
INT-455A1342,USR-377E01DF,EngagedCampaign,CAMP-004,Spring Fresh Start,2024-06-05
INT-D3E071C7,USR-20B122A2,LoggedIn,,,2025-11-10
INT-D0464E76,USR-862702F8,LoggedIn,,,2025-08-12
INT-1683EFF4,USR-BE90EB83,EarnedStamp,,,2024-08-08
INT-CB4576E2,USR-2FC13830,LoggedIn,,,2025-11-15
INT-A1C97B24,USR-C8FD93C6,EngagedCampaign,CAMP-004,Spring Fresh Start,2026-02-27
INT-A25F4BEA,USR-7A852F25,LoggedIn,,,2024-08-19
INT-55CB5E8F,USR-DB6AA5E3,EarnedStamp,,,2024-08-18
INT-3EDB5B1C,USR-E0DBB996,EarnedStamp,,,2025-05-30
INT-B2A4969D,USR-4020666C,LoggedIn,,,2024-10-26
INT-C3C497A3,USR-8E21F360,EarnedStamp,,,2025-01-20
INT-8595C768,USR-3625DF12,EngagedCampaign,CAMP-003,Georgia Points Boost,2026-01-20
INT-EDDA9DA5,USR-1705E9D9,EngagedCampaign,CAMP-008,Regional Special,2024-09-20
INT-89D90778,USR-F1DF2170,LoggedIn,,,2026-02-17
INT-F2CA1EC7,USR-B7C18AEF,LoggedIn,,,2024-03-11
INT-D5217F76,USR-FB256CF6,LoggedIn,,,2025-08-20
INT-F32CE309,USR-2FBBD898,EarnedStamp,,,2024-03-13
INT-76AE1B78,USR-FC7DFEF6,EngagedCampaign,CAMP-003,Georgia Points Boost,2025-02-27
INT-2A75F676,USR-2E4ED9CB,EngagedCampaign,CAMP-005,Weekend Double Stamps,2025-05-16
INT-C19460F3,USR-C265538A,EarnedStamp,,,2025-12-04
INT-2D9E5C6D,USR-818A03F8,EngagedCampaign,CAMP-007,Morning Commuter Bonus,2025-06-08
INT-9FEC9D09,USR-276C3B8A,LoggedIn,,,2024-05-06
INT-54177186,USR-1149F621,LoggedIn,,,2025-07-25
INT-CD6A6F92,USR-2DE19692,EngagedCampaign,CAMP-006,Hydration Challenge,2024-10-11
INT-80E9A48B,USR-B681A362,LoggedIn,,,2024-07-13
INT-39A6C1C3,USR-2DA3012D,LoggedIn,,,2025-01-27
INT-30AAF5B8,USR-B2BACBDF,EarnedStamp,,,2024-12-25
INT-77C027DC,USR-E583B827,LoggedIn,,,2025-10-22
INT-1F63DA6C,USR-62ADA4A2,LoggedIn,,,2024-05-14
INT-F7EA6A67,USR-7486C640,EarnedStamp,,,2025-11-22
INT-96E0AEAC,USR-2878820A,LoggedIn,,,2025-09-25
INT-50DDE03B,USR-2FA966AC,LoggedIn,,,2024-03-13
INT-138FC063,USR-C808B976,LoggedIn,,,2024-08-16
INT-F32B5F30,USR-6258282A,LoggedIn,,,2025-08-02
INT-F9F3B9F0,USR-925AA5AC,LoggedIn,,,2024-09-23
INT-425684AB,USR-FEA4BAEA,LoggedIn,,,2025-01-02
INT-502CC7C0,USR-FB5437E8,LoggedIn,,,2024-09-22
INT-01BE2283,USR-98C563F8,LoggedIn,,,2025-12-26
INT-C849E242,USR-D33E5B1B,LoggedIn,,,2025-10-06
INT-F026A8EE,USR-EAC539FE,LoggedIn,,,2024-12-19
INT-63EBC097,USR-7A49C0F4,EarnedStamp,,,2024-03-20
INT-F195D95D,USR-12060EB6,EngagedCampaign,CAMP-007,Morning Commuter Bonus,2025-01-03
INT-62F73C18,USR-B478AEB3,LoggedIn,,,2025-03-13
INT-AE45FBBB,USR-0ADFEBC7,LoggedIn,,,2024-06-05
INT-E1B8FD9F,USR-864BD9B5,LoggedIn,,,2024-08-03
INT-83F9D073,USR-0311399C,EarnedStamp,,,2024-03-13
INT-79AD48C7,USR-96F19EDC,EngagedCampaign,CAMP-004,Spring Fresh Start,2024-12-10
INT-DE6B54AB,USR-90E377C8,EarnedStamp,,,2024-07-08
INT-150625FD,USR-405EDD98,EngagedCampaign,CAMP-005,Weekend Double Stamps,2024-12-29
INT-5A1A22A4,USR-2DE19692,LoggedIn,,,2024-04-12
INT-69AC3F63,USR-B4A6A8DD,LoggedIn,,,2025-12-21
INT-837B61B7,USR-D08B729C,EngagedCampaign,CAMP-003,Georgia Points Boost,2025-09-09
INT-053241A9,USR-2174DAA1,LoggedIn,,,2025-07-13
INT-ECAFAE79,USR-0B70AFCD,EngagedCampaign,CAMP-005,Weekend Double Stamps,2024-03-31
INT-0124D42C,USR-9E6F7AC6,EngagedCampaign,CAMP-001,Natsu Summer Campaign,2024-03-04
INT-4B6011A3,USR-8B66D801,EngagedCampaign,CAMP-006,Hydration Challenge,2025-08-26
INT-23899D54,USR-9EEF410F,EngagedCampaign,CAMP-008,Regional Special,2025-11-02
INT-8211E394,USR-4337024D,LoggedIn,,,2025-05-17
INT-1F08563F,USR-AC4BCC07,EngagedCampaign,CAMP-007,Morning Commuter Bonus,2025-01-03
INT-E09F4009,USR-818A03F8,LoggedIn,,,2024-08-04
INT-7C4178DD,USR-BCFA392F,EngagedCampaign,CAMP-002,Winter Reward,2025-04-17
INT-70DE8C4A,USR-85BF7BE2,EarnedStamp,,,2026-01-29
INT-C447952E,USR-7E87DC22,EarnedStamp,,,2024-08-21
INT-E322E22B,USR-8B66D801,EarnedStamp,,,2025-09-29
INT-744D0683,USR-7A34CF2C,LoggedIn,,,2025-06-08
INT-8E70DCED,USR-B4A6A8DD,EngagedCampaign,CAMP-004,Spring Fresh Start,2024-12-26
INT-06F6BC83,USR-1DAEB7B7,EarnedStamp,,,2025-01-22
INT-48B2ED59,USR-79BCE8A8,EarnedStamp,,,2024-09-09
INT-0EC00DDE,USR-EA33F11E,EngagedCampaign,CAMP-008,Regional Special,2024-07-10
INT-39079342,USR-CA1F1B17,EngagedCampaign,CAMP-004,Spring Fresh Start,2024-05-26
INT-ABA5F9F7,USR-F5CEE960,LoggedIn,,,2026-01-18
INT-124D8AF2,USR-66BABA34,LoggedIn,,,2026-02-03
INT-47027967,USR-4AE5805B,EngagedCampaign,CAMP-005,Weekend Double Stamps,2024-05-10
INT-3CD2F29D,USR-B58F9776,LoggedIn,,,2025-08-25
INT-6129EF5D,USR-1C678179,LoggedIn,,,2024-04-06
INT-8E06ED41,USR-7486C640,LoggedIn,,,2025-01-09
INT-4A556C5D,USR-66BABA34,LoggedIn,,,2024-05-05
INT-6BE69139,USR-145369A1,LoggedIn,,,2025-07-16
INT-EBE22729,USR-1CF10005,LoggedIn,,,2025-10-05
INT-622011B6,USR-0B70AFCD,EarnedStamp,,,2025-08-06
INT-1E4FEAC5,USR-654936BD,EngagedCampaign,CAMP-001,Natsu Summer Campaign,2024-03-05
INT-04A259F8,USR-5D437DD6,EngagedCampaign,CAMP-004,Spring Fresh Start,2025-08-13
INT-51787810,USR-EC312AFF,LoggedIn,,,2024-04-22
INT-9C60673F,USR-0D256762,LoggedIn,,,2025-10-13
INT-7E27D39A,USR-81074D2F,EngagedCampaign,CAMP-002,Winter Reward,2025-08-22
INT-2FC8EFEB,USR-259E8424,EarnedStamp,,,2024-10-27
INT-05B34272,USR-1737B808,EarnedStamp,,,2024-07-15
INT-7AF5F259,USR-CEFA08DB,LoggedIn,,,2025-11-03
INT-B5D0BD40,USR-9D57176B,EarnedStamp,,,2025-03-13
INT-CE7E26EB,USR-66BABA34,EarnedStamp,,,2025-06-07
INT-ECCA0036,USR-8E1E3EB9,LoggedIn,,,2024-07-27
INT-CFB0081B,USR-005378CF,LoggedIn,,,2024-07-17
INT-58FFA7C4,USR-D93FE2BC,LoggedIn,,,2024-06-01
INT-2438EBF3,USR-7A8E193C,LoggedIn,,,2024-12-19
INT-CC9D6F5D,USR-6DACE46F,LoggedIn,,,2026-02-25
INT-365BD38B,USR-8F8A449F,EarnedStamp,,,2024-09-28
INT-9DB5E861,USR-9B5C55CE,LoggedIn,,,2025-11-19
INT-5266A764,USR-ADDB4E6E,EarnedStamp,,,2024-05-21
INT-46B320EA,USR-650D56C4,LoggedIn,,,2024-09-30
INT-3E335F72,USR-C2C57A2F,LoggedIn,,,2025-12-30
INT-3C735733,USR-DE8B9C7E,EarnedStamp,,,2024-04-08
INT-2E7B6BEF,USR-60BC4130,EarnedStamp,,,2026-02-19
INT-283CE5E4,USR-237AAECA,EarnedStamp,,,2025-02-03
INT-31CF699C,USR-2FC13830,LoggedIn,,,2025-07-09
INT-6EC9585F,USR-267DAB8F,LoggedIn,,,2025-02-22
INT-828FEE83,USR-C6D143FA,LoggedIn,,,2024-07-16
INT-5A41304B,USR-C11ECFA6,EarnedStamp,,,2024-10-02
INT-2E9EA4D9,USR-A24F57B8,EarnedStamp,,,2024-12-23
INT-C8A63E20,USR-81074D2F,EarnedStamp,,,2026-02-13
INT-2CA79782,USR-0B70AFCD,LoggedIn,,,2025-04-08
INT-5D7CE0CE,USR-8F0446E1,LoggedIn,,,2025-12-21
INT-20367F60,USR-2641D689,EarnedStamp,,,2024-04-19
INT-B14B05D4,USR-48FFA3FD,EarnedStamp,,,2024-11-04
INT-49A09591,USR-2FBBD898,EarnedStamp,,,2024-06-24
INT-3DDDB2A7,USR-4B1AF19E,EarnedStamp,,,2024-08-08
INT-43AC352F,USR-AF96F555,LoggedIn,,,2024-09-15
INT-3BBBBEA7,USR-D88345D4,EngagedCampaign,CAMP-007,Morning Commuter Bonus,2024-12-21
INT-CB914B44,USR-993D897E,EarnedStamp,,,2025-07-03
INT-1FB7EA13,USR-96DFBE54,EarnedStamp,,,2024-11-22
INT-45BE3CDF,USR-062D1DA6,LoggedIn,,,2024-06-21
INT-5932C38F,USR-EEF1C3C3,EngagedCampaign,CAMP-006,Hydration Challenge,2025-12-08
INT-94E6FCFC,USR-DB6AA5E3,LoggedIn,,,2026-01-21
INT-D4FCAABB,USR-4C085BD2,EarnedStamp,,,2025-03-16
INT-CAFBADE8,USR-68AB3DF3,EngagedCampaign,CAMP-006,Hydration Challenge,2024-05-02
INT-63E69FDB,USR-267DAB8F,LoggedIn,,,2025-04-15
INT-FDC7E233,USR-5A94A7CB,EngagedCampaign,CAMP-006,Hydration Challenge,2025-09-25
INT-63FB5587,USR-5B6E739B,LoggedIn,,,2025-01-05
INT-D4EE0920,USR-8AB59DF2,LoggedIn,,,2025-06-30
INT-12C04DB9,USR-79BCE8A8,LoggedIn,,,2024-11-07
INT-8C219390,USR-C5CDA2E3,EarnedStamp,,,2025-09-17
INT-C47210A2,USR-ACD1B747,EarnedStamp,,,2025-09-13
INT-6CBBFDAD,USR-2CC8E54A,LoggedIn,,,2024-03-09
INT-59BEAC4F,USR-8F9832E0,EarnedStamp,,,2024-05-03
INT-D148FDE5,USR-7A8E193C,LoggedIn,,,2024-10-14
INT-780AA5DC,USR-74213996,LoggedIn,,,2025-10-26
INT-700726F0,USR-66BABA34,EarnedStamp,,,2024-09-17
INT-3CB61A03,USR-A750C3B8,EarnedStamp,,,2024-03-12
INT-78B62443,USR-AE833573,EarnedStamp,,,2026-02-13
INT-A2728D31,USR-505FAD88,LoggedIn,,,2024-03-17
INT-A6FF82C3,USR-F12444C3,LoggedIn,,,2026-02-24
INT-A5B3F76B,USR-D7289597,EarnedStamp,,,2024-07-22
INT-971BF389,USR-592825BE,LoggedIn,,,2024-07-24
INT-4DC45C01,USR-7A34CF2C,EngagedCampaign,CAMP-008,Regional Special,2024-11-08
INT-5D05E2E2,USR-97AE3DF4,EarnedStamp,,,2025-06-18
INT-55E8C1A5,USR-A05A0812,EngagedCampaign,CAMP-008,Regional Special,2024-05-28
INT-7B30BB56,USR-AE833573,LoggedIn,,,2024-03-23
INT-B7E893D1,USR-2FC13830,EngagedCampaign,CAMP-002,Winter Reward,2024-10-25
INT-1A79A68D,USR-888AD4CB,EarnedStamp,,,2024-10-16
INT-1C3A437B,USR-987132E0,LoggedIn,,,2026-01-12
INT-FD7C9497,USR-49B7B5E9,LoggedIn,,,2026-02-25
INT-713E5CC0,USR-15B036A8,LoggedIn,,,2026-02-03
INT-463BFDAF,USR-9B5C55CE,LoggedIn,,,2024-11-21
INT-753BE937,USR-A6978FE4,LoggedIn,,,2025-05-15
INT-4999476C,USR-3E9B8D02,EarnedStamp,,,2025-04-13
INT-A89EB479,USR-BDA92546,LoggedIn,,,2025-04-04
INT-4DC4FD67,USR-AF173D0A,LoggedIn,,,2024-06-11
INT-FB1FF4B1,USR-05684EC6,EngagedCampaign,CAMP-002,Winter Reward,2025-04-09
INT-9D5BD5C7,USR-C6F61FED,LoggedIn,,,2024-08-17
INT-ED218899,USR-6AE68BC1,LoggedIn,,,2025-03-27
INT-E6BE7ABF,USR-1AF6B033,EngagedCampaign,CAMP-003,Georgia Points Boost,2024-10-19
INT-9C3CBBCF,USR-74C8A93C,EngagedCampaign,CAMP-008,Regional Special,2024-12-11
INT-81277542,USR-B6B4996C,EarnedStamp,,,2024-11-24
INT-491C7D4A,USR-D33E5B1B,LoggedIn,,,2026-02-16
INT-29F6554D,USR-E8BADAB8,EarnedStamp,,,2025-10-24
INT-5D929383,USR-EAC539FE,LoggedIn,,,2025-06-13
INT-B867238A,USR-28E105F8,EarnedStamp,,,2024-05-21
INT-D62773F7,USR-C0550C06,LoggedIn,,,2024-06-06
INT-A47A9458,USR-62ADA4A2,LoggedIn,,,2025-06-14
INT-24469BCB,USR-DEF641C9,LoggedIn,,,2024-05-01
INT-8C7C262C,USR-505FAD88,EngagedCampaign,CAMP-002,Winter Reward,2025-03-15
INT-A2052836,USR-00C46383,LoggedIn,,,2025-02-13
INT-4829EFEC,USR-DBFE9226,EarnedStamp,,,2025-08-28
INT-AF477DDA,USR-DBFE9226,LoggedIn,,,2024-05-04
INT-B26DAF78,USR-EC312AFF,EarnedStamp,,,2024-09-22
INT-35736590,USR-93CBF815,EarnedStamp,,,2024-05-03
INT-362F861D,USR-3DBA5AC6,EarnedStamp,,,2025-09-23
INT-36387BF9,USR-145369A1,LoggedIn,,,2024-10-30
INT-37F91AAB,USR-1C36A028,LoggedIn,,,2024-12-07
INT-0BFFFFBF,USR-A7B5CA58,EarnedStamp,,,2024-03-10
INT-24180374,USR-B58F9776,EarnedStamp,,,2024-08-22
INT-8A0B6B63,USR-69826EA8,EarnedStamp,,,2025-08-28
INT-3BC3AD18,USR-3728614A,EngagedCampaign,CAMP-001,Natsu Summer Campaign,2025-05-01
INT-6B2BA6C8,USR-7A975D46,LoggedIn,,,2025-04-23
INT-83D863D0,USR-3C42F820,LoggedIn,,,2025-01-16
INT-D1E0CF4A,USR-F72C9B34,LoggedIn,,,2025-10-25
INT-4C0A0F36,USR-54932096,EarnedStamp,,,2026-01-22
INT-E1E7DA1D,USR-0D075425,LoggedIn,,,2026-02-24
INT-087843E2,USR-FB65F54F,EarnedStamp,,,2026-02-03
INT-8668154D,USR-DEF641C9,LoggedIn,,,2024-08-22
INT-EB9B4831,USR-01888C2F,EngagedCampaign,CAMP-007,Morning Commuter Bonus,2025-08-23
INT-DDACB5A6,USR-2994D295,EarnedStamp,,,2025-10-13
INT-E1B877A7,USR-AF96F555,LoggedIn,,,2024-06-14
INT-082E315F,USR-8E21F360,LoggedIn,,,2025-03-22
INT-88864274,USR-DBB7F267,EarnedStamp,,,2024-09-14
INT-C6F23774,USR-B58F9776,EngagedCampaign,CAMP-001,Natsu Summer Campaign,2025-01-13
INT-60E39C6E,USR-2E685EF6,LoggedIn,,,2024-08-20
INT-83633448,USR-5DDDCDA0,EarnedStamp,,,2024-12-04
INT-2EF3330A,USR-71C6450E,LoggedIn,,,2025-09-27
INT-B62BC2F3,USR-9795232E,LoggedIn,,,2024-06-01
INT-DE4A7A0E,USR-93CBF815,EngagedCampaign,CAMP-004,Spring Fresh Start,2025-02-09
INT-6841F590,USR-337904D0,LoggedIn,,,2024-08-10
INT-968A5E22,USR-FD035E60,LoggedIn,,,2025-10-30
INT-F27898C8,USR-CECFCAAD,LoggedIn,,,2025-09-01
INT-17909FE3,USR-A72F7B80,LoggedIn,,,2024-08-08
INT-E1416365,USR-DEF641C9,EarnedStamp,,,2024-09-06
INT-20F97F22,USR-B2BACBDF,LoggedIn,,,2025-11-21
INT-5CDC5407,USR-92E67091,EarnedStamp,,,2025-04-08
INT-0719B268,USR-5D437DD6,LoggedIn,,,2024-07-11
INT-C6E3F102,USR-0F1C6DBE,EarnedStamp,,,2024-05-15
INT-9B15A7A2,USR-A2F6A88E,LoggedIn,,,2024-04-19
INT-2D4CA705,USR-A750C3B8,LoggedIn,,,2024-12-07
INT-41BADF38,USR-FC7DFEF6,EngagedCampaign,CAMP-005,Weekend Double Stamps,2024-03-11
INT-925B96D4,USR-5C24106D,EarnedStamp,,,2025-01-14
INT-6D886F56,USR-BBDAC3E4,EngagedCampaign,CAMP-002,Winter Reward,2025-07-05
INT-C9650200,USR-FC7DFEF6,LoggedIn,,,2026-01-19
INT-94642527,USR-A8424D17,EarnedStamp,,,2024-09-22
INT-4D7E0404,USR-81074D2F,EngagedCampaign,CAMP-008,Regional Special,2025-11-29
INT-BC0BE1FC,USR-B7E99843,LoggedIn,,,2024-12-30
INT-7B0693E4,USR-A289D170,LoggedIn,,,2024-04-01
INT-3FE2A751,USR-2A7C68BF,LoggedIn,,,2024-08-03
INT-3C9647F6,USR-DA42CA76,LoggedIn,,,2025-05-08
INT-359639D5,USR-ADC83BE7,EngagedCampaign,CAMP-005,Weekend Double Stamps,2025-08-26
INT-2F707A82,USR-D160F217,LoggedIn,,,2026-02-14
INT-C659D7C5,USR-0B70AFCD,EarnedStamp,,,2024-11-11
INT-AD80B80B,USR-9617D360,LoggedIn,,,2024-05-17
INT-19E9C8DF,USR-D676BC80,EarnedStamp,,,2025-04-01
INT-9E89DAC5,USR-C3DB1FAE,EarnedStamp,,,2025-01-27
INT-ABE26B41,USR-37CF0E89,LoggedIn,,,2024-11-13
INT-9EE5EFD6,USR-36FB866E,EngagedCampaign,CAMP-002,Winter Reward,2025-06-26
INT-992FC656,USR-8464F293,EngagedCampaign,CAMP-001,Natsu Summer Campaign,2025-12-24
INT-F12655D9,USR-2FBBD898,LoggedIn,,,2025-11-26
INT-48EC330B,USR-A9AC57D6,EarnedStamp,,,2024-07-29
INT-B7ECB1B2,USR-47985259,LoggedIn,,,2024-07-21
INT-264BFBE1,USR-24108AEF,EarnedStamp,,,2025-11-26
INT-40FBAE77,USR-DEF641C9,EngagedCampaign,CAMP-003,Georgia Points Boost,2024-09-02
INT-CC09B6C3,USR-AE833573,LoggedIn,,,2025-08-16
INT-65A5BF4E,USR-9103851A,EngagedCampaign,CAMP-005,Weekend Double Stamps,2024-03-17
INT-A4F42610,USR-D7289597,EngagedCampaign,CAMP-008,Regional Special,2025-10-09
INT-D6F3CC6D,USR-1982B4F0,LoggedIn,,,2024-11-27
INT-B73D5971,USR-996747D1,EngagedCampaign,CAMP-007,Morning Commuter Bonus,2024-11-04
INT-75849AF5,USR-7F480F50,EngagedCampaign,CAMP-003,Georgia Points Boost,2025-12-23
INT-1FA130BB,USR-267DAB8F,EarnedStamp,,,2025-07-25
INT-1BA8A641,USR-4337024D,LoggedIn,,,2024-03-27
INT-DEA97608,USR-B681A362,LoggedIn,,,2024-09-18
INT-33DD1559,USR-7ADB17F7,LoggedIn,,,2025-07-04
INT-49193249,USR-889A4DC0,LoggedIn,,,2024-09-28
INT-D76C7327,USR-A750C3B8,EarnedStamp,,,2024-07-05
INT-3648EAE0,USR-D706DC78,EarnedStamp,,,2025-04-25
INT-5AA1132B,USR-DF554F86,EarnedStamp,,,2024-04-08
INT-FCF751D0,USR-4337024D,LoggedIn,,,2024-10-05
INT-69BCA5C1,USR-FD035E60,EngagedCampaign,CAMP-006,Hydration Challenge,2025-02-03
INT-02D9305B,USR-996747D1,EarnedStamp,,,2025-11-19
INT-6C5771DB,USR-FB5437E8,EarnedStamp,,,2025-04-18
INT-6A5E54B6,USR-784654BE,EarnedStamp,,,2024-06-24
INT-7FF805AD,USR-62ADA4A2,EarnedStamp,,,2025-01-25
INT-DB60B50D,USR-5964DD23,EarnedStamp,,,2024-03-09
INT-5B5F31C7,USR-E8E1B153,EarnedStamp,,,2025-10-20
INT-ABC3361E,USR-FA7BEF9E,LoggedIn,,,2024-12-29
INT-3D599770,USR-E0DBB996,EngagedCampaign,CAMP-004,Spring Fresh Start,2025-01-18
INT-0E11552D,USR-9EEF410F,LoggedIn,,,2024-10-25
INT-DDC47430,USR-4AE5805B,EngagedCampaign,CAMP-002,Winter Reward,2025-09-01
INT-1ECF977D,USR-72397CD1,LoggedIn,,,2024-10-28
INT-93F0C763,USR-23280381,EngagedCampaign,CAMP-008,Regional Special,2024-11-01
INT-ECF18523,USR-4020666C,LoggedIn,,,2026-01-15
INT-0DD5BC75,USR-CA703ACB,EarnedStamp,,,2024-04-15
INT-6B613BE7,USR-2B28EB48,EarnedStamp,,,2025-01-17
INT-EF2D2A73,USR-24108AEF,EngagedCampaign,CAMP-004,Spring Fresh Start,2024-09-14
INT-FE2E530E,USR-1CF10005,EngagedCampaign,CAMP-005,Weekend Double Stamps,2025-12-03
INT-EB5BBB0C,USR-5065CA6E,EarnedStamp,,,2025-01-30
INT-BD7E5E34,USR-5B6E739B,EngagedCampaign,CAMP-007,Morning Commuter Bonus,2025-08-21
INT-4DA44A3F,USR-634CFE27,EarnedStamp,,,2025-01-06
INT-4D5278A6,USR-7468677B,LoggedIn,,,2025-08-12
INT-4AE9D65D,USR-EA442E11,EarnedStamp,,,2025-01-26
INT-2848B0E9,USR-07B22563,EngagedCampaign,CAMP-008,Regional Special,2024-05-31
INT-678EE420,USR-E2B79ADE,EarnedStamp,,,2025-06-28
INT-52048EFB,USR-4B1AF19E,EngagedCampaign,CAMP-001,Natsu Summer Campaign,2025-04-08
INT-F445DE62,USR-89CFFB08,LoggedIn,,,2025-01-11
INT-60A93564,USR-DC9E84CE,EarnedStamp,,,2025-04-21
INT-EEE14E6F,USR-721E9C57,EngagedCampaign,CAMP-007,Morning Commuter Bonus,2025-11-02
INT-76CF402F,USR-709E18E0,LoggedIn,,,2025-07-26
INT-16C70A38,USR-D9D02B65,LoggedIn,,,2024-06-21
INT-D21E33BD,USR-BCD71AFB,LoggedIn,,,2024-04-24
INT-AE48DD48,USR-3D84F1C9,EarnedStamp,,,2025-08-23
INT-E8E97DD8,USR-8E21F360,EarnedStamp,,,2024-04-27
INT-03FD0900,USR-9CA98CA6,LoggedIn,,,2024-10-18
INT-7B7961FC,USR-DA167B11,EarnedStamp,,,2025-07-22
INT-0FABE17A,USR-A1330121,LoggedIn,,,2025-12-31
INT-A348D71A,USR-D95C67C7,EngagedCampaign,CAMP-006,Hydration Challenge,2025-01-10
INT-2C75192C,USR-68C23163,LoggedIn,,,2025-02-08
INT-458E61CB,USR-392AE2A3,LoggedIn,,,2025-12-01
INT-98EBACC2,USR-2F96E890,LoggedIn,,,2024-08-28
INT-7958616A,USR-D04F0D1C,EngagedCampaign,CAMP-007,Morning Commuter Bonus,2025-01-08
INT-71373FA8,USR-5A94A7CB,LoggedIn,,,2025-01-07
INT-631A68A2,USR-CA703ACB,LoggedIn,,,2025-12-29
INT-9A655623,USR-93CBF815,EarnedStamp,,,2025-02-27
INT-D8FA1EE9,USR-3584B0F3,EarnedStamp,,,2024-11-29
INT-19301CFE,USR-8AB59DF2,EarnedStamp,,,2025-12-12
INT-3507379A,USR-E30ACCB9,LoggedIn,,,2026-01-17
INT-E98AD67B,USR-1C678179,LoggedIn,,,2025-02-16
INT-EAB77BCD,USR-6079B2F9,LoggedIn,,,2025-01-10
INT-D7926639,USR-818A03F8,EarnedStamp,,,2025-09-07
INT-5D1D584B,USR-6BF524A6,LoggedIn,,,2025-01-19
INT-926F4ABB,USR-90DB124C,EarnedStamp,,,2024-04-05
INT-2E2E7DE9,USR-ED6B2857,EarnedStamp,,,2024-06-20
INT-3B6C0593,USR-2F1F9FB6,LoggedIn,,,2025-04-11
INT-EC1ACBE5,USR-24108AEF,EarnedStamp,,,2025-02-03
INT-2D5EEEF9,USR-F2491EFD,LoggedIn,,,2025-07-16
INT-D6C0ECC1,USR-FB65F54F,EarnedStamp,,,2024-09-11
INT-4BA7F7CA,USR-392AE2A3,LoggedIn,,,2025-03-01
INT-C5CE6900,USR-145369A1,LoggedIn,,,2025-09-16
INT-64530E12,USR-ADC83BE7,LoggedIn,,,2025-05-02
INT-A021E71A,USR-04F78998,EarnedStamp,,,2025-01-18
INT-1223C36D,USR-96D1626B,EngagedCampaign,CAMP-005,Weekend Double Stamps,2025-10-25
INT-7E7ED891,USR-650D56C4,LoggedIn,,,2024-04-19
INT-DB2565F2,USR-1022282D,LoggedIn,,,2026-02-02
INT-BF71F9B4,USR-C6D143FA,LoggedIn,,,2024-03-23
INT-C387AC81,USR-92C61C96,EngagedCampaign,CAMP-007,Morning Commuter Bonus,2025-01-03
INT-9E63AD10,USR-6C9187CF,EarnedStamp,,,2025-07-01
INT-5E9C3DA7,USR-20D3933B,LoggedIn,,,2025-05-18
INT-63A46EA8,USR-C808B976,EarnedStamp,,,2024-08-29
INT-12382DCB,USR-F2491EFD,LoggedIn,,,2025-06-21
INT-53137E1C,USR-6F7C3361,LoggedIn,,,2025-06-01
INT-79FEAACB,USR-5C0226C5,LoggedIn,,,2025-03-05
INT-54FED19B,USR-6FF0FFDE,EarnedStamp,,,2025-11-28
INT-D5A38B56,USR-3CE16AA8,EngagedCampaign,CAMP-004,Spring Fresh Start,2026-01-26
INT-CFAE4385,USR-C2C57A2F,EarnedStamp,,,2025-03-28
INT-033A8128,USR-A1A63B62,EngagedCampaign,CAMP-008,Regional Special,2024-06-03
INT-25FFA5B5,USR-EDA65DBE,LoggedIn,,,2025-03-02
INT-D22368C6,USR-8E1E3EB9,LoggedIn,,,2024-07-17
