sale_id,user_id,sku,purchase_date,machine_id,machine_location
SAL-CC27AAF0,USR-6CC5A636,Water,2025-10-25,MACH-038,Hokkaido
SAL-9F854D3E,USR-E39B992E,Georgia Coffee,2025-12-12,MACH-005,Saitama
SAL-969A6578,USR-0135B93C,Water,2025-11-02,MACH-037,Kyoto
SAL-16254C1B,USR-26773EB7,Georgia Coffee,2026-02-22,MACH-035,Osaka
SAL-07ED01E5,USR-74DAD1CF,Georgia Coffee,2025-10-07,MACH-045,Tokyo
SAL-BB28BAC8,USR-24055F24,Georgia Coffee,2025-11-29,MACH-004,Chiba
SAL-5249E863,USR-B791CF04,Water,2025-09-21,MACH-022,Hokkaido
SAL-50527875,USR-053007FF,Coca-Cola,2026-02-01,MACH-026,Aichi
SAL-75341CB2,USR-F609D268,Water,2025-09-09,MACH-041,Tokyo
SAL-766159AB,USR-A16B62A5,Georgia Coffee,2025-12-26,MACH-032,Aichi
SAL-971F4DE9,USR-715D5BB3,Coca-Cola,2025-12-07,MACH-028,Kanagawa
SAL-B502001D,USR-44978EC5,Coca-Cola,2026-02-18,MACH-025,Saitama
SAL-E0DD0FD7,USR-7AB6C2DF,Georgia Coffee,2025-11-16,MACH-016,Aichi
SAL-AE2D0761,USR-333C6797,Coca-Cola,2025-11-09,MACH-010,Hokkaido
SAL-80904FD2,USR-22EF86F5,Georgia Coffee,2026-02-11,MACH-010,Hokkaido
SAL-E819F2B3,USR-F28D3253,Georgia Coffee,2025-12-03,MACH-007,Fukuoka
SAL-A0AB71AF,USR-3BDB8A12,Coca-Cola,2025-11-19,MACH-029,Fukuoka
SAL-C43471DF,USR-6433ED22,Coca-Cola,2025-09-28,MACH-033,Tokyo
SAL-4227C914,USR-658512AC,Georgia Coffee,2026-01-11,MACH-027,Saitama
SAL-6E9F152B,USR-C255DABD,Coca-Cola,2025-12-01,MACH-036,Kyoto
SAL-739E2BE4,USR-E59188C4,Georgia Coffee,2025-11-24,MACH-025,Saitama
SAL-B35A2546,USR-A0180BCD,Aquarius,2025-12-10,MACH-041,Tokyo
SAL-4E597922,USR-CE353457,Georgia Coffee,2025-11-03,MACH-037,Kyoto
SAL-C2E1BC99,USR-0DAE4B03,Georgia Coffee,2025-12-08,MACH-011,Osaka
SAL-B4170E4B,USR-989C14B1,Georgia Coffee,2025-11-09,MACH-032,Aichi
SAL-A5D69016,USR-003C88E0,Georgia Coffee,2025-12-22,MACH-018,Chiba
SAL-17DAA300,USR-1CF16CBD,Aquarius,2025-09-21,MACH-024,Tokyo
SAL-F38F7DBA,USR-4C9793D5,Coca-Cola,2026-02-09,MACH-032,Aichi
SAL-6A340354,USR-F68717F7,Georgia Coffee,2025-12-28,MACH-007,Fukuoka
SAL-54B0FF0E,USR-296C1D26,Coca-Cola,2025-12-12,MACH-022,Hokkaido
SAL-9E995436,USR-3C538E28,Georgia Coffee,2025-11-25,MACH-029,Fukuoka
SAL-30CCAF8A,USR-F68717F7,Georgia Coffee,2026-02-15,MACH-039,Hokkaido
SAL-C1E0C05B,USR-793BBFE5,Georgia Coffee,2026-02-03,MACH-045,Tokyo
SAL-856F60B5,USR-09DB4C44,Georgia Coffee,2025-10-17,MACH-026,Aichi
SAL-7B60EB40,USR-B7BC5949,Fanta,2026-02-26,MACH-041,Tokyo
SAL-BFD21BC1,USR-35B9F36D,Georgia Coffee,2025-11-03,MACH-021,Fukuoka
SAL-00BC7A80,USR-7388A60E,Fanta,2025-12-11,MACH-024,Tokyo
SAL-F15E430C,USR-6F0F2176,Georgia Coffee,2025-10-23,MACH-038,Hokkaido
SAL-6D511A85,USR-A22D6DAF,Coca-Cola,2026-01-20,MACH-002,Hyogo
SAL-DBD15954,USR-B978D0A5,Georgia Coffee,2025-10-25,MACH-029,Fukuoka
SAL-7436FBBD,USR-9F205CAC,Water,2026-02-26,MACH-005,Saitama
SAL-163E1D23,USR-409169AE,Georgia Coffee,2025-12-15,MACH-044,Kyoto
SAL-B6102DA8,USR-9B96BE1B,Coca-Cola,2025-11-18,MACH-016,Aichi
SAL-D7E3CE1F,USR-3E6188A3,Georgia Coffee,2025-12-19,MACH-025,Saitama
SAL-063C5297,USR-4D52F6DB,Georgia Coffee,2026-02-02,MACH-031,Tokyo
SAL-27D5771B,USR-A116DF55,Georgia Coffee,2026-01-09,MACH-045,Tokyo
SAL-2220287F,USR-C4222950,Water,2025-12-03,MACH-045,Tokyo
SAL-AA07DE1B,USR-37748CF0,Georgia Coffee,2026-02-01,MACH-041,Tokyo
SAL-B80A7A9A,USR-6019061F,Georgia Coffee,2025-11-04,MACH-043,Chiba
SAL-CDA3F25E,USR-9D919DA6,Georgia Coffee,2026-02-14,MACH-040,Aichi
SAL-EEC9A3DF,USR-37491252,Georgia Coffee,2026-02-14,MACH-044,Kyoto
SAL-A20AA256,USR-BC61D898,Georgia Coffee,2025-11-25,MACH-028,Kanagawa
SAL-DD505A94,USR-3665D7CE,Coca-Cola,2025-11-07,MACH-015,Tokyo
SAL-B6F24E48,USR-4173CC88,Coca-Cola,2026-01-22,MACH-038,Hokkaido
SAL-DC40B0D1,USR-626BEA3B,Georgia Coffee,2025-12-25,MACH-024,Tokyo
SAL-9AD5F489,USR-51F0CDE8,Georgia Coffee,2026-02-22,MACH-038,Hokkaido
SAL-7089405E,USR-77730124,Georgia Coffee,2025-11-29,MACH-002,Hyogo
SAL-3E659F31,USR-C372653A,Water,2025-12-17,MACH-006,Fukuoka
SAL-34C804DF,USR-739900E1,Georgia Coffee,2025-10-08,MACH-035,Osaka
SAL-B725BB69,USR-2C7FF485,Coca-Cola,2026-01-03,MACH-034,Kanagawa
SAL-A83CADA8,USR-E39B992E,Georgia Coffee,2025-11-22,MACH-005,Saitama
SAL-02275CD6,USR-49A35BE3,Georgia Coffee,2025-10-01,MACH-002,Hyogo
SAL-712E5368,USR-60CBC8E5,Georgia Coffee,2025-09-29,MACH-044,Kyoto
SAL-A21D94C4,USR-9B4D256D,Coca-Cola,2025-11-03,MACH-034,Kanagawa
SAL-1ADE1921,USR-BF611AA1,Fanta,2025-11-25,MACH-036,Kyoto
SAL-36B43059,USR-8213053B,Georgia Coffee,2025-10-31,MACH-026,Aichi
SAL-17BE8DA6,USR-2F583A44,Georgia Coffee,2026-02-12,MACH-043,Chiba
SAL-3A739E2C,USR-369816FC,Georgia Coffee,2026-02-06,MACH-033,Tokyo
SAL-A61B5CF2,USR-FBF0FE44,Water,2025-10-26,MACH-014,Aichi
SAL-6314B538,USR-658512AC,Water,2025-09-18,MACH-037,Kyoto
SAL-B5F7D774,USR-22F8327F,Georgia Coffee,2026-01-17,MACH-016,Aichi
SAL-2E233BBC,USR-B710EEFF,Fanta,2026-02-20,MACH-032,Aichi
SAL-4EFAF1F0,USR-493CDC05,Coca-Cola,2025-11-21,MACH-039,Hokkaido
SAL-87F12CAA,USR-15CF548F,Georgia Coffee,2026-01-30,MACH-008,Osaka
SAL-E49CCF0E,USR-2D526507,Water,2025-12-28,MACH-040,Aichi
SAL-612BBBC7,USR-381CF2B0,Coca-Cola,2026-03-01,MACH-020,Fukuoka
SAL-26BA421D,USR-44006F81,Georgia Coffee,2025-09-23,MACH-044,Kyoto
SAL-7D32CF7C,USR-C372653A,Georgia Coffee,2025-11-02,MACH-020,Fukuoka
SAL-866E2757,USR-3665D7CE,Georgia Coffee,2026-02-26,MACH-010,Hokkaido
SAL-673F60F9,USR-715D5BB3,Georgia Coffee,2026-02-01,MACH-033,Tokyo
SAL-BF59EC8F,USR-381CF2B0,Coca-Cola,2026-01-17,MACH-045,Tokyo
SAL-52698857,USR-99E1CD38,Coca-Cola,2025-10-16,MACH-036,Kyoto
SAL-F8071DF3,USR-966623B4,Georgia Coffee,2025-10-07,MACH-034,Kanagawa
SAL-21331DE7,USR-840713B2,Georgia Coffee,2025-12-02,MACH-001,Hyogo
SAL-47101CCA,USR-79ABC03E,Coca-Cola,2025-12-09,MACH-036,Kyoto
SAL-7A777BCA,USR-B7BC5949,Georgia Coffee,2025-12-15,MACH-044,Kyoto
SAL-91F090C0,USR-99E1CD38,Georgia Coffee,2025-12-24,MACH-032,Aichi
SAL-EBD119AE,USR-A69085FD,Georgia Coffee,2025-09-09,MACH-049,Tokyo
SAL-D4EB2A06,USR-6EEFB044,Georgia Coffee,2025-11-11,MACH-015,Tokyo
SAL-E8BF6BED,USR-839C7ED5,Coca-Cola,2025-12-28,MACH-037,Kyoto
SAL-BC16AD25,USR-3665D7CE,Georgia Coffee,2026-01-06,MACH-036,Kyoto
SAL-E49EDA6A,USR-184C6E05,Coca-Cola,2025-10-01,MACH-018,Chiba
SAL-035A1C28,USR-8D0CFA06,Coca-Cola,2025-12-04,MACH-035,Osaka
SAL-5F2B9EE9,USR-D13BC615,Aquarius,2025-12-23,MACH-035,Osaka
SAL-1E3321A3,USR-C7E81044,Water,2025-09-28,MACH-048,Osaka
SAL-7FBB65B5,USR-66A7AA62,Aquarius,2025-11-04,MACH-020,Fukuoka
SAL-0C2C66CF,USR-15CF548F,Water,2025-12-26,MACH-017,Hokkaido
SAL-04B146D5,USR-8C6D82E4,Aquarius,2025-09-24,MACH-029,Fukuoka
SAL-BEC3E914,USR-2AC752CE,Coca-Cola,2025-11-01,MACH-014,Aichi
SAL-10118E57,USR-A66BD9CF,Coca-Cola,2026-02-25,MACH-023,Saitama
SAL-F1DF23E0,USR-0DAE4B03,Water,2025-10-14,MACH-040,Aichi
SAL-0C8A0456,USR-42AF9455,Georgia Coffee,2025-10-24,MACH-004,Chiba
SAL-00503ABD,USR-6EEFB044,Georgia Coffee,2025-11-12,MACH-039,Hokkaido
SAL-1A5D6AC9,USR-64A351CA,Coca-Cola,2026-03-01,MACH-019,Chiba
SAL-7761EDB3,USR-6B3F7DC5,Georgia Coffee,2026-01-11,MACH-044,Kyoto
SAL-1A89D565,USR-7FEB7CCB,Water,2025-12-16,MACH-004,Chiba
SAL-099A32B0,USR-8C6D82E4,Georgia Coffee,2025-10-04,MACH-045,Tokyo
SAL-0D841950,USR-FC35A1BC,Water,2025-10-09,MACH-046,Saitama
SAL-E354D9D4,USR-DBCAA803,Georgia Coffee,2026-02-22,MACH-026,Aichi
SAL-ED9D0613,USR-94E49CA8,Georgia Coffee,2026-02-10,MACH-018,Chiba
SAL-0D24F264,USR-002BFF17,Coca-Cola,2025-12-26,MACH-005,Saitama
SAL-28C7C7D0,USR-69280EE6,Water,2025-09-25,MACH-026,Aichi
SAL-1D7A1A76,USR-664A3267,Fanta,2026-02-26,MACH-024,Tokyo
SAL-68EC89B7,USR-480BFAD9,Water,2025-11-24,MACH-038,Hokkaido
SAL-83FFAC77,USR-0232338A,Coca-Cola,2025-09-25,MACH-047,Tokyo
SAL-1CDE9253,USR-30CBAA79,Water,2026-02-19,MACH-045,Tokyo
SAL-46980B3F,USR-D13BC615,Fanta,2026-01-16,MACH-026,Aichi
SAL-78265D29,USR-9812736F,Georgia Coffee,2025-10-26,MACH-032,Aichi
SAL-59E3021E,USR-C08CE81E,Coca-Cola,2025-11-13,MACH-022,Hokkaido
SAL-9B5CE1BD,USR-158ADDF2,Georgia Coffee,2026-01-24,MACH-032,Aichi
SAL-5FCCD14C,USR-5C2FBAA2,Georgia Coffee,2026-02-23,MACH-049,Tokyo
SAL-2C44B386,USR-4C500264,Georgia Coffee,2026-02-09,MACH-014,Aichi
SAL-D4A3B6A9,USR-25AFF62D,Georgia Coffee,2025-12-20,MACH-013,Fukuoka
SAL-8B24B21D,USR-41119228,Water,2026-02-15,MACH-020,Fukuoka
SAL-90244BDF,USR-DCFCDF5F,Georgia Coffee,2025-11-11,MACH-006,Fukuoka
SAL-102FD3A8,USR-6019061F,Fanta,2025-09-23,MACH-024,Tokyo
SAL-C791355E,USR-4D0AD1D6,Coca-Cola,2025-10-14,MACH-004,Chiba
SAL-5FB71855,USR-3293A67F,Georgia Coffee,2026-02-28,MACH-049,Tokyo
SAL-45DF1017,USR-5C619686,Georgia Coffee,2025-09-25,MACH-046,Saitama
SAL-5E132115,USR-77BEF251,Coca-Cola,2026-01-02,MACH-005,Saitama
SAL-37B5360F,USR-638FD779,Georgia Coffee,2026-01-12,MACH-044,Kyoto
SAL-47750486,USR-B587B453,Georgia Coffee,2026-02-27,MACH-022,Hokkaido
SAL-831FBABB,USR-77BEF251,Georgia Coffee,2025-12-19,MACH-045,Tokyo
SAL-5EFAFF87,USR-4D2AAA22,Water,2025-10-30,MACH-025,Saitama
SAL-1BCCD38C,USR-1EF21D82,Coca-Cola,2025-09-28,MACH-007,Fukuoka
SAL-CC113C93,USR-CAE4EAE1,Aquarius,2025-11-17,MACH-010,Hokkaido
SAL-27D03E3C,USR-C4BA74A2,Coca-Cola,2025-10-08,MACH-005,Saitama
SAL-B66E4B14,USR-97197B1B,Georgia Coffee,2026-02-05,MACH-042,Tokyo
SAL-47DC16CC,USR-11A1B6FD,Georgia Coffee,2025-10-26,MACH-041,Tokyo
SAL-945BFED0,USR-E9574BD3,Georgia Coffee,2025-12-16,MACH-040,Aichi
SAL-B54D148F,USR-5206F7E9,Georgia Coffee,2025-10-27,MACH-006,Fukuoka
SAL-ED24E0E6,USR-B6FA48D1,Georgia Coffee,2025-10-03,MACH-038,Hokkaido
SAL-A5D514FB,USR-8C79D607,Georgia Coffee,2025-12-20,MACH-021,Fukuoka
SAL-48771CE7,USR-44978EC5,Georgia Coffee,2025-11-11,MACH-042,Tokyo
SAL-A65D1474,USR-2C7FF485,Coca-Cola,2026-02-02,MACH-039,Hokkaido
SAL-54511E21,USR-49A35BE3,Water,2026-02-25,MACH-002,Hyogo
SAL-D2E3128B,USR-41E891D1,Coca-Cola,2025-11-18,MACH-014,Aichi
SAL-2DDF47E0,USR-626BEA3B,Georgia Coffee,2025-10-20,MACH-048,Osaka
SAL-15848C47,USR-E5B237A6,Coca-Cola,2025-09-15,MACH-016,Aichi
SAL-DA6F050D,USR-536D55BF,Coca-Cola,2025-11-02,MACH-032,Aichi
SAL-E9FF2BDE,USR-3BDB8A12,Fanta,2026-01-15,MACH-001,Hyogo
SAL-6FCA75BE,USR-422D1A35,Water,2025-10-05,MACH-025,Saitama
SAL-D9DCE930,USR-6F0F2176,Coca-Cola,2025-12-18,MACH-024,Tokyo
SAL-F6F6A9F7,USR-9F0F60CA,Georgia Coffee,2025-12-31,MACH-043,Chiba
SAL-67B06DF6,USR-FA76A5C7,Georgia Coffee,2025-10-27,MACH-003,Kyoto
SAL-B7755CAD,USR-D17F973F,Coca-Cola,2025-12-12,MACH-033,Tokyo
SAL-4673967E,USR-93E4096A,Coca-Cola,2026-01-08,MACH-031,Tokyo
SAL-5068908E,USR-3404A170,Georgia Coffee,2026-01-17,MACH-040,Aichi
SAL-28D2E3ED,USR-3665D7CE,Fanta,2025-11-20,MACH-006,Fukuoka
SAL-7ED13145,USR-4374EFE0,Georgia Coffee,2025-10-11,MACH-035,Osaka
SAL-672EE97A,USR-0135B93C,Coca-Cola,2026-02-11,MACH-049,Tokyo
SAL-9C3A0B53,USR-12274D44,Coca-Cola,2026-02-13,MACH-005,Saitama
SAL-4E5A1B2E,USR-37DCA4A3,Georgia Coffee,2025-11-02,MACH-004,Chiba
SAL-1A4A409F,USR-664A3267,Coca-Cola,2025-12-22,MACH-008,Osaka
SAL-84C10BFE,USR-F96408B3,Water,2025-09-16,MACH-020,Fukuoka
SAL-242CDDF4,USR-E59188C4,Water,2025-10-16,MACH-008,Osaka
SAL-1960402E,USR-C39FA022,Georgia Coffee,2026-02-28,MACH-001,Hyogo
SAL-FDDA326F,USR-7A6E928C,Water,2025-11-29,MACH-034,Kanagawa
SAL-7A9305D5,USR-9AA8FA14,Georgia Coffee,2025-11-07,MACH-011,Osaka
SAL-78FCFFD4,USR-810068EE,Georgia Coffee,2025-11-09,MACH-047,Tokyo
SAL-C17DB7E6,USR-11844527,Coca-Cola,2025-09-09,MACH-022,Hokkaido
SAL-9C7346D5,USR-EC8C373E,Coca-Cola,2026-01-14,MACH-005,Saitama
SAL-8FF72483,USR-3DFF8801,Georgia Coffee,2026-01-27,MACH-041,Tokyo
SAL-EDE20309,USR-95101C30,Georgia Coffee,2026-01-10,MACH-024,Tokyo
SAL-402C1AD4,USR-A05F75EC,Georgia Coffee,2026-01-25,MACH-011,Osaka
SAL-CA71170B,USR-E7A7BC78,Water,2025-09-28,MACH-037,Kyoto
SAL-EB608174,USR-75B9E992,Georgia Coffee,2025-10-30,MACH-048,Osaka
SAL-59E3E5AB,USR-4B165E46,Coca-Cola,2025-09-05,MACH-016,Aichi
SAL-93862E25,USR-A2AFE01A,Fanta,2025-12-09,MACH-010,Hokkaido
SAL-2E3F6EC8,USR-70731286,Fanta,2025-09-11,MACH-036,Kyoto
SAL-84F02F1F,USR-0ABF0AD6,Georgia Coffee,2026-02-16,MACH-027,Saitama
SAL-6C51460B,USR-14FC24AA,Georgia Coffee,2025-12-17,MACH-047,Tokyo
SAL-43D16F2F,USR-9AA8FA14,Georgia Coffee,2025-09-21,MACH-037,Kyoto
SAL-B19AA9D5,USR-A2AFE01A,Georgia Coffee,2026-02-21,MACH-004,Chiba
SAL-9005796E,USR-0C656821,Georgia Coffee,2026-01-12,MACH-003,Kyoto
SAL-325398F8,USR-184C6E05,Water,2025-12-30,MACH-019,Chiba
SAL-2F85FE7E,USR-AC90864D,Georgia Coffee,2025-11-24,MACH-006,Fukuoka
SAL-8ED1591D,USR-22EF86F5,Coca-Cola,2025-12-05,MACH-024,Tokyo
SAL-AC49F004,USR-2D78256C,Aquarius,2025-12-29,MACH-024,Tokyo
SAL-5296B3E7,USR-5C511437,Coca-Cola,2025-10-22,MACH-047,Tokyo
SAL-36A7DDE2,USR-13FC0DF2,Fanta,2025-11-03,MACH-010,Hokkaido
SAL-AA5CED65,USR-0E1E0EAE,Coca-Cola,2025-09-08,MACH-015,Tokyo
SAL-99A2D2BF,USR-D46CAA4A,Georgia Coffee,2026-02-26,MACH-001,Hyogo
SAL-6A8A2BF9,USR-49A35BE3,Coca-Cola,2026-02-17,MACH-025,Saitama
SAL-46D9F124,USR-E9B3F4DD,Coca-Cola,2025-11-19,MACH-007,Fukuoka
SAL-2F03DC11,USR-B7BC5949,Fanta,2025-11-01,MACH-027,Saitama
SAL-D987A482,USR-13B9AA44,Georgia Coffee,2025-10-08,MACH-046,Saitama
SAL-B4DB6B14,USR-420F237F,Coca-Cola,2025-10-31,MACH-034,Kanagawa
SAL-BF907F81,USR-44978EC5,Coca-Cola,2025-12-06,MACH-030,Saitama
SAL-C502C82D,USR-ACDF3881,Coca-Cola,2026-01-09,MACH-031,Tokyo
SAL-4E8FCDA2,USR-D61D385F,Aquarius,2025-09-17,MACH-028,Kanagawa
SAL-39E8ED03,USR-210BE25B,Water,2025-11-01,MACH-019,Chiba
SAL-5A990736,USR-24617DD7,Coca-Cola,2025-12-11,MACH-045,Tokyo
SAL-44E1A62C,USR-F609D268,Georgia Coffee,2025-11-22,MACH-029,Fukuoka
SAL-E92829FF,USR-37F664F5,Georgia Coffee,2025-10-23,MACH-009,Tokyo
SAL-94120611,USR-66CDD224,Coca-Cola,2025-09-29,MACH-011,Osaka
SAL-D0AB50CF,USR-0B631903,Georgia Coffee,2025-12-15,MACH-008,Osaka
SAL-242A5F47,USR-9CF1DB44,Georgia Coffee,2025-10-25,MACH-029,Fukuoka
SAL-BDFE5B54,USR-61CA1E50,Water,2025-10-02,MACH-006,Fukuoka
SAL-1CD5D716,USR-D0B37222,Coca-Cola,2025-11-18,MACH-046,Saitama
SAL-7D3FBDF5,USR-190968EF,Georgia Coffee,2025-10-27,MACH-021,Fukuoka
SAL-3251AC7A,USR-E035029C,Georgia Coffee,2025-11-04,MACH-004,Chiba
SAL-060AAE6A,USR-A22D6DAF,Georgia Coffee,2025-10-16,MACH-002,Hyogo
SAL-CCFCB0E8,USR-11A1B6FD,Georgia Coffee,2025-12-26,MACH-036,Kyoto
SAL-0A823471,USR-D7B27CFD,Georgia Coffee,2025-09-26,MACH-010,Hokkaido
SAL-38665145,USR-9AA8FA14,Coca-Cola,2025-10-28,MACH-031,Tokyo
SAL-CCDA9A03,USR-4D52F6DB,Coca-Cola,2026-02-14,MACH-006,Fukuoka
SAL-D03B8C9B,USR-9E0BB6BF,Georgia Coffee,2025-09-21,MACH-002,Hyogo
SAL-E6A51BBE,USR-74D10072,Georgia Coffee,2026-02-14,MACH-029,Fukuoka
SAL-00EBAFDE,USR-7E5321DC,Fanta,2025-11-25,MACH-008,Osaka
SAL-5402E9CF,USR-97253F75,Coca-Cola,2025-09-14,MACH-011,Osaka
SAL-9A486AD0,USR-D1B30237,Georgia Coffee,2025-12-12,MACH-032,Aichi
SAL-CDB606EB,USR-1D42BE94,Georgia Coffee,2025-12-20,MACH-015,Tokyo
SAL-55F72E5A,USR-BB1F9A40,Coca-Cola,2025-10-10,MACH-003,Kyoto
SAL-0FA60641,USR-A96ED735,Georgia Coffee,2025-11-03,MACH-042,Tokyo
SAL-FD0F6D14,USR-BF46D543,Georgia Coffee,2026-01-20,MACH-031,Tokyo
SAL-E35B3E21,USR-98380C97,Coca-Cola,2025-12-09,MACH-047,Tokyo
SAL-3FE52C2C,USR-E92D572D,Coca-Cola,2025-11-04,MACH-041,Tokyo
SAL-B9F5C705,USR-C012A5E4,Water,2025-09-06,MACH-025,Saitama
SAL-B52414B7,USR-C012A5E4,Georgia Coffee,2026-01-02,MACH-035,Osaka
SAL-42332F43,USR-FC35A1BC,Georgia Coffee,2026-01-24,MACH-033,Tokyo
SAL-DC6626E8,USR-14FC24AA,Coca-Cola,2025-10-18,MACH-002,Hyogo
SAL-A0AC2AF3,USR-C4BA74A2,Coca-Cola,2025-09-09,MACH-036,Kyoto
SAL-199BD9FD,USR-0C7189C7,Georgia Coffee,2026-01-29,MACH-015,Tokyo
SAL-7880C719,USR-2E171F95,Georgia Coffee,2025-11-04,MACH-043,Chiba
SAL-7F7824FB,USR-C00B910F,Georgia Coffee,2025-09-16,MACH-049,Tokyo
SAL-A0D85211,USR-8CBB2FBC,Georgia Coffee,2025-12-10,MACH-023,Saitama
SAL-A37CA559,USR-33FFBC8E,Water,2025-11-01,MACH-038,Hokkaido
SAL-00C3817F,USR-9076FBB0,Coca-Cola,2026-02-27,MACH-023,Saitama
SAL-5758D305,USR-8EAE3784,Georgia Coffee,2025-12-01,MACH-037,Kyoto
SAL-02A3682F,USR-0E1E0EAE,Georgia Coffee,2025-10-20,MACH-032,Aichi
SAL-C823B495,USR-F28D3253,Georgia Coffee,2026-01-05,MACH-003,Kyoto
SAL-7667EE68,USR-160C84CD,Georgia Coffee,2026-02-03,MACH-015,Tokyo
SAL-319BA72B,USR-BB134570,Water,2025-09-02,MACH-022,Hokkaido
SAL-23D73698,USR-2AD1EFA6,Georgia Coffee,2025-10-05,MACH-022,Hokkaido
SAL-100EB075,USR-237E8E80,Georgia Coffee,2025-11-23,MACH-004,Chiba
SAL-EE580DF8,USR-184C6E05,Georgia Coffee,2026-03-01,MACH-010,Hokkaido
SAL-2A300834,USR-B701BCD2,Georgia Coffee,2026-01-14,MACH-024,Tokyo
SAL-1E8FDEA9,USR-4D0AD1D6,Coca-Cola,2026-03-01,MACH-043,Chiba
SAL-5B9F3741,USR-CFD9D57F,Georgia Coffee,2025-11-27,MACH-020,Fukuoka
SAL-EEAA9195,USR-C00B910F,Georgia Coffee,2025-10-12,MACH-047,Tokyo
SAL-064B8B53,USR-FF29B40F,Georgia Coffee,2026-02-12,MACH-032,Aichi
SAL-D290A819,USR-A6473A39,Fanta,2026-01-23,MACH-045,Tokyo
SAL-505E7041,USR-6019061F,Coca-Cola,2025-12-02,MACH-015,Tokyo
SAL-543778A5,USR-9CF1DB44,Water,2025-10-16,MACH-025,Saitama
SAL-0E5EA639,USR-C00B910F,Coca-Cola,2025-11-16,MACH-001,Hyogo
SAL-211C843A,USR-373ABD98,Aquarius,2026-01-26,MACH-026,Aichi
SAL-5D268536,USR-E65E15CB,Coca-Cola,2026-01-25,MACH-003,Kyoto
SAL-D3D7722D,USR-8E99A38C,Coca-Cola,2026-02-05,MACH-015,Tokyo
SAL-F7A10AB2,USR-26773EB7,Coca-Cola,2026-01-07,MACH-010,Hokkaido
SAL-D90A6AA3,USR-99E1CD38,Coca-Cola,2025-11-01,MACH-023,Saitama
SAL-D4239A80,USR-1F9B0ABA,Water,2025-09-24,MACH-046,Saitama
SAL-C0F09829,USR-34CF1E3B,Georgia Coffee,2025-11-26,MACH-029,Fukuoka
SAL-FC0853F9,USR-9F0F60CA,Georgia Coffee,2025-11-04,MACH-045,Tokyo
SAL-2BB5AF62,USR-80DF6F51,Georgia Coffee,2025-09-29,MACH-047,Tokyo
SAL-FFEDDF45,USR-A116DF55,Fanta,2025-12-23,MACH-047,Tokyo
SAL-EAE6C4AD,USR-147E3806,Georgia Coffee,2025-12-16,MACH-032,Aichi
SAL-03F49F7E,USR-1BF97DEB,Water,2026-01-19,MACH-025,Saitama
SAL-770D9F12,USR-7BA8402B,Coca-Cola,2026-01-27,MACH-042,Tokyo
SAL-1BB275FD,USR-3E6188A3,Water,2025-10-13,MACH-029,Fukuoka
SAL-4F91E8C2,USR-160C84CD,Georgia Coffee,2025-09-10,MACH-019,Chiba
SAL-BABD3DA2,USR-5AD403AF,Georgia Coffee,2025-09-28,MACH-005,Saitama
SAL-EA74934E,USR-77184FE9,Georgia Coffee,2025-12-07,MACH-011,Osaka
SAL-40064A19,USR-4C9793D5,Aquarius,2025-09-25,MACH-022,Hokkaido
SAL-ACDDE5A1,USR-D1B30237,Georgia Coffee,2026-01-03,MACH-046,Saitama
SAL-1BF7B594,USR-5C26D66C,Water,2026-02-16,MACH-011,Osaka
SAL-CBE3B118,USR-1BF97DEB,Georgia Coffee,2025-10-12,MACH-004,Chiba
SAL-15A1B098,USR-D0B37222,Coca-Cola,2025-10-20,MACH-027,Saitama
SAL-C15430F0,USR-7FE66F80,Georgia Coffee,2026-01-18,MACH-017,Hokkaido
SAL-4A8F5D3A,USR-6C3A2676,Georgia Coffee,2025-11-01,MACH-007,Fukuoka
SAL-CCFF3954,USR-3404A170,Georgia Coffee,2026-01-20,MACH-032,Aichi
SAL-8D1286F9,USR-0AE853FE,Georgia Coffee,2025-09-02,MACH-028,Kanagawa
SAL-CBEBABE8,USR-B204FD30,Georgia Coffee,2026-02-18,MACH-041,Tokyo
SAL-733BA86A,USR-E9B3F4DD,Georgia Coffee,2025-09-26,MACH-002,Hyogo
SAL-A3E2BC50,USR-766D18A9,Water,2025-11-15,MACH-006,Fukuoka
SAL-2D461019,USR-94C49A15,Georgia Coffee,2025-11-19,MACH-026,Aichi
SAL-DF9067AA,USR-F28D3253,Coca-Cola,2026-02-18,MACH-017,Hokkaido
SAL-C4E850F0,USR-5119F1C8,Georgia Coffee,2025-12-10,MACH-029,Fukuoka
SAL-4D81FEEE,USR-4C500264,Coca-Cola,2025-09-13,MACH-017,Hokkaido
SAL-39FBB166,USR-8EAE3784,Georgia Coffee,2025-10-29,MACH-018,Chiba
SAL-8E32DD99,USR-98AC69D2,Georgia Coffee,2026-02-27,MACH-043,Chiba
SAL-3FC3E34D,USR-420F237F,Aquarius,2025-11-29,MACH-035,Osaka
SAL-D6319E64,USR-AC90864D,Georgia Coffee,2026-01-30,MACH-015,Tokyo
SAL-4A0DCC0E,USR-A116DF55,Fanta,2025-12-10,MACH-034,Kanagawa
SAL-A45C03BB,USR-43F31FCF,Water,2026-02-24,MACH-031,Tokyo
SAL-90B3023E,USR-E157A9AD,Georgia Coffee,2026-01-01,MACH-020,Fukuoka
SAL-7B475611,USR-6A285C22,Fanta,2025-09-10,MACH-033,Tokyo
SAL-61288238,USR-966623B4,Georgia Coffee,2026-01-26,MACH-044,Kyoto
SAL-927BCDEF,USR-99E1CD38,Aquarius,2025-12-25,MACH-012,Tokyo
SAL-FE84FC7B,USR-587D4071,Georgia Coffee,2025-10-21,MACH-006,Fukuoka
SAL-EA32077A,USR-0135B93C,Coca-Cola,2026-02-09,MACH-010,Hokkaido
SAL-8778F1AF,USR-37748CF0,Water,2025-11-22,MACH-047,Tokyo
SAL-35901426,USR-B7C71473,Coca-Cola,2025-09-24,MACH-025,Saitama
SAL-70A3F477,USR-CE353457,Georgia Coffee,2025-11-24,MACH-018,Chiba
SAL-55BE7C38,USR-E4B0FBF1,Coca-Cola,2025-09-05,MACH-045,Tokyo
SAL-B13AA57C,USR-21C989A3,Georgia Coffee,2025-12-18,MACH-008,Osaka
SAL-0565EAB9,USR-4D52F6DB,Coca-Cola,2026-01-25,MACH-038,Hokkaido
SAL-E2D1E39C,USR-8EAE3784,Water,2025-09-27,MACH-007,Fukuoka
SAL-CDE34B61,USR-2FDA5E0C,Georgia Coffee,2025-11-14,MACH-035,Osaka
SAL-A719C7AB,USR-9175B165,Coca-Cola,2025-12-16,MACH-017,Hokkaido
SAL-CAF3FDEC,USR-766D18A9,Georgia Coffee,2026-01-26,MACH-039,Hokkaido
SAL-D0D9517B,USR-6CC5A636,Coca-Cola,2025-11-11,MACH-026,Aichi
SAL-E2BBF832,USR-7B1ECD3F,Georgia Coffee,2026-02-23,MACH-045,Tokyo
SAL-CBE54D2A,USR-122FABF9,Georgia Coffee,2025-11-25,MACH-045,Tokyo
SAL-6A518F2D,USR-5206F7E9,Georgia Coffee,2026-01-01,MACH-018,Chiba
SAL-0750C700,USR-CB985182,Georgia Coffee,2025-11-27,MACH-020,Fukuoka
SAL-F88574F7,USR-73D06C61,Georgia Coffee,2026-01-05,MACH-045,Tokyo
SAL-80CF266D,USR-184C6E05,Water,2025-10-30,MACH-034,Kanagawa
SAL-A8DC24D5,USR-1AF015D1,Coca-Cola,2025-11-09,MACH-047,Tokyo
SAL-2BB35547,USR-337DA9CD,Coca-Cola,2025-09-24,MACH-032,Aichi
SAL-CB00C5F5,USR-2FE3E350,Georgia Coffee,2026-01-12,MACH-024,Tokyo
SAL-8B9832D0,USR-CB985182,Water,2025-10-12,MACH-005,Saitama
SAL-9E81A660,USR-E2D89BA5,Water,2025-12-14,MACH-009,Tokyo
SAL-7FC621F8,USR-E144F880,Georgia Coffee,2025-09-09,MACH-016,Aichi
SAL-F5A43BAC,USR-496142B8,Georgia Coffee,2025-09-10,MACH-028,Kanagawa
SAL-240EC736,USR-FA76A5C7,Georgia Coffee,2025-12-05,MACH-046,Saitama
SAL-6692AFEC,USR-9AA8FA14,Coca-Cola,2025-09-09,MACH-016,Aichi
SAL-AC802FFF,USR-766D18A9,Coca-Cola,2025-12-25,MACH-012,Tokyo
SAL-6359F24B,USR-11A1B6FD,Water,2025-11-30,MACH-020,Fukuoka
SAL-6E665555,USR-9076FBB0,Coca-Cola,2025-09-25,MACH-019,Chiba
SAL-049B742E,USR-385E96AB,Aquarius,2025-10-13,MACH-037,Kyoto
SAL-E06997C0,USR-A56BF1D5,Coca-Cola,2025-10-28,MACH-042,Tokyo
SAL-D6D463C6,USR-8A2DBE48,Georgia Coffee,2025-11-09,MACH-042,Tokyo
SAL-22F22427,USR-766D18A9,Fanta,2026-02-23,MACH-001,Hyogo
SAL-58F4EC35,USR-0ABF0AD6,Georgia Coffee,2026-02-14,MACH-001,Hyogo
SAL-64EB62C9,USR-09DB4C44,Coca-Cola,2025-11-19,MACH-046,Saitama
SAL-DCB955DB,USR-C4222950,Georgia Coffee,2025-11-11,MACH-028,Kanagawa
SAL-DDC93EA7,USR-63522889,Coca-Cola,2025-11-30,MACH-035,Osaka
SAL-7CE2C150,USR-37F664F5,Georgia Coffee,2026-02-08,MACH-026,Aichi
SAL-99C6C8F5,USR-23E9C01D,Water,2026-01-10,MACH-043,Chiba
SAL-40AC2B11,USR-37491252,Coca-Cola,2025-12-06,MACH-036,Kyoto
SAL-3B0D9056,USR-73D06C61,Georgia Coffee,2025-11-13,MACH-020,Fukuoka
SAL-77900555,USR-7FEB7CCB,Water,2025-09-18,MACH-022,Hokkaido
SAL-2A24C96D,USR-DCFCDF5F,Coca-Cola,2025-11-11,MACH-017,Hokkaido
SAL-CAFFBC1B,USR-7FCEC881,Georgia Coffee,2026-02-15,MACH-020,Fukuoka
SAL-1991A7DF,USR-08AF2072,Water,2025-11-02,MACH-004,Chiba
SAL-D9D07974,USR-7FE66F80,Georgia Coffee,2026-02-02,MACH-026,Aichi
SAL-8EBE615D,USR-E693155C,Coca-Cola,2025-10-07,MACH-047,Tokyo
SAL-7D1EEBF6,USR-50FAFF7B,Georgia Coffee,2025-11-16,MACH-017,Hokkaido
SAL-DA2059AE,USR-725BB1B2,Coca-Cola,2025-12-10,MACH-048,Osaka
SAL-17215D32,USR-E9574BD3,Georgia Coffee,2026-01-26,MACH-018,Chiba
SAL-4354A7A6,USR-30CBAA79,Georgia Coffee,2026-01-01,MACH-043,Chiba
SAL-7E64EF52,USR-7FD9C590,Coca-Cola,2025-10-15,MACH-043,Chiba
SAL-D4A047DE,USR-94C49A15,Georgia Coffee,2025-11-16,MACH-007,Fukuoka
SAL-56E6BC97,USR-11844527,Coca-Cola,2025-11-07,MACH-047,Tokyo
SAL-803C1893,USR-F8E3BA8A,Georgia Coffee,2025-10-18,MACH-044,Kyoto
SAL-25D175CF,USR-B48DA376,Georgia Coffee,2025-09-24,MACH-015,Tokyo
SAL-AF23E668,USR-158ADDF2,Water,2025-11-19,MACH-027,Saitama
SAL-52E0CEC6,USR-37F664F5,Georgia Coffee,2025-12-06,MACH-017,Hokkaido
SAL-16948FA8,USR-46D25772,Water,2025-10-02,MACH-031,Tokyo
SAL-CD820C0B,USR-E8D0AF1F,Coca-Cola,2026-01-29,MACH-038,Hokkaido
SAL-6F9B7518,USR-BCE142DC,Georgia Coffee,2025-12-31,MACH-049,Tokyo
SAL-F5D3C0D6,USR-1C6E8C0F,Water,2025-12-16,MACH-004,Chiba
SAL-F8A6DDF2,USR-8D00C52C,Fanta,2025-10-07,MACH-042,Tokyo
SAL-91E9AA05,USR-92CA5FBB,Water,2025-12-28,MACH-010,Hokkaido
SAL-FC3F495F,USR-7E9FC3E4,Aquarius,2025-10-18,MACH-026,Aichi
SAL-800DA084,USR-9802FB80,Georgia Coffee,2025-11-21,MACH-041,Tokyo
SAL-2F5DA66B,USR-1965E406,Water,2025-11-11,MACH-014,Aichi
SAL-694C784B,USR-41119228,Georgia Coffee,2026-01-27,MACH-049,Tokyo
SAL-437E98E0,USR-3EC0898E,Coca-Cola,2025-09-24,MACH-046,Saitama
SAL-B4A63A18,USR-1EC10A79,Georgia Coffee,2026-01-02,MACH-025,Saitama
SAL-8E7C2F0A,USR-4A2E3634,Fanta,2025-10-23,MACH-047,Tokyo
SAL-90960CCF,USR-A8EFB83C,Coca-Cola,2025-11-23,MACH-049,Tokyo
SAL-9D546788,USR-1EC10A79,Water,2025-09-06,MACH-044,Kyoto
SAL-C13D5CA8,USR-06FC311A,Water,2025-11-04,MACH-015,Tokyo
SAL-06545BD2,USR-EA095DC6,Georgia Coffee,2025-11-20,MACH-038,Hokkaido
SAL-B593607C,USR-1D689D3B,Aquarius,2025-09-18,MACH-003,Kyoto
SAL-E22441EC,USR-CE353457,Coca-Cola,2025-12-27,MACH-047,Tokyo
SAL-282EDC74,USR-E5902D2F,Coca-Cola,2025-11-27,MACH-028,Kanagawa
SAL-2B3F5B60,USR-5C511437,Coca-Cola,2025-10-06,MACH-022,Hokkaido
SAL-944C02A2,USR-C00B910F,Fanta,2025-10-20,MACH-011,Osaka
SAL-577FFD0D,USR-A16B62A5,Georgia Coffee,2025-12-14,MACH-002,Hyogo
SAL-D992DE23,USR-8F767464,Georgia Coffee,2025-10-05,MACH-014,Aichi
SAL-6631DE93,USR-929A9B99,Georgia Coffee,2026-01-09,MACH-011,Osaka
SAL-A912A1CF,USR-35B9F36D,Water,2026-02-15,MACH-003,Kyoto
SAL-0EAF49B7,USR-4C9793D5,Aquarius,2025-11-06,MACH-004,Chiba
SAL-C2AB90CB,USR-79A707A4,Water,2026-02-18,MACH-007,Fukuoka
SAL-9B87E3FD,USR-C372653A,Coca-Cola,2025-09-14,MACH-045,Tokyo
SAL-5E5B8BD3,USR-C08CE81E,Georgia Coffee,2025-12-08,MACH-008,Osaka
SAL-631895F7,USR-E9B3F4DD,Coca-Cola,2026-02-28,MACH-010,Hokkaido
SAL-79AA704C,USR-63522889,Georgia Coffee,2026-02-10,MACH-001,Hyogo
SAL-D119E85A,USR-CE353457,Georgia Coffee,2025-09-27,MACH-043,Chiba
SAL-ACA7C783,USR-D6139D03,Georgia Coffee,2026-02-04,MACH-045,Tokyo
SAL-41468CB5,USR-45C8BBEB,Water,2025-09-28,MACH-033,Tokyo
SAL-83B1FAA8,USR-739900E1,Georgia Coffee,2025-11-13,MACH-008,Osaka
SAL-F2F26D4C,USR-793BBFE5,Water,2025-10-22,MACH-039,Hokkaido
SAL-66246BF7,USR-A96ED735,Georgia Coffee,2026-01-13,MACH-032,Aichi
SAL-213F1ADD,USR-76D1D3FE,Georgia Coffee,2026-01-20,MACH-032,Aichi
SAL-649ADFE2,USR-7B4DC62A,Georgia Coffee,2026-01-03,MACH-022,Hokkaido
SAL-4EEC6895,USR-50FAFF7B,Georgia Coffee,2026-02-20,MACH-006,Fukuoka
SAL-82279E3B,USR-8CD2F075,Georgia Coffee,2026-01-26,MACH-043,Chiba
SAL-656B5070,USR-A0180BCD,Georgia Coffee,2025-09-25,MACH-007,Fukuoka
SAL-1E0F9F05,USR-A96ED735,Georgia Coffee,2025-10-31,MACH-030,Saitama
SAL-610A0C4B,USR-E6D96DC4,Georgia Coffee,2025-09-14,MACH-007,Fukuoka
SAL-E2F0A8C1,USR-3BDB8A12,Water,2025-09-12,MACH-019,Chiba
SAL-82DE2D51,USR-22EF86F5,Georgia Coffee,2025-11-21,MACH-028,Kanagawa
SAL-5D8CB531,USR-F4F68580,Georgia Coffee,2025-09-13,MACH-001,Hyogo
SAL-46B043F6,USR-507974CF,Georgia Coffee,2026-02-14,MACH-011,Osaka
SAL-1415CB88,USR-9812736F,Water,2025-12-23,MACH-040,Aichi
SAL-7726B9F6,USR-6B3F7DC5,Coca-Cola,2025-09-25,MACH-024,Tokyo
SAL-70E7B1F9,USR-D44687D1,Aquarius,2025-10-01,MACH-026,Aichi
SAL-45708457,USR-51F0CDE8,Water,2025-11-10,MACH-025,Saitama
SAL-D57CDF43,USR-810068EE,Coca-Cola,2025-12-18,MACH-042,Tokyo
SAL-3060F240,USR-D368E499,Fanta,2025-09-30,MACH-004,Chiba
SAL-E40D0921,USR-76D1D3FE,Coca-Cola,2025-09-28,MACH-027,Saitama
SAL-317A0FD2,USR-EA1B36C8,Georgia Coffee,2026-01-25,MACH-044,Kyoto
SAL-64C3229D,USR-E0867546,Coca-Cola,2025-12-08,MACH-002,Hyogo
SAL-F3C308D8,USR-F32FBBD6,Coca-Cola,2025-10-05,MACH-031,Tokyo
SAL-91796BA1,USR-4B165E46,Georgia Coffee,2025-12-16,MACH-029,Fukuoka
SAL-C187333F,USR-E59188C4,Coca-Cola,2026-02-16,MACH-021,Fukuoka
SAL-69CDF29A,USR-807549A0,Coca-Cola,2026-02-22,MACH-034,Kanagawa
SAL-4C27A997,USR-02007186,Coca-Cola,2026-01-24,MACH-015,Tokyo
SAL-E4098D39,USR-61B328E1,Coca-Cola,2025-11-27,MACH-034,Kanagawa
SAL-E70CDB53,USR-2F583A44,Coca-Cola,2026-02-07,MACH-007,Fukuoka
SAL-50E41924,USR-74A3A283,Coca-Cola,2025-11-04,MACH-031,Tokyo
SAL-E31CE5E5,USR-41BBD81F,Water,2026-02-13,MACH-025,Saitama
SAL-0854BBAC,USR-46D25772,Georgia Coffee,2026-01-22,MACH-040,Aichi
SAL-A51142F8,USR-49A35BE3,Coca-Cola,2025-10-12,MACH-033,Tokyo
SAL-E7D055BD,USR-ACDF3881,Coca-Cola,2026-01-06,MACH-011,Osaka
SAL-5F76E721,USR-26773EB7,Aquarius,2025-11-23,MACH-016,Aichi
SAL-4AC44557,USR-0ABF0AD6,Coca-Cola,2025-09-14,MACH-033,Tokyo
SAL-F5D30C6B,USR-B587B453,Georgia Coffee,2025-12-07,MACH-026,Aichi
SAL-13EF466C,USR-E92D572D,Coca-Cola,2025-12-28,MACH-029,Fukuoka
SAL-65848F43,USR-AAF95268,Georgia Coffee,2025-09-24,MACH-032,Aichi
SAL-36CC550C,USR-79A707A4,Georgia Coffee,2026-01-07,MACH-048,Osaka
SAL-821EC7E9,USR-725BB1B2,Georgia Coffee,2025-12-14,MACH-027,Saitama
SAL-7E649DFF,USR-8C79D607,Water,2025-09-02,MACH-006,Fukuoka
SAL-E15C3A7F,USR-7A115B9E,Water,2026-02-07,MACH-041,Tokyo
SAL-109F394E,USR-DCFCDF5F,Coca-Cola,2026-01-23,MACH-014,Aichi
SAL-A78CCD39,USR-D47055A5,Georgia Coffee,2025-11-28,MACH-024,Tokyo
SAL-F77F58EA,USR-B204FD30,Coca-Cola,2025-10-29,MACH-045,Tokyo
SAL-752667E4,USR-198BDD3B,Georgia Coffee,2026-02-17,MACH-024,Tokyo
SAL-EE84D70A,USR-43263B30,Georgia Coffee,2025-09-26,MACH-049,Tokyo
SAL-15A8A247,USR-1FCAB73C,Water,2025-11-28,MACH-023,Saitama
SAL-520849D7,USR-4A2E3634,Coca-Cola,2026-01-20,MACH-034,Kanagawa
SAL-46BBD34D,USR-8CD2F075,Georgia Coffee,2025-09-13,MACH-011,Osaka
SAL-16A499FF,USR-5090593D,Coca-Cola,2025-12-15,MACH-007,Fukuoka
SAL-40F25A5C,USR-4532CF9F,Water,2025-10-20,MACH-008,Osaka
SAL-5ED3626B,USR-A52F6A51,Water,2025-10-27,MACH-030,Saitama
SAL-242FEBFE,USR-21C989A3,Georgia Coffee,2025-09-29,MACH-049,Tokyo
SAL-EE2092F1,USR-EA095DC6,Georgia Coffee,2026-02-11,MACH-044,Kyoto
SAL-9C48A392,USR-44006F81,Fanta,2025-12-26,MACH-038,Hokkaido
SAL-21E4E0B7,USR-7BC12352,Georgia Coffee,2025-09-03,MACH-034,Kanagawa
SAL-634FAE0B,USR-77730124,Fanta,2025-12-21,MACH-038,Hokkaido
SAL-648A9CAF,USR-A1617CC6,Georgia Coffee,2025-10-17,MACH-045,Tokyo
SAL-4EC370F0,USR-493CDC05,Coca-Cola,2025-10-04,MACH-007,Fukuoka
SAL-8BB4488F,USR-79ABC03E,Water,2026-02-04,MACH-021,Fukuoka
SAL-8114FC47,USR-37748CF0,Coca-Cola,2025-12-18,MACH-039,Hokkaido
SAL-A098BFFB,USR-2847C466,Fanta,2025-11-04,MACH-018,Chiba
SAL-80DDA119,USR-08AF2072,Georgia Coffee,2025-11-16,MACH-029,Fukuoka
SAL-E52349A1,USR-1AAF82F9,Water,2025-12-16,MACH-039,Hokkaido
SAL-B3DC9A51,USR-E8697D4C,Coca-Cola,2026-01-11,MACH-020,Fukuoka
SAL-6D6CFD60,USR-BD0F3DC4,Fanta,2025-11-21,MACH-046,Saitama
SAL-DD8FD317,USR-793BBFE5,Georgia Coffee,2026-02-10,MACH-014,Aichi
SAL-1CD53FC6,USR-E99E5160,Fanta,2025-11-15,MACH-044,Kyoto
SAL-CBFD934E,USR-FF29B40F,Aquarius,2025-10-05,MACH-046,Saitama
SAL-CD1B6434,USR-0E1E0EAE,Coca-Cola,2025-10-17,MACH-033,Tokyo
SAL-3ED68F52,USR-C372653A,Coca-Cola,2025-11-23,MACH-046,Saitama
SAL-97D11FB9,USR-4D52F6DB,Coca-Cola,2026-01-23,MACH-031,Tokyo
SAL-9B6ABF05,USR-1AF015D1,Coca-Cola,2026-02-19,MACH-046,Saitama
SAL-0762B3D9,USR-9575A62F,Water,2026-01-16,MACH-019,Chiba
SAL-B8C14009,USR-BC61D898,Georgia Coffee,2025-09-05,MACH-034,Kanagawa
SAL-3AE34448,USR-1F9B0ABA,Georgia Coffee,2025-10-09,MACH-004,Chiba
SAL-3B469043,USR-D6C2FAB3,Georgia Coffee,2025-11-09,MACH-049,Tokyo
SAL-A11895DA,USR-1CF16CBD,Georgia Coffee,2025-11-14,MACH-044,Kyoto
SAL-6A2759F6,USR-739900E1,Georgia Coffee,2025-09-17,MACH-045,Tokyo
SAL-118FB5AB,USR-30CBAA79,Water,2026-01-18,MACH-003,Kyoto
SAL-48254D32,USR-8A64BE0A,Water,2025-09-28,MACH-040,Aichi
SAL-E5D6D212,USR-839C7ED5,Coca-Cola,2026-01-23,MACH-015,Tokyo
SAL-5AE401FA,USR-3665D7CE,Coca-Cola,2025-12-10,MACH-016,Aichi
SAL-087605BE,USR-F8180FCD,Coca-Cola,2026-02-27,MACH-019,Chiba
SAL-6F1E2B86,USR-1AF015D1,Fanta,2025-12-08,MACH-025,Saitama
SAL-DBC0C0A3,USR-23E9C01D,Georgia Coffee,2026-02-24,MACH-021,Fukuoka
SAL-3C1B983E,USR-1CF16CBD,Georgia Coffee,2025-09-05,MACH-048,Osaka
SAL-1EDF5EAC,USR-76D1D3FE,Coca-Cola,2025-12-24,MACH-015,Tokyo
SAL-834B0E0D,USR-0D026F77,Coca-Cola,2026-02-14,MACH-024,Tokyo
SAL-35E91E2D,USR-1FCAB73C,Georgia Coffee,2026-02-03,MACH-013,Fukuoka
SAL-B3BF328B,USR-ACDF3881,Georgia Coffee,2025-12-25,MACH-012,Tokyo
SAL-744E3D3C,USR-69280EE6,Georgia Coffee,2025-10-16,MACH-048,Osaka
SAL-556C19BE,USR-FBF0FE44,Coca-Cola,2025-09-12,MACH-028,Kanagawa
SAL-1044812D,USR-37F664F5,Water,2025-10-05,MACH-011,Osaka
SAL-2138C047,USR-93C8103C,Water,2025-09-03,MACH-022,Hokkaido
SAL-841747AA,USR-3404A170,Fanta,2025-10-11,MACH-003,Kyoto
SAL-F0CD1CED,USR-184C6E05,Fanta,2026-02-01,MACH-004,Chiba
SAL-557ECE06,USR-63522889,Georgia Coffee,2026-02-06,MACH-043,Chiba
SAL-99FBDB3B,USR-30CBAA79,Georgia Coffee,2026-01-26,MACH-036,Kyoto
SAL-8FD3C48D,USR-A69085FD,Fanta,2025-11-22,MACH-034,Kanagawa
SAL-CC72E0CF,USR-D6C2FAB3,Georgia Coffee,2026-01-13,MACH-005,Saitama
SAL-F239C9F3,USR-0B631903,Georgia Coffee,2025-12-17,MACH-035,Osaka
SAL-DFDFF381,USR-98380C97,Georgia Coffee,2025-11-30,MACH-015,Tokyo
SAL-4686D8FF,USR-3BDB8A12,Georgia Coffee,2025-11-25,MACH-022,Hokkaido
SAL-97B35118,USR-E820D24C,Aquarius,2026-02-07,MACH-034,Kanagawa
SAL-AD8D4E7C,USR-7388A60E,Coca-Cola,2026-02-15,MACH-001,Hyogo
SAL-DAB7A76E,USR-A0180BCD,Coca-Cola,2025-12-25,MACH-016,Aichi
SAL-FECBD5D9,USR-BFA1DFA4,Georgia Coffee,2026-02-08,MACH-016,Aichi
SAL-8FB4F1C4,USR-37748CF0,Water,2025-11-23,MACH-025,Saitama
SAL-7EB21A0C,USR-10298F26,Coca-Cola,2025-10-01,MACH-025,Saitama
SAL-03DF8800,USR-76D1D3FE,Georgia Coffee,2025-11-13,MACH-002,Hyogo
SAL-F352DA68,USR-70731286,Georgia Coffee,2025-12-06,MACH-033,Tokyo
SAL-8ACEE0AC,USR-A96ED735,Water,2026-01-04,MACH-003,Kyoto
SAL-D97DB767,USR-69280EE6,Georgia Coffee,2025-10-21,MACH-021,Fukuoka
SAL-0066F88D,USR-0232338A,Aquarius,2025-09-26,MACH-011,Osaka
SAL-8837EC21,USR-13FC0DF2,Coca-Cola,2026-01-17,MACH-035,Osaka
SAL-1BEDDFDE,USR-8213053B,Water,2025-10-25,MACH-043,Chiba
SAL-EE53BC2B,USR-0135B93C,Georgia Coffee,2026-02-24,MACH-028,Kanagawa
SAL-1A22DB25,USR-9575A62F,Aquarius,2026-01-17,MACH-045,Tokyo
SAL-B3A14C19,USR-B587B453,Fanta,2025-12-22,MACH-042,Tokyo
SAL-C14046FF,USR-E79B3EA6,Georgia Coffee,2026-02-24,MACH-010,Hokkaido
SAL-F0DE9A1F,USR-0AE853FE,Georgia Coffee,2025-11-25,MACH-003,Kyoto
SAL-860F891B,USR-9EF906C3,Georgia Coffee,2025-10-17,MACH-017,Hokkaido
SAL-E4F68E5F,USR-405505F7,Georgia Coffee,2025-10-30,MACH-017,Hokkaido
SAL-26DDA567,USR-2F583A44,Georgia Coffee,2026-02-10,MACH-026,Aichi
SAL-69C95774,USR-71203D61,Georgia Coffee,2025-12-10,MACH-044,Kyoto
SAL-2750D0DA,USR-4A7D1F6A,Georgia Coffee,2026-02-13,MACH-047,Tokyo
SAL-D81A9E23,USR-1AAF82F9,Water,2026-01-29,MACH-003,Kyoto
SAL-8B0A77CE,USR-BC61D898,Georgia Coffee,2025-12-02,MACH-033,Tokyo
SAL-8E09AB1E,USR-5C26D66C,Georgia Coffee,2026-02-24,MACH-020,Fukuoka
SAL-629F7522,USR-4D0AD1D6,Water,2025-12-23,MACH-025,Saitama
SAL-1AB814CE,USR-61CA1E50,Coca-Cola,2025-09-09,MACH-031,Tokyo
SAL-4278950B,USR-626BEA3B,Water,2025-10-06,MACH-048,Osaka
SAL-E3DD0BDD,USR-B701BCD2,Coca-Cola,2026-01-19,MACH-019,Chiba
SAL-E1ECAC49,USR-E5902D2F,Fanta,2025-11-17,MACH-044,Kyoto
SAL-8509A63A,USR-BFA1DFA4,Fanta,2026-02-14,MACH-024,Tokyo
SAL-FF135ABA,USR-B80F3E52,Georgia Coffee,2026-01-21,MACH-036,Kyoto
SAL-B19E4E1A,USR-E3EBF495,Coca-Cola,2025-09-03,MACH-037,Kyoto
SAL-45166A65,USR-1537258D,Georgia Coffee,2026-01-20,MACH-006,Fukuoka
SAL-33A2F718,USR-420F237F,Fanta,2025-11-29,MACH-014,Aichi
SAL-7C3923D0,USR-7CA2DD2B,Georgia Coffee,2026-01-11,MACH-010,Hokkaido
SAL-6B235B8F,USR-8ED23E53,Georgia Coffee,2026-02-06,MACH-017,Hokkaido
SAL-5E53CCD3,USR-F4F68580,Georgia Coffee,2026-02-20,MACH-037,Kyoto
SAL-A3079F0F,USR-64A351CA,Coca-Cola,2026-01-20,MACH-005,Saitama
SAL-030A9F71,USR-C05C9F63,Coca-Cola,2025-11-05,MACH-007,Fukuoka
SAL-A3F69E56,USR-85C8BFC9,Georgia Coffee,2026-01-04,MACH-022,Hokkaido
SAL-C2D6D815,USR-1BF97DEB,Georgia Coffee,2026-02-16,MACH-016,Aichi
SAL-7F99C33B,USR-507974CF,Water,2025-09-19,MACH-034,Kanagawa
SAL-E1F7C5D4,USR-37F664F5,Georgia Coffee,2025-11-19,MACH-045,Tokyo
SAL-365C49A2,USR-11844527,Georgia Coffee,2026-01-25,MACH-024,Tokyo
SAL-5696174C,USR-1EC10A79,Georgia Coffee,2025-12-20,MACH-011,Osaka
SAL-C1A05BBC,USR-22EF86F5,Coca-Cola,2025-10-28,MACH-046,Saitama
SAL-87C0F2FF,USR-44006F81,Coca-Cola,2025-11-11,MACH-024,Tokyo
SAL-7473D413,USR-FFC75C1E,Georgia Coffee,2025-11-25,MACH-031,Tokyo
SAL-322C9874,USR-FA7A4B59,Georgia Coffee,2025-11-19,MACH-032,Aichi
SAL-825DCEC6,USR-B02FDFDE,Water,2026-02-14,MACH-039,Hokkaido
SAL-7C456C3C,USR-43851412,Georgia Coffee,2025-10-07,MACH-035,Osaka
SAL-C793B1C7,USR-B19F9764,Georgia Coffee,2026-02-09,MACH-005,Saitama
SAL-0A9BAEC1,USR-7E9FC3E4,Georgia Coffee,2025-09-06,MACH-033,Tokyo
SAL-0213B933,USR-E3F24656,Coca-Cola,2026-01-28,MACH-038,Hokkaido
SAL-3B6C80ED,USR-FA7A4B59,Georgia Coffee,2025-10-26,MACH-003,Kyoto
SAL-4F582081,USR-79A707A4,Coca-Cola,2026-01-18,MACH-031,Tokyo
SAL-7E8DE270,USR-0ABF0AD6,Water,2025-12-04,MACH-026,Aichi
SAL-EACDA87A,USR-460F5C8D,Georgia Coffee,2026-01-30,MACH-047,Tokyo
SAL-65CFEB27,USR-3665D7CE,Georgia Coffee,2025-12-29,MACH-033,Tokyo
SAL-5C3F67AE,USR-34CF1E3B,Coca-Cola,2025-12-04,MACH-033,Tokyo
SAL-477EE50D,USR-97197B1B,Coca-Cola,2026-02-06,MACH-044,Kyoto
SAL-7D2F19DF,USR-41119228,Georgia Coffee,2025-10-07,MACH-029,Fukuoka
SAL-52FE8230,USR-8133C1BD,Fanta,2026-01-24,MACH-043,Chiba
SAL-C99C7229,USR-790B6617,Georgia Coffee,2026-01-03,MACH-037,Kyoto
SAL-C01A2F20,USR-7E5321DC,Coca-Cola,2025-12-05,MACH-015,Tokyo
SAL-3D79E8BC,USR-493CDC05,Georgia Coffee,2026-01-12,MACH-024,Tokyo
SAL-6D171C0C,USR-3D3CB991,Aquarius,2025-12-27,MACH-003,Kyoto
SAL-8B24D636,USR-496142B8,Aquarius,2025-11-23,MACH-007,Fukuoka
SAL-725C2894,USR-0135B93C,Coca-Cola,2026-02-11,MACH-018,Chiba
SAL-5ED84FFE,USR-42AF9455,Georgia Coffee,2026-01-28,MACH-035,Osaka
SAL-60E0DC67,USR-73C0A881,Coca-Cola,2026-02-16,MACH-025,Saitama
SAL-1E766E2B,USR-1CF16CBD,Coca-Cola,2025-09-21,MACH-034,Kanagawa
SAL-190277BE,USR-E3F24656,Georgia Coffee,2025-10-29,MACH-034,Kanagawa
SAL-ADC09393,USR-8C79D607,Georgia Coffee,2025-11-29,MACH-032,Aichi
SAL-E9141BDB,USR-2C663A0D,Water,2026-02-03,MACH-001,Hyogo
SAL-3A37E62F,USR-11F3AD10,Georgia Coffee,2025-12-23,MACH-011,Osaka
SAL-05FCFE3F,USR-7210012C,Georgia Coffee,2026-02-13,MACH-018,Chiba
SAL-CF596A25,USR-D062DBF9,Water,2025-10-12,MACH-024,Tokyo
SAL-4496C0C3,USR-11F3AD10,Georgia Coffee,2025-10-02,MACH-043,Chiba
SAL-9C5A6D70,USR-7388A60E,Georgia Coffee,2025-11-25,MACH-047,Tokyo
SAL-1B301000,USR-A3B76148,Coca-Cola,2026-01-02,MACH-031,Tokyo
SAL-B3C4F13E,USR-237E8E80,Georgia Coffee,2026-02-14,MACH-027,Saitama
SAL-F8ADE5D9,USR-C931D377,Georgia Coffee,2025-10-04,MACH-037,Kyoto
SAL-DD7AB46C,USR-3D3CB991,Water,2026-02-10,MACH-033,Tokyo
SAL-2D47A654,USR-99E1CD38,Georgia Coffee,2025-10-09,MACH-004,Chiba
SAL-F73B8B3C,USR-BFA1DFA4,Georgia Coffee,2025-10-18,MACH-034,Kanagawa
SAL-C2068BFB,USR-FF81B894,Water,2026-01-24,MACH-041,Tokyo
SAL-8BAF30C9,USR-FFF83EBA,Georgia Coffee,2026-02-18,MACH-019,Chiba
SAL-F916FCE3,USR-94C49A15,Water,2025-12-25,MACH-039,Hokkaido
SAL-B65F5D85,USR-24617DD7,Georgia Coffee,2025-10-15,MACH-015,Tokyo
SAL-FFE5B95F,USR-2FE3E350,Water,2025-10-08,MACH-038,Hokkaido
SAL-ABACA6B2,USR-3665D7CE,Georgia Coffee,2026-02-08,MACH-043,Chiba
SAL-5A84AFED,USR-FA76A5C7,Georgia Coffee,2026-02-24,MACH-022,Hokkaido
SAL-B506FEE4,USR-11F3AD10,Georgia Coffee,2026-01-31,MACH-005,Saitama
SAL-05375CAB,USR-6875C74B,Georgia Coffee,2025-10-05,MACH-007,Fukuoka
SAL-700BA863,USR-A116DF55,Water,2026-01-09,MACH-044,Kyoto
SAL-5801CD56,USR-773E79C5,Georgia Coffee,2026-02-04,MACH-007,Fukuoka
SAL-9BF8B412,USR-0BD71BBC,Water,2026-02-06,MACH-039,Hokkaido
SAL-F844DE3F,USR-31D7E8A6,Georgia Coffee,2026-01-16,MACH-033,Tokyo
SAL-AF6437E3,USR-8F42AE70,Fanta,2026-01-03,MACH-043,Chiba
SAL-D5EE6DC3,USR-5206F7E9,Fanta,2026-01-18,MACH-001,Hyogo
SAL-5487C419,USR-719D3C88,Georgia Coffee,2026-02-22,MACH-042,Tokyo
SAL-53CCEFFA,USR-1940B78A,Georgia Coffee,2025-12-05,MACH-003,Kyoto
SAL-41CE144D,USR-C31D2317,Water,2025-10-30,MACH-031,Tokyo
SAL-3A192244,USR-70731286,Coca-Cola,2025-11-30,MACH-038,Hokkaido
SAL-8A490E09,USR-24055F24,Georgia Coffee,2026-02-27,MACH-037,Kyoto
SAL-A1898E4D,USR-807549A0,Georgia Coffee,2025-11-06,MACH-031,Tokyo
SAL-8C2AEA01,USR-1AF67160,Fanta,2025-09-23,MACH-019,Chiba
SAL-E0644A05,USR-7FCEC881,Georgia Coffee,2025-12-15,MACH-017,Hokkaido
SAL-BEA185EB,USR-61B328E1,Georgia Coffee,2025-09-03,MACH-037,Kyoto
SAL-A1CB0CA0,USR-DCFCDF5F,Georgia Coffee,2025-09-03,MACH-025,Saitama
SAL-4FF3B903,USR-19498748,Georgia Coffee,2025-11-21,MACH-027,Saitama
SAL-B3238549,USR-37F664F5,Georgia Coffee,2025-12-20,MACH-042,Tokyo
SAL-42D20972,USR-2205CE74,Georgia Coffee,2026-01-17,MACH-028,Kanagawa
SAL-1035B237,USR-2847C466,Coca-Cola,2025-11-11,MACH-044,Kyoto
SAL-3576AAD9,USR-739900E1,Georgia Coffee,2025-12-16,MACH-036,Kyoto
SAL-67F51D2B,USR-137C3A44,Coca-Cola,2025-10-17,MACH-024,Tokyo
SAL-19FB9913,USR-F22D56C7,Georgia Coffee,2025-11-05,MACH-020,Fukuoka
SAL-02584CFD,USR-7BC12352,Georgia Coffee,2026-03-01,MACH-026,Aichi
SAL-3F77A6A2,USR-ABE55C10,Georgia Coffee,2026-02-17,MACH-008,Osaka
SAL-A1CD40E4,USR-1BF97DEB,Georgia Coffee,2026-02-28,MACH-011,Osaka
SAL-C638FA93,USR-E92D572D,Georgia Coffee,2025-12-13,MACH-022,Hokkaido
SAL-6F87DB49,USR-4ED84E1A,Georgia Coffee,2026-02-27,MACH-044,Kyoto
SAL-A5251D0E,USR-1EC10A79,Water,2025-12-10,MACH-041,Tokyo
SAL-9B0865B9,USR-7B3A0005,Coca-Cola,2025-10-09,MACH-031,Tokyo
SAL-9C6E3082,USR-EC8C373E,Georgia Coffee,2025-09-24,MACH-005,Saitama
SAL-370E3A02,USR-0BD71BBC,Water,2025-09-22,MACH-039,Hokkaido
SAL-B547B777,USR-DCFCDF5F,Georgia Coffee,2025-12-13,MACH-040,Aichi
SAL-9C8A4003,USR-FFF83EBA,Coca-Cola,2026-02-01,MACH-004,Chiba
SAL-6319D55B,USR-E5B237A6,Georgia Coffee,2025-10-16,MACH-041,Tokyo
SAL-2E1BCC3C,USR-4532CF9F,Water,2025-10-23,MACH-043,Chiba
SAL-9EF5351D,USR-3665D7CE,Georgia Coffee,2025-11-14,MACH-044,Kyoto
SAL-FA5A59B0,USR-CB6ABB03,Coca-Cola,2025-10-31,MACH-040,Aichi
SAL-F34DD1E9,USR-DCFCDF5F,Georgia Coffee,2025-12-03,MACH-016,Aichi
SAL-E4AF7CEC,USR-7FEB7CCB,Water,2025-10-12,MACH-006,Fukuoka
SAL-D5BB2426,USR-4D0AD1D6,Georgia Coffee,2025-12-01,MACH-043,Chiba
SAL-0A112CE5,USR-D558FE90,Water,2025-10-23,MACH-034,Kanagawa
SAL-0353A267,USR-FBCF129D,Georgia Coffee,2025-09-19,MACH-006,Fukuoka
SAL-F5973D9F,USR-15CF548F,Georgia Coffee,2026-01-23,MACH-038,Hokkaido
SAL-5063D68B,USR-5C26D66C,Fanta,2025-11-11,MACH-015,Tokyo
SAL-13D3F516,USR-6101E920,Georgia Coffee,2025-12-27,MACH-026,Aichi
SAL-19A5EAE7,USR-931EC15B,Georgia Coffee,2025-10-16,MACH-027,Saitama
SAL-B9D1D943,USR-7D413B79,Coca-Cola,2025-09-20,MACH-033,Tokyo
SAL-E6766729,USR-02007186,Georgia Coffee,2025-10-01,MACH-033,Tokyo
SAL-FEDFDAEE,USR-1CF16CBD,Coca-Cola,2026-01-17,MACH-037,Kyoto
SAL-18DE0ADD,USR-77730124,Coca-Cola,2025-12-07,MACH-037,Kyoto
SAL-22D90BCD,USR-5206F7E9,Coca-Cola,2025-11-27,MACH-035,Osaka
SAL-84D53024,USR-C372653A,Georgia Coffee,2025-09-09,MACH-031,Tokyo
SAL-03C48878,USR-158ADDF2,Aquarius,2025-12-08,MACH-041,Tokyo
SAL-2EEC5A0D,USR-11F3AD10,Water,2026-02-22,MACH-045,Tokyo
SAL-5504F8C9,USR-1AAF82F9,Water,2025-12-16,MACH-001,Hyogo
SAL-634948AE,USR-C255DABD,Georgia Coffee,2025-11-04,MACH-019,Chiba
SAL-3F977BC9,USR-AC90864D,Fanta,2025-11-28,MACH-005,Saitama
SAL-FD3A5DD5,USR-B48DA376,Georgia Coffee,2026-01-01,MACH-021,Fukuoka
SAL-B052BA70,USR-E65E15CB,Fanta,2026-01-26,MACH-018,Chiba
SAL-9E68E532,USR-7B4DC62A,Coca-Cola,2026-02-23,MACH-016,Aichi
SAL-BB80B54E,USR-11F3AD10,Georgia Coffee,2025-11-08,MACH-014,Aichi
SAL-B50B8391,USR-85C8BFC9,Georgia Coffee,2025-11-04,MACH-040,Aichi
SAL-E409B8EF,USR-F32FBBD6,Georgia Coffee,2025-09-29,MACH-008,Osaka
SAL-2790CB30,USR-BB1F9A40,Georgia Coffee,2026-02-18,MACH-032,Aichi
SAL-FF670044,USR-49A35BE3,Georgia Coffee,2026-01-18,MACH-003,Kyoto
SAL-61AEB6BF,USR-8CD2F075,Water,2026-02-07,MACH-021,Fukuoka
SAL-162989EE,USR-B7BC5949,Georgia Coffee,2026-01-27,MACH-018,Chiba
SAL-B00C0CCD,USR-2847C466,Georgia Coffee,2026-01-10,MACH-018,Chiba
SAL-CE7B2DAE,USR-91C6EA12,Fanta,2026-01-27,MACH-033,Tokyo
SAL-F888C8FA,USR-74A3A283,Coca-Cola,2025-09-10,MACH-033,Tokyo
SAL-323E860E,USR-1940B78A,Georgia Coffee,2026-02-24,MACH-008,Osaka
SAL-8319E4F4,USR-6FC1024D,Georgia Coffee,2025-11-21,MACH-045,Tokyo
SAL-1A7ADF16,USR-D7540919,Georgia Coffee,2025-10-25,MACH-025,Saitama
SAL-5BB0E27B,USR-E0867546,Georgia Coffee,2025-12-03,MACH-040,Aichi
SAL-2F9D4909,USR-122FABF9,Georgia Coffee,2026-01-20,MACH-017,Hokkaido
SAL-FF863EA1,USR-73C0A881,Georgia Coffee,2026-02-05,MACH-022,Hokkaido
SAL-7A90A065,USR-A116DF55,Coca-Cola,2025-12-19,MACH-014,Aichi
SAL-D3169AF6,USR-D9F7D199,Georgia Coffee,2025-12-06,MACH-024,Tokyo
SAL-ECB62D68,USR-E9574BD3,Georgia Coffee,2025-12-26,MACH-042,Tokyo
SAL-3AAB98DA,USR-C92D2173,Water,2025-09-27,MACH-047,Tokyo
SAL-E20004F6,USR-460F5C8D,Georgia Coffee,2026-01-22,MACH-028,Kanagawa
SAL-D055E755,USR-41BBD81F,Coca-Cola,2025-10-09,MACH-048,Osaka
SAL-A5C61E03,USR-8D00C52C,Fanta,2025-09-04,MACH-010,Hokkaido
SAL-D87016CE,USR-45C8BBEB,Georgia Coffee,2026-01-12,MACH-035,Osaka
SAL-E7E65AF0,USR-1CF16CBD,Georgia Coffee,2026-01-04,MACH-020,Fukuoka
SAL-C8D941B9,USR-2847C466,Georgia Coffee,2026-01-25,MACH-004,Chiba
SAL-A00F3B57,USR-0CC34EE0,Water,2025-10-13,MACH-004,Chiba
SAL-1B02B9FB,USR-98AC69D2,Georgia Coffee,2026-01-01,MACH-041,Tokyo
SAL-4148776E,USR-3BDB8A12,Georgia Coffee,2025-11-26,MACH-017,Hokkaido
SAL-80C2065F,USR-E99E5160,Georgia Coffee,2026-01-22,MACH-017,Hokkaido
SAL-3C097D1C,USR-1FCAB73C,Coca-Cola,2025-10-03,MACH-023,Saitama
SAL-0659087F,USR-FF29B40F,Coca-Cola,2026-01-27,MACH-037,Kyoto
SAL-5F741175,USR-F1DC1730,Coca-Cola,2025-10-16,MACH-025,Saitama
SAL-73141CCC,USR-BCE142DC,Coca-Cola,2025-12-25,MACH-006,Fukuoka
SAL-8A1103B8,USR-02007186,Georgia Coffee,2025-12-29,MACH-041,Tokyo
SAL-E22786CC,USR-11844527,Fanta,2025-10-14,MACH-041,Tokyo
SAL-785CB48D,USR-A2A97C1E,Coca-Cola,2025-12-18,MACH-041,Tokyo
SAL-5A9E5D0E,USR-7CA2DD2B,Coca-Cola,2025-09-20,MACH-006,Fukuoka
SAL-7742F2E2,USR-79A707A4,Georgia Coffee,2025-11-21,MACH-021,Fukuoka
SAL-CE970F61,USR-26D7D111,Georgia Coffee,2025-11-09,MACH-039,Hokkaido
SAL-C1A811CB,USR-19498748,Coca-Cola,2025-12-24,MACH-050,Tokyo
SAL-73289075,USR-420F237F,Georgia Coffee,2026-01-13,MACH-029,Fukuoka
SAL-0D17919B,USR-7FE66F80,Georgia Coffee,2025-09-07,MACH-009,Tokyo
SAL-CA3AF6DC,USR-E157A9AD,Georgia Coffee,2026-02-28,MACH-048,Osaka
SAL-B3E08737,USR-5C619686,Georgia Coffee,2025-12-12,MACH-007,Fukuoka
SAL-B808B777,USR-46D25772,Georgia Coffee,2026-01-01,MACH-036,Kyoto
SAL-CA2FB845,USR-02361EDF,Aquarius,2025-12-12,MACH-034,Kanagawa
SAL-95FD3D9B,USR-4A7D1F6A,Georgia Coffee,2025-09-28,MACH-017,Hokkaido
SAL-B4E75CBB,USR-12274D44,Georgia Coffee,2026-02-16,MACH-025,Saitama
SAL-5D69DF9A,USR-3DE7126B,Georgia Coffee,2025-11-13,MACH-029,Fukuoka
SAL-9294DE64,USR-9076FBB0,Georgia Coffee,2026-01-14,MACH-011,Osaka
SAL-40CDC46E,USR-AE8182EF,Georgia Coffee,2025-12-02,MACH-021,Fukuoka
SAL-D3BB615B,USR-C08CE81E,Georgia Coffee,2026-01-18,MACH-018,Chiba
SAL-9F1193A6,USR-773E79C5,Coca-Cola,2026-02-27,MACH-035,Osaka
SAL-886063E4,USR-11A1B6FD,Coca-Cola,2025-12-27,MACH-041,Tokyo
SAL-4AAD4B30,USR-E2D89BA5,Coca-Cola,2026-01-24,MACH-028,Kanagawa
SAL-E9CC7FD1,USR-25AFF62D,Georgia Coffee,2026-01-16,MACH-020,Fukuoka
SAL-119A992A,USR-08AF2072,Georgia Coffee,2026-01-18,MACH-015,Tokyo
SAL-62EAACDC,USR-420F237F,Georgia Coffee,2025-11-19,MACH-024,Tokyo
SAL-4583C93B,USR-80DF6F51,Coca-Cola,2025-11-18,MACH-001,Hyogo
SAL-5FD05554,USR-6FC1024D,Coca-Cola,2025-10-06,MACH-040,Aichi
SAL-A65CE93F,USR-91C6EA12,Georgia Coffee,2026-01-05,MACH-049,Tokyo
SAL-2EDC6798,USR-E3EBF495,Georgia Coffee,2025-12-21,MACH-019,Chiba
SAL-2556BC92,USR-4A2E3634,Georgia Coffee,2025-09-03,MACH-036,Kyoto
SAL-825A2549,USR-4D0AD1D6,Georgia Coffee,2026-01-23,MACH-028,Kanagawa
SAL-EEF2023F,USR-C7E81044,Georgia Coffee,2026-02-14,MACH-025,Saitama
SAL-BB04E69B,USR-E0EA0D7E,Coca-Cola,2025-11-08,MACH-006,Fukuoka
SAL-57A43B09,USR-60CBC8E5,Fanta,2026-01-12,MACH-049,Tokyo
SAL-F90909C7,USR-F609D268,Georgia Coffee,2026-02-26,MACH-044,Kyoto
SAL-C6B23574,USR-420F237F,Georgia Coffee,2026-01-16,MACH-018,Chiba
SAL-DF9D0DBE,USR-536D55BF,Coca-Cola,2025-09-19,MACH-008,Osaka
SAL-8137E5F9,USR-1AAF82F9,Coca-Cola,2025-12-26,MACH-018,Chiba
SAL-6340D750,USR-FF81B894,Georgia Coffee,2025-10-20,MACH-021,Fukuoka
SAL-42B6DECD,USR-715D5BB3,Aquarius,2026-01-16,MACH-002,Hyogo
SAL-4C016F9B,USR-0B9ABA08,Coca-Cola,2025-11-13,MACH-018,Chiba
SAL-B2D8A7B9,USR-F28D3253,Georgia Coffee,2025-09-04,MACH-015,Tokyo
SAL-1ECBD5C7,USR-5AD403AF,Georgia Coffee,2026-01-06,MACH-014,Aichi
SAL-9FA89ACB,USR-DB05FD71,Coca-Cola,2026-01-07,MACH-024,Tokyo
SAL-C6991DDE,USR-B02FDFDE,Fanta,2025-09-10,MACH-022,Hokkaido
SAL-47BAF4D2,USR-6549D451,Water,2025-10-09,MACH-004,Chiba
SAL-6BFB8865,USR-93C61721,Georgia Coffee,2025-09-20,MACH-035,Osaka
SAL-FFB9F030,USR-C7E81044,Georgia Coffee,2025-11-05,MACH-025,Saitama
SAL-38CC98A2,USR-13638586,Aquarius,2025-11-04,MACH-025,Saitama
SAL-7F4E3D6B,USR-B3B771CD,Georgia Coffee,2025-11-04,MACH-048,Osaka
SAL-4C9DEA07,USR-6019061F,Aquarius,2025-09-26,MACH-034,Kanagawa
SAL-F3051366,USR-4407CE18,Fanta,2026-01-01,MACH-025,Saitama
SAL-BB60F977,USR-8213053B,Coca-Cola,2025-11-23,MACH-011,Osaka
SAL-EC464AAB,USR-D7B27CFD,Georgia Coffee,2026-01-20,MACH-034,Kanagawa
SAL-B02AC507,USR-C05C9F63,Georgia Coffee,2026-02-12,MACH-020,Fukuoka
SAL-B8C3F530,USR-D13BC615,Aquarius,2025-09-15,MACH-043,Chiba
SAL-6FAB3B23,USR-4CDB33EE,Georgia Coffee,2025-11-01,MACH-041,Tokyo
SAL-3FFB4FA6,USR-37F664F5,Georgia Coffee,2025-10-14,MACH-018,Chiba
SAL-DC360877,USR-053007FF,Georgia Coffee,2025-11-03,MACH-001,Hyogo
SAL-0275C924,USR-4173CC88,Coca-Cola,2026-02-25,MACH-031,Tokyo
SAL-AD0203BF,USR-409169AE,Georgia Coffee,2025-12-06,MACH-014,Aichi
SAL-C0428555,USR-4532CF9F,Fanta,2026-02-07,MACH-022,Hokkaido
SAL-0FD8A8FB,USR-5D94DB19,Georgia Coffee,2026-02-09,MACH-004,Chiba
SAL-6B8980F2,USR-0B631903,Water,2025-10-11,MACH-045,Tokyo
SAL-E70BB449,USR-3293A67F,Georgia Coffee,2025-10-04,MACH-032,Aichi
SAL-F22E9938,USR-7F6AF919,Georgia Coffee,2026-01-22,MACH-042,Tokyo
SAL-99F20AEE,USR-B56C60DA,Georgia Coffee,2025-12-23,MACH-047,Tokyo
SAL-892B7194,USR-1CF16CBD,Water,2025-12-07,MACH-023,Saitama
SAL-29CB1BDE,USR-EA1B36C8,Georgia Coffee,2026-01-04,MACH-046,Saitama
SAL-642A0D4D,USR-DBCAA803,Georgia Coffee,2026-01-18,MACH-045,Tokyo
SAL-42C3A783,USR-15CF548F,Georgia Coffee,2025-10-19,MACH-035,Osaka
SAL-8127FF8A,USR-8A64BE0A,Water,2025-12-30,MACH-018,Chiba
SAL-9D15DC25,USR-A7BF8F45,Georgia Coffee,2026-01-21,MACH-011,Osaka
SAL-C7E9F1A3,USR-9F205CAC,Georgia Coffee,2025-12-26,MACH-019,Chiba
SAL-E72D7B9B,USR-931EC15B,Georgia Coffee,2025-12-04,MACH-046,Saitama
SAL-22B7F921,USR-966623B4,Water,2025-10-19,MACH-002,Hyogo
SAL-9ECB51F9,USR-FC35A1BC,Coca-Cola,2026-02-07,MACH-016,Aichi
SAL-65D684FE,USR-9F205CAC,Georgia Coffee,2026-02-17,MACH-035,Osaka
SAL-F397DB73,USR-996CC4D5,Coca-Cola,2026-01-14,MACH-044,Kyoto
SAL-77E872A2,USR-FF1D6FE1,Georgia Coffee,2025-10-11,MACH-040,Aichi
SAL-AE1ECD49,USR-41E5E064,Georgia Coffee,2026-02-13,MACH-021,Fukuoka
SAL-B53D42C0,USR-9D919DA6,Water,2026-02-17,MACH-005,Saitama
SAL-FFE56583,USR-71FFFEE9,Georgia Coffee,2025-10-05,MACH-012,Tokyo
SAL-E9BD8408,USR-82264AE0,Coca-Cola,2025-10-21,MACH-007,Fukuoka
SAL-0B57F13D,USR-DBCAA803,Georgia Coffee,2025-12-10,MACH-043,Chiba
SAL-9C0DA382,USR-10298F26,Georgia Coffee,2026-02-28,MACH-038,Hokkaido
SAL-2F478BC9,USR-2AD1EFA6,Georgia Coffee,2025-10-28,MACH-039,Hokkaido
SAL-37AC1045,USR-B7BC5949,Fanta,2025-10-25,MACH-042,Tokyo
SAL-A2CCA30D,USR-BF46D543,Coca-Cola,2025-09-22,MACH-030,Saitama
SAL-141A4C7B,USR-95FF5B84,Coca-Cola,2025-12-17,MACH-024,Tokyo
SAL-9D5A4F41,USR-B710EEFF,Georgia Coffee,2026-02-06,MACH-018,Chiba
SAL-D110415F,USR-3DFF8801,Aquarius,2025-09-20,MACH-020,Fukuoka
SAL-76EFCA2C,USR-1BF97DEB,Coca-Cola,2026-01-12,MACH-007,Fukuoka
SAL-4F994071,USR-A52F6A51,Georgia Coffee,2026-01-16,MACH-025,Saitama
SAL-057FD271,USR-42AF9455,Coca-Cola,2026-02-17,MACH-016,Aichi
SAL-749916DA,USR-11A1B6FD,Coca-Cola,2025-10-17,MACH-036,Kyoto
SAL-F3E0BBF7,USR-E7A7BC78,Coca-Cola,2025-09-29,MACH-027,Saitama
SAL-ED53A3C0,USR-98380C97,Georgia Coffee,2026-02-19,MACH-028,Kanagawa
SAL-E5C33A29,USR-7B1ECD3F,Coca-Cola,2025-10-18,MACH-036,Kyoto
SAL-35165C15,USR-5E99562D,Aquarius,2026-02-17,MACH-011,Osaka
SAL-5C9E3F5B,USR-FBCF129D,Aquarius,2025-12-24,MACH-023,Saitama
SAL-1FA813D2,USR-420F237F,Water,2025-11-24,MACH-024,Tokyo
SAL-23214D10,USR-CFD9D57F,Coca-Cola,2025-12-21,MACH-047,Tokyo
SAL-5E257D8B,USR-E0EBCAA9,Georgia Coffee,2026-01-24,MACH-035,Osaka
SAL-439CDAA0,USR-5090593D,Georgia Coffee,2026-01-20,MACH-048,Osaka
SAL-135FF798,USR-B701BCD2,Georgia Coffee,2025-12-26,MACH-029,Fukuoka
SAL-877D8DA7,USR-E3EBF495,Georgia Coffee,2025-09-10,MACH-019,Chiba
SAL-8EDFD309,USR-13FC0DF2,Georgia Coffee,2025-10-06,MACH-020,Fukuoka
SAL-E7576066,USR-460F5C8D,Georgia Coffee,2025-10-28,MACH-014,Aichi
SAL-94F46F70,USR-381CF2B0,Georgia Coffee,2026-02-25,MACH-018,Chiba
SAL-39312B21,USR-7B3A0005,Coca-Cola,2026-01-22,MACH-037,Kyoto
SAL-BE1CF852,USR-0E004C2A,Coca-Cola,2025-09-26,MACH-003,Kyoto
SAL-25EA3073,USR-73C0A881,Fanta,2025-10-07,MACH-017,Hokkaido
SAL-BC4B7474,USR-10298F26,Water,2025-11-04,MACH-015,Tokyo
SAL-9E6E4DFD,USR-D44687D1,Coca-Cola,2025-09-25,MACH-037,Kyoto
SAL-9B25835A,USR-3DFF8801,Water,2025-10-27,MACH-047,Tokyo
SAL-AA030246,USR-9F205CAC,Fanta,2026-01-03,MACH-042,Tokyo
SAL-9A90CDDD,USR-E39B992E,Georgia Coffee,2026-02-01,MACH-042,Tokyo
SAL-565FB57C,USR-E157A9AD,Coca-Cola,2026-01-27,MACH-025,Saitama
SAL-DE5188CB,USR-4CDB33EE,Georgia Coffee,2025-11-26,MACH-023,Saitama
SAL-60C2C550,USR-49A35BE3,Coca-Cola,2025-10-02,MACH-047,Tokyo
SAL-A3378E15,USR-C9DC4C03,Water,2025-09-04,MACH-041,Tokyo
SAL-3BBD7892,USR-E2D89BA5,Georgia Coffee,2025-09-15,MACH-020,Fukuoka
SAL-EBAF144A,USR-41BBD81F,Georgia Coffee,2026-01-18,MACH-037,Kyoto
SAL-D9B2A04E,USR-3404A170,Georgia Coffee,2026-02-27,MACH-015,Tokyo
SAL-45596212,USR-31D7E8A6,Coca-Cola,2025-12-11,MACH-029,Fukuoka
SAL-C238CB60,USR-D97562E8,Georgia Coffee,2026-01-09,MACH-006,Fukuoka
SAL-06C79350,USR-77BEF251,Georgia Coffee,2025-12-11,MACH-010,Hokkaido
SAL-5ED31831,USR-1EAA4DD7,Georgia Coffee,2026-01-01,MACH-037,Kyoto
SAL-60865153,USR-44978EC5,Georgia Coffee,2025-12-13,MACH-017,Hokkaido
SAL-BDC43B93,USR-7656881F,Georgia Coffee,2025-12-22,MACH-010,Hokkaido
SAL-11E258B6,USR-A5B1C25E,Coca-Cola,2026-01-04,MACH-026,Aichi
SAL-FB3C958D,USR-7BC12352,Georgia Coffee,2026-01-23,MACH-040,Aichi
SAL-04AAB433,USR-6549D451,Water,2025-11-03,MACH-005,Saitama
SAL-0F724105,USR-97253F75,Coca-Cola,2025-11-23,MACH-044,Kyoto
SAL-666DBE81,USR-420F237F,Coca-Cola,2025-09-30,MACH-043,Chiba
SAL-C3AC99D6,USR-DCFCDF5F,Georgia Coffee,2025-11-30,MACH-044,Kyoto
SAL-B64913E8,USR-5891707E,Coca-Cola,2025-11-19,MACH-011,Osaka
SAL-4B378F1E,USR-989C14B1,Georgia Coffee,2025-12-24,MACH-040,Aichi
SAL-36889270,USR-7F6AF919,Water,2025-10-31,MACH-011,Osaka
SAL-23868E66,USR-22EF86F5,Georgia Coffee,2025-09-23,MACH-008,Osaka
SAL-EDA20777,USR-8A64BE0A,Water,2026-02-07,MACH-010,Hokkaido
SAL-74E54936,USR-5AD403AF,Coca-Cola,2025-11-14,MACH-001,Hyogo
SAL-90584767,USR-66CDD224,Coca-Cola,2025-09-30,MACH-020,Fukuoka
SAL-F0CD0061,USR-22EF86F5,Coca-Cola,2025-11-25,MACH-014,Aichi
SAL-7A57BD51,USR-61B328E1,Water,2025-10-24,MACH-035,Osaka
SAL-33437CD9,USR-328FC568,Coca-Cola,2026-01-20,MACH-031,Tokyo
SAL-FF6879A3,USR-1940B78A,Coca-Cola,2025-10-08,MACH-045,Tokyo
SAL-E68C792B,USR-A0180BCD,Coca-Cola,2025-12-07,MACH-038,Hokkaido
SAL-CA135F19,USR-5024AB28,Georgia Coffee,2025-09-13,MACH-017,Hokkaido
SAL-7ACE0ECC,USR-4A7D1F6A,Georgia Coffee,2025-10-23,MACH-045,Tokyo
SAL-C9781DBC,USR-E8D0AF1F,Georgia Coffee,2025-12-30,MACH-042,Tokyo
SAL-7500CEAB,USR-C92D2173,Coca-Cola,2025-12-10,MACH-043,Chiba
SAL-EE829F6B,USR-AE8182EF,Georgia Coffee,2026-02-17,MACH-024,Tokyo
SAL-71856D06,USR-FBDB81C0,Georgia Coffee,2025-11-15,MACH-042,Tokyo
SAL-9F84734F,USR-6F35E759,Georgia Coffee,2025-12-08,MACH-033,Tokyo
SAL-7E88F962,USR-8C6D82E4,Coca-Cola,2025-11-21,MACH-032,Aichi
SAL-DF5E1D08,USR-818CA7A2,Fanta,2025-09-24,MACH-035,Osaka
SAL-14D768D4,USR-F1FAF409,Fanta,2025-09-07,MACH-003,Kyoto
SAL-79A625FA,USR-DBCAA803,Georgia Coffee,2025-11-19,MACH-022,Hokkaido
SAL-E6903890,USR-74A3A283,Coca-Cola,2025-10-12,MACH-002,Hyogo
SAL-4447FBB6,USR-63522889,Georgia Coffee,2025-12-01,MACH-041,Tokyo
SAL-29AF9721,USR-2AC752CE,Georgia Coffee,2026-01-08,MACH-018,Chiba
SAL-B3A58034,USR-A6473A39,Aquarius,2025-11-06,MACH-025,Saitama
SAL-BC461D78,USR-C00B910F,Georgia Coffee,2025-09-09,MACH-036,Kyoto
SAL-ADF0838C,USR-5206F7E9,Georgia Coffee,2025-10-10,MACH-022,Hokkaido
SAL-AF35C678,USR-B6FA48D1,Georgia Coffee,2025-10-07,MACH-006,Fukuoka
SAL-F3D0D1CA,USR-8133C1BD,Coca-Cola,2026-02-22,MACH-040,Aichi
SAL-0632D6BC,USR-2E171F95,Coca-Cola,2025-10-30,MACH-027,Saitama
SAL-0E24DAD0,USR-25AFF62D,Coca-Cola,2025-12-20,MACH-020,Fukuoka
SAL-D42EE9C1,USR-77BEF251,Georgia Coffee,2025-12-25,MACH-035,Osaka
SAL-BD344D47,USR-0E1E0EAE,Coca-Cola,2025-10-07,MACH-038,Hokkaido
SAL-313B7217,USR-25AFF62D,Georgia Coffee,2025-10-23,MACH-039,Hokkaido
SAL-E1093ED9,USR-54A1708E,Coca-Cola,2025-10-09,MACH-042,Tokyo
SAL-E62F00ED,USR-9F0F60CA,Coca-Cola,2025-10-12,MACH-021,Fukuoka
SAL-8554340A,USR-B19F9764,Georgia Coffee,2025-10-02,MACH-011,Osaka
SAL-C8CFCD1B,USR-A13CBA50,Georgia Coffee,2025-11-22,MACH-027,Saitama
SAL-81F4BA3B,USR-119F4985,Water,2025-12-24,MACH-048,Osaka
SAL-9E98059C,USR-1D42BE94,Georgia Coffee,2026-02-12,MACH-048,Osaka
SAL-A8C1F3AD,USR-77BEF251,Georgia Coffee,2025-10-20,MACH-007,Fukuoka
SAL-30C6F94F,USR-6549D451,Coca-Cola,2026-02-05,MACH-040,Aichi
SAL-392D1A65,USR-E3EBF495,Georgia Coffee,2026-02-05,MACH-015,Tokyo
SAL-D1472EF4,USR-30CBAA79,Georgia Coffee,2026-02-24,MACH-002,Hyogo
SAL-2500A156,USR-93C61721,Coca-Cola,2026-01-02,MACH-044,Kyoto
SAL-28F8000B,USR-B7BC5949,Georgia Coffee,2025-12-06,MACH-012,Tokyo
SAL-4F3A03D7,USR-02361EDF,Aquarius,2025-10-13,MACH-032,Aichi
SAL-4A160F97,USR-D97562E8,Coca-Cola,2025-11-10,MACH-027,Saitama
SAL-A0FC5AEC,USR-A65FC6EE,Georgia Coffee,2025-10-23,MACH-049,Tokyo
SAL-435E7400,USR-DBCAA803,Coca-Cola,2025-12-23,MACH-040,Aichi
SAL-712EA3F4,USR-BF611AA1,Georgia Coffee,2025-12-28,MACH-016,Aichi
SAL-7780C451,USR-7BC12352,Water,2025-09-12,MACH-039,Hokkaido
SAL-B017F391,USR-A2A97C1E,Fanta,2025-11-21,MACH-026,Aichi
SAL-4246C44F,USR-0B631903,Georgia Coffee,2026-01-26,MACH-039,Hokkaido
SAL-97100C03,USR-CE353457,Georgia Coffee,2026-03-01,MACH-003,Kyoto
SAL-A0453D17,USR-9575A62F,Aquarius,2025-12-27,MACH-003,Kyoto
SAL-DB57BA34,USR-4D0AD1D6,Aquarius,2026-01-12,MACH-035,Osaka
SAL-FE8E6926,USR-493CDC05,Coca-Cola,2025-09-12,MACH-036,Kyoto
SAL-C0D7A862,USR-A52F6A51,Georgia Coffee,2026-02-10,MACH-004,Chiba
SAL-085AF1FC,USR-184C6E05,Water,2025-12-12,MACH-020,Fukuoka
SAL-42F0B23D,USR-E0EA0D7E,Georgia Coffee,2025-12-29,MACH-011,Osaka
SAL-4A39D337,USR-7A6E928C,Fanta,2025-09-15,MACH-045,Tokyo
SAL-1DB74DB9,USR-FE961FCC,Georgia Coffee,2025-12-29,MACH-042,Tokyo
SAL-6BF0A3B5,USR-73231438,Coca-Cola,2026-01-08,MACH-008,Osaka
SAL-655B8E85,USR-F68717F7,Georgia Coffee,2026-02-27,MACH-035,Osaka
SAL-11FEF4B4,USR-E79B3EA6,Georgia Coffee,2025-11-23,MACH-029,Fukuoka
SAL-D5A67B4F,USR-C4222950,Georgia Coffee,2026-01-31,MACH-046,Saitama
SAL-FD4F6FB2,USR-1CF16CBD,Georgia Coffee,2025-12-27,MACH-006,Fukuoka
SAL-37EBCDA1,USR-B2C01602,Georgia Coffee,2026-02-15,MACH-046,Saitama
SAL-66DF8C9B,USR-7388A60E,Coca-Cola,2025-10-03,MACH-006,Fukuoka
SAL-B769F193,USR-44978EC5,Georgia Coffee,2026-02-11,MACH-024,Tokyo
SAL-31663E7B,USR-8C79D607,Aquarius,2025-12-09,MACH-047,Tokyo
SAL-07DE84E0,USR-2462A127,Georgia Coffee,2026-02-05,MACH-011,Osaka
SAL-27B43919,USR-2205CE74,Fanta,2025-09-13,MACH-026,Aichi
SAL-5A0EF414,USR-8A64BE0A,Georgia Coffee,2025-10-10,MACH-011,Osaka
SAL-A5C3D0B4,USR-9CF1DB44,Georgia Coffee,2025-09-15,MACH-027,Saitama
SAL-3F421141,USR-3DE7126B,Georgia Coffee,2025-12-25,MACH-019,Chiba
SAL-8E9599A2,USR-E59188C4,Georgia Coffee,2025-10-05,MACH-020,Fukuoka
SAL-63457C89,USR-11844527,Georgia Coffee,2026-01-07,MACH-035,Osaka
SAL-45C6A485,USR-D13BC615,Coca-Cola,2026-01-06,MACH-016,Aichi
SAL-6D017AAE,USR-B204FD30,Coca-Cola,2026-01-01,MACH-006,Fukuoka
SAL-BE93CBE5,USR-FBF0FE44,Coca-Cola,2025-11-03,MACH-036,Kyoto
SAL-3FA15147,USR-6C3A2676,Georgia Coffee,2026-01-22,MACH-014,Aichi
SAL-5F80437F,USR-15CF548F,Georgia Coffee,2025-09-16,MACH-042,Tokyo
SAL-826BCC6E,USR-F22D56C7,Fanta,2025-09-10,MACH-043,Chiba
SAL-821AD550,USR-F32FBBD6,Georgia Coffee,2025-11-17,MACH-022,Hokkaido
SAL-1D086EAF,USR-A2AFE01A,Georgia Coffee,2025-09-29,MACH-027,Saitama
SAL-3CFB6D5C,USR-7FE66F80,Coca-Cola,2025-11-13,MACH-040,Aichi
SAL-15667B8D,USR-158ADDF2,Georgia Coffee,2026-02-01,MACH-037,Kyoto
SAL-BDC60607,USR-A1617CC6,Georgia Coffee,2025-12-27,MACH-048,Osaka
SAL-D8C828F5,USR-326C1F96,Georgia Coffee,2025-09-11,MACH-006,Fukuoka
SAL-4758842F,USR-9F205CAC,Georgia Coffee,2025-12-05,MACH-025,Saitama
SAL-7596B3E9,USR-9E0BB6BF,Georgia Coffee,2025-12-20,MACH-036,Kyoto
SAL-1486CE23,USR-06FC311A,Water,2025-10-06,MACH-008,Osaka
SAL-AED645C1,USR-420F237F,Coca-Cola,2025-11-25,MACH-034,Kanagawa
SAL-117CCECA,USR-A2A97C1E,Georgia Coffee,2026-02-27,MACH-014,Aichi
SAL-FC03CAE8,USR-8213053B,Georgia Coffee,2026-01-26,MACH-047,Tokyo
SAL-B2B4149A,USR-74DAD1CF,Water,2025-09-24,MACH-031,Tokyo
SAL-F3FF84B8,USR-BF611AA1,Coca-Cola,2026-03-01,MACH-019,Chiba
SAL-C458E73F,USR-BE071155,Coca-Cola,2025-11-22,MACH-017,Hokkaido
SAL-C4F22F5D,USR-BB1F9A40,Georgia Coffee,2026-02-08,MACH-023,Saitama
SAL-F39BBDBF,USR-7E9FC3E4,Georgia Coffee,2026-01-13,MACH-047,Tokyo
SAL-AA2D1764,USR-3293A67F,Water,2025-10-18,MACH-040,Aichi
SAL-603F4DFA,USR-71203D61,Georgia Coffee,2025-10-21,MACH-001,Hyogo
SAL-2EDB7257,USR-BD0F3DC4,Water,2026-02-09,MACH-008,Osaka
SAL-48163634,USR-420F237F,Georgia Coffee,2026-02-06,MACH-027,Saitama
SAL-74C8049C,USR-08AF2072,Coca-Cola,2025-11-30,MACH-036,Kyoto
SAL-B097ECAD,USR-71FFFEE9,Water,2025-09-04,MACH-041,Tokyo
SAL-B3185695,USR-9CF1DB44,Georgia Coffee,2025-11-06,MACH-005,Saitama
SAL-CF11AC6A,USR-807549A0,Georgia Coffee,2026-01-20,MACH-021,Fukuoka
SAL-BFE8D34E,USR-73A3AAEA,Georgia Coffee,2026-02-24,MACH-022,Hokkaido
SAL-857E6235,USR-B701BCD2,Georgia Coffee,2026-01-25,MACH-040,Aichi
SAL-05C98CC5,USR-FA76A5C7,Coca-Cola,2025-10-16,MACH-026,Aichi
SAL-0A3DA4F5,USR-26D7D111,Georgia Coffee,2026-01-01,MACH-003,Kyoto
SAL-FE7FB3C1,USR-0E004C2A,Fanta,2025-10-11,MACH-041,Tokyo
SAL-5852CD47,USR-FFC75C1E,Coca-Cola,2026-01-17,MACH-022,Hokkaido
SAL-95006D17,USR-95101C30,Water,2025-12-16,MACH-048,Osaka
SAL-FE81A5E6,USR-2941F913,Coca-Cola,2025-11-17,MACH-037,Kyoto
SAL-4D79BAC9,USR-FF81B894,Georgia Coffee,2026-01-22,MACH-035,Osaka
SAL-AF551379,USR-60CBC8E5,Fanta,2026-02-24,MACH-022,Hokkaido
SAL-5CD0B105,USR-053007FF,Georgia Coffee,2025-12-01,MACH-005,Saitama
SAL-DF5C9614,USR-35B9F36D,Water,2025-09-09,MACH-022,Hokkaido
SAL-D4BED1A9,USR-5C26D66C,Georgia Coffee,2025-10-14,MACH-037,Kyoto
SAL-D7C4AB82,USR-AE8182EF,Coca-Cola,2026-02-01,MACH-008,Osaka
SAL-1F28B9ED,USR-EE8BC195,Georgia Coffee,2025-11-19,MACH-046,Saitama
SAL-1F6A45B2,USR-420F237F,Georgia Coffee,2025-09-10,MACH-018,Chiba
SAL-B56B7CC8,USR-FE961FCC,Water,2025-11-01,MACH-024,Tokyo
SAL-22FB05CE,USR-E2D89BA5,Georgia Coffee,2025-11-18,MACH-014,Aichi
SAL-0A2A5677,USR-739900E1,Georgia Coffee,2025-09-30,MACH-024,Tokyo
SAL-EFD6186F,USR-638FD779,Coca-Cola,2025-10-23,MACH-006,Fukuoka
SAL-B585D054,USR-3404A170,Georgia Coffee,2026-01-03,MACH-033,Tokyo
SAL-8A6984FA,USR-66A7AA62,Georgia Coffee,2026-01-03,MACH-047,Tokyo
SAL-576AC08E,USR-326C1F96,Water,2025-11-24,MACH-010,Hokkaido
SAL-35A330ED,USR-77BEF251,Georgia Coffee,2026-01-12,MACH-044,Kyoto
SAL-0ABBA651,USR-C372653A,Georgia Coffee,2025-09-11,MACH-039,Hokkaido
SAL-BBE417B0,USR-49A35BE3,Coca-Cola,2025-09-13,MACH-044,Kyoto
SAL-96535F30,USR-4CCAD281,Fanta,2025-09-24,MACH-022,Hokkaido
SAL-EAFCEA8E,USR-807549A0,Water,2025-09-28,MACH-034,Kanagawa
SAL-D6AA68DA,USR-F22D56C7,Coca-Cola,2025-11-20,MACH-002,Hyogo
SAL-5201AE3E,USR-FC35A1BC,Georgia Coffee,2026-02-12,MACH-014,Aichi
SAL-A7DCF3BE,USR-A996E26E,Georgia Coffee,2025-11-14,MACH-018,Chiba
SAL-138FFD55,USR-71203D61,Georgia Coffee,2025-12-23,MACH-043,Chiba
SAL-DBB5DF3B,USR-7388A60E,Georgia Coffee,2025-10-12,MACH-018,Chiba
SAL-F609EA56,USR-69280EE6,Georgia Coffee,2026-02-08,MACH-036,Kyoto
SAL-12829BA0,USR-B80F3E52,Fanta,2026-01-18,MACH-021,Fukuoka
SAL-85129F50,USR-37DCA4A3,Georgia Coffee,2025-11-13,MACH-037,Kyoto
SAL-F216CA22,USR-E1B112B9,Georgia Coffee,2025-11-20,MACH-040,Aichi
SAL-5ED29B04,USR-8F42AE70,Georgia Coffee,2025-12-24,MACH-004,Chiba
SAL-C9BC3170,USR-BC61D898,Georgia Coffee,2026-02-21,MACH-004,Chiba
SAL-B89619A5,USR-626BEA3B,Georgia Coffee,2025-09-24,MACH-028,Kanagawa
SAL-60BE0F3D,USR-8213053B,Water,2026-02-01,MACH-038,Hokkaido
SAL-C830F3A6,USR-87BCA48F,Georgia Coffee,2026-02-28,MACH-029,Fukuoka
SAL-3FCFAEB9,USR-1F9B0ABA,Water,2025-11-26,MACH-013,Fukuoka
SAL-29CEBAC7,USR-02361EDF,Coca-Cola,2025-09-22,MACH-049,Tokyo
SAL-FB562A74,USR-E6D96DC4,Water,2025-10-05,MACH-006,Fukuoka
SAL-FD878CF6,USR-73D06C61,Coca-Cola,2026-02-27,MACH-024,Tokyo
SAL-698A6C39,USR-790B6617,Fanta,2025-12-30,MACH-031,Tokyo
SAL-2A7D1934,USR-BFA467A3,Fanta,2025-10-08,MACH-040,Aichi
SAL-9C5681AF,USR-26773EB7,Coca-Cola,2025-12-11,MACH-048,Osaka
SAL-96F083E8,USR-E820D24C,Georgia Coffee,2025-11-24,MACH-005,Saitama
SAL-2744AE90,USR-FF1D6FE1,Coca-Cola,2026-01-02,MACH-030,Saitama
SAL-34A199D4,USR-BE2283DC,Georgia Coffee,2026-02-03,MACH-037,Kyoto
SAL-7573D33B,USR-B2C01602,Georgia Coffee,2025-12-14,MACH-046,Saitama
SAL-D907F893,USR-48D6572D,Coca-Cola,2026-01-22,MACH-042,Tokyo
SAL-488A980A,USR-5F4BB9BB,Coca-Cola,2026-01-16,MACH-032,Aichi
SAL-7462191B,USR-0C7189C7,Georgia Coffee,2026-01-20,MACH-011,Osaka
SAL-569BF89A,USR-119970F8,Water,2025-09-18,MACH-022,Hokkaido
SAL-BF92EBC4,USR-739900E1,Aquarius,2026-01-31,MACH-028,Kanagawa
SAL-6FA4764C,USR-BCFE7342,Coca-Cola,2026-01-25,MACH-022,Hokkaido
SAL-A50B1079,USR-E872C046,Georgia Coffee,2025-10-16,MACH-043,Chiba
SAL-7B40F1C4,USR-7388A60E,Coca-Cola,2026-01-26,MACH-032,Aichi
SAL-D8C6AA80,USR-B7C71473,Georgia Coffee,2025-12-29,MACH-021,Fukuoka
SAL-84BD1D1D,USR-A7BF8F45,Coca-Cola,2025-12-24,MACH-031,Tokyo
SAL-0B914847,USR-13638586,Water,2026-02-24,MACH-039,Hokkaido
SAL-DB156E74,USR-26D7D111,Coca-Cola,2025-11-24,MACH-032,Aichi
SAL-A52C2E55,USR-B587B453,Georgia Coffee,2025-09-25,MACH-014,Aichi
SAL-8A7C6610,USR-2069AFAC,Water,2026-01-28,MACH-049,Tokyo
SAL-A4334256,USR-41BBD81F,Georgia Coffee,2025-10-09,MACH-043,Chiba
SAL-8806ED7A,USR-87BCA48F,Coca-Cola,2025-11-15,MACH-025,Saitama
SAL-A0F89638,USR-4407CE18,Fanta,2025-10-22,MACH-014,Aichi
SAL-B42A73A6,USR-95FF5B84,Fanta,2025-11-17,MACH-037,Kyoto
SAL-208036E3,USR-2AD1EFA6,Aquarius,2025-11-18,MACH-028,Kanagawa
SAL-BE18419B,USR-4D52F6DB,Georgia Coffee,2025-11-29,MACH-006,Fukuoka
SAL-8E0BFF77,USR-44CB7D69,Georgia Coffee,2026-01-10,MACH-026,Aichi
SAL-664C2370,USR-5119F1C8,Fanta,2025-11-16,MACH-004,Chiba
SAL-EEC401A1,USR-496142B8,Coca-Cola,2025-09-15,MACH-001,Hyogo
SAL-A67A8369,USR-422D1A35,Georgia Coffee,2025-12-02,MACH-008,Osaka
SAL-46B27971,USR-2F583A44,Water,2025-09-09,MACH-016,Aichi
SAL-CA882918,USR-33FFBC8E,Coca-Cola,2025-12-11,MACH-041,Tokyo
SAL-D04AB7A0,USR-4CDB33EE,Georgia Coffee,2025-12-14,MACH-025,Saitama
SAL-9004C841,USR-B7C71473,Georgia Coffee,2026-02-18,MACH-016,Aichi
SAL-A2A2C2F4,USR-3404A170,Georgia Coffee,2025-12-03,MACH-027,Saitama
SAL-B05E39CC,USR-37491252,Georgia Coffee,2026-02-20,MACH-005,Saitama
SAL-24070A57,USR-27DCB28D,Aquarius,2026-01-04,MACH-043,Chiba
SAL-9B1EC5A8,USR-D6139D03,Coca-Cola,2025-10-06,MACH-006,Fukuoka
SAL-4D1BDC41,USR-D0B37222,Coca-Cola,2025-12-17,MACH-030,Saitama
SAL-6D77398C,USR-73231438,Georgia Coffee,2025-12-19,MACH-040,Aichi
SAL-8ED5DEBA,USR-9F205CAC,Georgia Coffee,2025-12-19,MACH-036,Kyoto
SAL-E846FE64,USR-715D5BB3,Georgia Coffee,2025-12-01,MACH-015,Tokyo
SAL-FBA36DBC,USR-409169AE,Fanta,2025-09-03,MACH-037,Kyoto
SAL-A88B4C27,USR-2C663A0D,Georgia Coffee,2025-11-01,MACH-046,Saitama
SAL-332516EF,USR-73C0A881,Georgia Coffee,2026-01-19,MACH-037,Kyoto
SAL-8C4CFC4F,USR-77730124,Water,2025-09-11,MACH-037,Kyoto
SAL-286FBF44,USR-7656881F,Aquarius,2025-09-30,MACH-038,Hokkaido
SAL-BF78CDC5,USR-B6FA48D1,Water,2025-09-22,MACH-010,Hokkaido
SAL-28EF460B,USR-A6473A39,Coca-Cola,2025-11-12,MACH-039,Hokkaido
SAL-30766682,USR-8213053B,Coca-Cola,2025-11-03,MACH-031,Tokyo
SAL-16128C88,USR-73D06C61,Coca-Cola,2026-02-20,MACH-005,Saitama
SAL-26AA6489,USR-A2A97C1E,Georgia Coffee,2026-01-28,MACH-020,Fukuoka
SAL-18CC75DD,USR-C9DC4C03,Georgia Coffee,2025-11-28,MACH-035,Osaka
SAL-FA31EBA5,USR-A0180BCD,Georgia Coffee,2025-12-27,MACH-033,Tokyo
SAL-CAF2DB1D,USR-882C49DC,Fanta,2025-11-25,MACH-027,Saitama
SAL-0D0CCD4D,USR-99E1CD38,Georgia Coffee,2025-11-16,MACH-019,Chiba
SAL-C640E58A,USR-7A115B9E,Coca-Cola,2026-02-01,MACH-048,Osaka
SAL-069E6AF7,USR-BF46D543,Coca-Cola,2026-01-24,MACH-017,Hokkaido
SAL-DA353185,USR-43F31FCF,Georgia Coffee,2026-01-28,MACH-011,Osaka
SAL-D7FF7BC6,USR-E4B0FBF1,Georgia Coffee,2025-11-15,MACH-048,Osaka
SAL-F3A54D60,USR-0B9ABA08,Georgia Coffee,2026-01-04,MACH-006,Fukuoka
SAL-47BFFF76,USR-77BEF251,Coca-Cola,2025-11-12,MACH-017,Hokkaido
SAL-12CC677E,USR-D558FE90,Coca-Cola,2025-11-11,MACH-017,Hokkaido
SAL-5707BD0D,USR-22EF86F5,Georgia Coffee,2026-02-03,MACH-012,Tokyo
SAL-BFD4FA64,USR-11844527,Georgia Coffee,2025-12-25,MACH-024,Tokyo
SAL-3F8CC85E,USR-840713B2,Georgia Coffee,2026-02-28,MACH-016,Aichi
SAL-1DE241FA,USR-5AD403AF,Aquarius,2026-01-15,MACH-003,Kyoto
SAL-FFC014F3,USR-119F4985,Water,2025-10-09,MACH-039,Hokkaido
SAL-0FAFCC89,USR-420F237F,Coca-Cola,2026-01-06,MACH-049,Tokyo
SAL-D7397EAC,USR-4C500264,Coca-Cola,2025-11-01,MACH-043,Chiba
SAL-6046D5E4,USR-F22D56C7,Water,2025-10-14,MACH-014,Aichi
SAL-78CE39A4,USR-CAE4EAE1,Georgia Coffee,2025-11-29,MACH-004,Chiba
SAL-112A0453,USR-99E1CD38,Georgia Coffee,2025-10-01,MACH-004,Chiba
SAL-F45EA33C,USR-E820D24C,Coca-Cola,2026-01-01,MACH-020,Fukuoka
SAL-3F959C32,USR-333C6797,Coca-Cola,2026-01-16,MACH-015,Tokyo
SAL-88C204B1,USR-EC8C373E,Georgia Coffee,2025-12-10,MACH-031,Tokyo
SAL-6D6B93BB,USR-E2E7B313,Fanta,2025-12-22,MACH-001,Hyogo
SAL-50CE2663,USR-12138CF9,Georgia Coffee,2025-12-25,MACH-025,Saitama
SAL-5152E5C5,USR-02007186,Georgia Coffee,2026-01-15,MACH-044,Kyoto
SAL-82C94A25,USR-B48DA376,Fanta,2026-01-16,MACH-041,Tokyo
SAL-93D26E59,USR-381CF2B0,Coca-Cola,2025-12-21,MACH-040,Aichi
SAL-86AD8BE2,USR-C92D2173,Georgia Coffee,2025-11-10,MACH-022,Hokkaido
SAL-C50EA5CD,USR-DCFCDF5F,Coca-Cola,2025-09-27,MACH-017,Hokkaido
SAL-8C521EED,USR-8F767464,Coca-Cola,2025-12-29,MACH-019,Chiba
SAL-A513AB49,USR-D34E6306,Coca-Cola,2025-10-21,MACH-034,Kanagawa
SAL-A4F81382,USR-C08CE81E,Georgia Coffee,2025-10-18,MACH-021,Fukuoka
SAL-CEE38D32,USR-E59188C4,Coca-Cola,2025-09-04,MACH-005,Saitama
SAL-877DA95C,USR-73D06C61,Georgia Coffee,2026-01-14,MACH-007,Fukuoka
SAL-4B1CBBA9,USR-FCB6B33E,Georgia Coffee,2025-10-28,MACH-047,Tokyo
SAL-823E4E7B,USR-966623B4,Georgia Coffee,2025-09-10,MACH-002,Hyogo
SAL-8A5682B8,USR-8D00C52C,Water,2026-02-01,MACH-043,Chiba
SAL-41B8BE89,USR-D7B27CFD,Coca-Cola,2026-02-02,MACH-041,Tokyo
SAL-2A9DCFA9,USR-460F5C8D,Coca-Cola,2025-10-02,MACH-006,Fukuoka
SAL-EA1642EF,USR-02361EDF,Water,2025-12-07,MACH-043,Chiba
SAL-B5681C3A,USR-D0B37222,Georgia Coffee,2026-01-24,MACH-012,Tokyo
SAL-170C1006,USR-8E99A38C,Georgia Coffee,2025-11-16,MACH-005,Saitama
SAL-8F2727ED,USR-13638586,Water,2025-11-11,MACH-048,Osaka
SAL-3D341A21,USR-385E96AB,Georgia Coffee,2025-11-06,MACH-011,Osaka
SAL-F7559B62,USR-493CDC05,Georgia Coffee,2025-09-17,MACH-025,Saitama
SAL-87DA83D9,USR-02007186,Water,2025-09-17,MACH-017,Hokkaido
SAL-478BCBFD,USR-A7BF8F45,Coca-Cola,2025-10-17,MACH-029,Fukuoka
SAL-64A26904,USR-26B53790,Georgia Coffee,2025-10-23,MACH-040,Aichi
SAL-F3636693,USR-6CC5A636,Georgia Coffee,2026-01-05,MACH-007,Fukuoka
SAL-9194E447,USR-BB1F9A40,Coca-Cola,2025-12-21,MACH-014,Aichi
SAL-BD591F40,USR-BFA467A3,Georgia Coffee,2025-12-24,MACH-046,Saitama
SAL-EA736FBB,USR-6A285C22,Water,2025-09-20,MACH-005,Saitama
SAL-FF0E13CC,USR-5206F7E9,Georgia Coffee,2025-12-25,MACH-002,Hyogo
SAL-CB5A6B2F,USR-80DF6F51,Fanta,2026-02-16,MACH-041,Tokyo
SAL-2FC309ED,USR-6549D451,Georgia Coffee,2026-02-19,MACH-025,Saitama
SAL-49E5230E,USR-6101E920,Georgia Coffee,2025-11-25,MACH-026,Aichi
SAL-BD42B3BB,USR-27DCB28D,Georgia Coffee,2026-01-05,MACH-031,Tokyo
SAL-E0E0EDAB,USR-A56BF1D5,Georgia Coffee,2025-09-19,MACH-035,Osaka
SAL-35AC765A,USR-0B631903,Fanta,2026-02-25,MACH-042,Tokyo
SAL-48BE28ED,USR-587D4071,Georgia Coffee,2025-12-02,MACH-022,Hokkaido
SAL-13D4B378,USR-BFA1DFA4,Water,2025-09-16,MACH-041,Tokyo
SAL-79961CFA,USR-F4F68580,Fanta,2025-12-04,MACH-035,Osaka
SAL-B971BE33,USR-64A351CA,Water,2025-09-22,MACH-030,Saitama
SAL-C3363430,USR-3D3CB991,Aquarius,2025-10-17,MACH-036,Kyoto
SAL-A82CD80F,USR-C4222950,Georgia Coffee,2026-02-18,MACH-029,Fukuoka
SAL-72897333,USR-EA1B36C8,Coca-Cola,2026-02-25,MACH-046,Saitama
SAL-FBDB4804,USR-B56C60DA,Georgia Coffee,2025-10-07,MACH-003,Kyoto
SAL-0EBB2FF7,USR-DBCAA803,Georgia Coffee,2026-01-31,MACH-016,Aichi
SAL-85444FD6,USR-9CF1DB44,Georgia Coffee,2026-01-18,MACH-042,Tokyo
SAL-D18DC712,USR-725BB1B2,Georgia Coffee,2025-12-26,MACH-002,Hyogo
SAL-0FD0E4B4,USR-7E5321DC,Georgia Coffee,2025-11-27,MACH-047,Tokyo
SAL-1B80EC64,USR-F96408B3,Coca-Cola,2025-10-26,MACH-042,Tokyo
SAL-1A9CD2C1,USR-41BBD81F,Coca-Cola,2026-02-22,MACH-035,Osaka
SAL-1814A9B8,USR-725BB1B2,Water,2025-10-31,MACH-005,Saitama
SAL-7992034B,USR-FF81B894,Georgia Coffee,2026-01-05,MACH-042,Tokyo
SAL-504C32DB,USR-20B0C635,Coca-Cola,2026-02-07,MACH-003,Kyoto
SAL-84E7CC3B,USR-2D526507,Coca-Cola,2025-10-05,MACH-001,Hyogo
SAL-CBEF6665,USR-8904E8C4,Coca-Cola,2025-11-19,MACH-007,Fukuoka
SAL-8C82D52E,USR-B587B453,Water,2026-01-31,MACH-005,Saitama
SAL-E754B81A,USR-4C9793D5,Water,2025-10-01,MACH-032,Aichi
SAL-D21875A9,USR-70731286,Georgia Coffee,2025-10-28,MACH-005,Saitama
SAL-8055B6B4,USR-12138CF9,Georgia Coffee,2025-11-27,MACH-048,Osaka
SAL-B4CF3DA0,USR-6101E920,Coca-Cola,2025-10-02,MACH-044,Kyoto
SAL-66A2BF9B,USR-02361EDF,Georgia Coffee,2025-11-23,MACH-014,Aichi
SAL-2FA423FF,USR-C361A229,Georgia Coffee,2025-10-16,MACH-022,Hokkaido
SAL-F09F1195,USR-21C989A3,Georgia Coffee,2025-10-08,MACH-049,Tokyo
SAL-F70B1422,USR-97197B1B,Georgia Coffee,2025-12-05,MACH-036,Kyoto
SAL-87F9180F,USR-44006F81,Georgia Coffee,2026-01-28,MACH-003,Kyoto
SAL-0D974413,USR-35B9F36D,Coca-Cola,2026-02-10,MACH-040,Aichi
SAL-CE4303CC,USR-B02FDFDE,Georgia Coffee,2025-09-06,MACH-032,Aichi
SAL-CB766449,USR-4ED84E1A,Coca-Cola,2025-10-17,MACH-006,Fukuoka
SAL-AD9FBD9B,USR-06FC311A,Water,2025-11-13,MACH-027,Saitama
SAL-C763835C,USR-0B9ABA08,Georgia Coffee,2026-01-01,MACH-045,Tokyo
SAL-C57DB703,USR-61B328E1,Georgia Coffee,2026-02-12,MACH-018,Chiba
SAL-F6C574A4,USR-E3EBF495,Georgia Coffee,2025-11-02,MACH-003,Kyoto
SAL-A49E3263,USR-D46CAA4A,Georgia Coffee,2026-01-07,MACH-040,Aichi
SAL-7FA20DAE,USR-7B4DC62A,Georgia Coffee,2025-11-18,MACH-041,Tokyo
SAL-CE9DB580,USR-4A7D1F6A,Georgia Coffee,2026-01-15,MACH-007,Fukuoka
SAL-A3215A29,USR-A69085FD,Georgia Coffee,2026-01-18,MACH-033,Tokyo
SAL-FF72B63E,USR-119970F8,Georgia Coffee,2026-02-09,MACH-043,Chiba
SAL-2C8E00FD,USR-B2C01602,Georgia Coffee,2025-10-21,MACH-008,Osaka
SAL-F32B9650,USR-773E79C5,Georgia Coffee,2026-01-01,MACH-032,Aichi
SAL-38D9BE45,USR-26D7D111,Coca-Cola,2025-09-13,MACH-004,Chiba
SAL-0BAA8BA4,USR-1CF16CBD,Georgia Coffee,2025-10-25,MACH-028,Kanagawa
SAL-75E1DF8D,USR-D9E0DF9A,Coca-Cola,2025-12-27,MACH-003,Kyoto
SAL-487D8EB2,USR-840713B2,Georgia Coffee,2026-01-17,MACH-002,Hyogo
SAL-73C138A1,USR-2C7FF485,Coca-Cola,2025-09-20,MACH-016,Aichi
SAL-3FCFA1D3,USR-A116DF55,Georgia Coffee,2026-01-28,MACH-021,Fukuoka
SAL-86342B53,USR-11F3AD10,Coca-Cola,2026-02-22,MACH-021,Fukuoka
SAL-3EACCBFD,USR-24055F24,Georgia Coffee,2025-11-24,MACH-015,Tokyo
SAL-C70D4A66,USR-3E6188A3,Georgia Coffee,2025-12-16,MACH-018,Chiba
SAL-60B79EDE,USR-A6473A39,Georgia Coffee,2026-01-04,MACH-004,Chiba
SAL-DB23B911,USR-664A3267,Georgia Coffee,2025-10-27,MACH-040,Aichi
SAL-4B28BB58,USR-7E9FC3E4,Georgia Coffee,2025-12-06,MACH-016,Aichi
SAL-FD349E9F,USR-F8180FCD,Coca-Cola,2025-11-10,MACH-003,Kyoto
SAL-C0C8EDC6,USR-22F8327F,Georgia Coffee,2025-11-12,MACH-035,Osaka
SAL-EF04A314,USR-810068EE,Georgia Coffee,2025-11-28,MACH-015,Tokyo
SAL-4982F8A0,USR-A22D6DAF,Coca-Cola,2025-10-12,MACH-041,Tokyo
SAL-3BB9AE1A,USR-053007FF,Coca-Cola,2025-10-15,MACH-037,Kyoto
SAL-01B12722,USR-6E85A692,Water,2025-10-30,MACH-006,Fukuoka
SAL-777FC34D,USR-2D78256C,Georgia Coffee,2026-01-05,MACH-014,Aichi
SAL-9A1AD7E2,USR-D558FE90,Coca-Cola,2025-12-29,MACH-018,Chiba
SAL-28CE2F1D,USR-4374EFE0,Georgia Coffee,2025-11-04,MACH-016,Aichi
SAL-F71BF95C,USR-FFF83EBA,Georgia Coffee,2025-10-28,MACH-038,Hokkaido
SAL-41A9BC0B,USR-1AF015D1,Aquarius,2026-01-26,MACH-001,Hyogo
SAL-C185FDE9,USR-8F767464,Water,2025-09-12,MACH-031,Tokyo
SAL-CA4F2FA4,USR-C4BA74A2,Coca-Cola,2025-09-10,MACH-028,Kanagawa
SAL-1DD26AE2,USR-FE961FCC,Georgia Coffee,2026-02-27,MACH-007,Fukuoka
SAL-69A263EF,USR-31D7E8A6,Georgia Coffee,2025-09-23,MACH-036,Kyoto
SAL-B7CEE5C3,USR-77BEF251,Georgia Coffee,2025-12-15,MACH-014,Aichi
SAL-84EDC5DD,USR-F28D3253,Georgia Coffee,2025-11-02,MACH-042,Tokyo
SAL-768F4433,USR-7CA2DD2B,Coca-Cola,2026-02-20,MACH-020,Fukuoka
SAL-3B60BCB7,USR-4D52F6DB,Georgia Coffee,2026-01-26,MACH-048,Osaka
SAL-7C38073D,USR-66A7AA62,Coca-Cola,2025-12-27,MACH-030,Saitama
SAL-3D62C0AF,USR-3DE7126B,Georgia Coffee,2025-10-19,MACH-024,Tokyo
SAL-6493EEFD,USR-422D1A35,Coca-Cola,2026-02-11,MACH-001,Hyogo
SAL-71788134,USR-0A72FAE9,Georgia Coffee,2025-12-09,MACH-045,Tokyo
SAL-CF7448B7,USR-31D7E8A6,Georgia Coffee,2025-11-16,MACH-028,Kanagawa
SAL-9562F41C,USR-6101E920,Coca-Cola,2026-02-05,MACH-035,Osaka
SAL-B8852612,USR-966623B4,Water,2026-02-24,MACH-006,Fukuoka
SAL-19202F5F,USR-FFF83EBA,Fanta,2025-09-16,MACH-033,Tokyo
SAL-1DB4B31C,USR-41E5E064,Georgia Coffee,2025-12-04,MACH-004,Chiba
SAL-7B362AA1,USR-3D3CB991,Georgia Coffee,2025-12-30,MACH-040,Aichi
SAL-3AF1669F,USR-137C3A44,Coca-Cola,2025-10-16,MACH-042,Tokyo
SAL-8DB8D103,USR-184C6E05,Georgia Coffee,2026-01-23,MACH-046,Saitama
SAL-F9AEA64C,USR-645D6CF6,Georgia Coffee,2025-11-26,MACH-016,Aichi
SAL-02F04DC7,USR-6A81FA93,Coca-Cola,2026-01-02,MACH-048,Osaka
SAL-037D2310,USR-31D7E8A6,Coca-Cola,2026-02-28,MACH-014,Aichi
SAL-AEC5763B,USR-882C49DC,Fanta,2025-10-29,MACH-021,Fukuoka
SAL-ECF743D6,USR-E0EA0D7E,Georgia Coffee,2026-01-08,MACH-044,Kyoto
SAL-7C785698,USR-E99E5160,Coca-Cola,2025-09-18,MACH-024,Tokyo
SAL-C9951207,USR-C7E81044,Georgia Coffee,2026-01-08,MACH-034,Kanagawa
SAL-1ADEDBAB,USR-D47055A5,Georgia Coffee,2026-01-16,MACH-044,Kyoto
SAL-5C5DC08E,USR-966623B4,Georgia Coffee,2025-11-15,MACH-029,Fukuoka
SAL-64D46523,USR-74D10072,Aquarius,2026-02-21,MACH-045,Tokyo
SAL-FA2E155A,USR-22F8327F,Georgia Coffee,2025-09-18,MACH-013,Fukuoka
SAL-7007A952,USR-2A01E6EF,Georgia Coffee,2025-12-11,MACH-005,Saitama
SAL-BD4BA992,USR-190968EF,Coca-Cola,2025-09-30,MACH-045,Tokyo
SAL-62E077D9,USR-A22D6DAF,Coca-Cola,2025-10-24,MACH-034,Kanagawa
SAL-8FCEAF66,USR-053007FF,Coca-Cola,2025-11-16,MACH-027,Saitama
SAL-5E25123C,USR-74A3A283,Georgia Coffee,2025-10-05,MACH-031,Tokyo
SAL-5A41C71E,USR-45B33E5F,Georgia Coffee,2026-02-14,MACH-002,Hyogo
SAL-5E0BE17A,USR-0135B93C,Aquarius,2025-09-07,MACH-015,Tokyo
SAL-1E13BEA0,USR-6E85A692,Coca-Cola,2026-02-14,MACH-022,Hokkaido
SAL-3F672F94,USR-D6C2FAB3,Georgia Coffee,2026-02-16,MACH-042,Tokyo
SAL-12A476A4,USR-D0B37222,Georgia Coffee,2026-01-31,MACH-043,Chiba
SAL-29A8BEDF,USR-22F8327F,Georgia Coffee,2026-01-20,MACH-029,Fukuoka
SAL-F80CF592,USR-5024AB28,Water,2025-10-05,MACH-020,Fukuoka
SAL-9EFB4E31,USR-9AA8FA14,Aquarius,2025-10-30,MACH-031,Tokyo
SAL-39D96FE1,USR-882C49DC,Georgia Coffee,2025-09-14,MACH-010,Hokkaido
SAL-31D67EF4,USR-97253F75,Georgia Coffee,2025-10-14,MACH-040,Aichi
SAL-559D898C,USR-E65E15CB,Aquarius,2026-01-17,MACH-019,Chiba
SAL-6528D99D,USR-95FF5B84,Georgia Coffee,2026-02-26,MACH-043,Chiba
SAL-4847847F,USR-7E5321DC,Aquarius,2025-11-01,MACH-008,Osaka
SAL-2AE96CAF,USR-B856DC04,Georgia Coffee,2026-01-27,MACH-028,Kanagawa
SAL-69B57B40,USR-33FFBC8E,Aquarius,2025-09-10,MACH-043,Chiba
SAL-736A68E4,USR-6433ED22,Coca-Cola,2025-10-09,MACH-024,Tokyo
SAL-B4A96528,USR-63522889,Georgia Coffee,2025-10-13,MACH-035,Osaka
SAL-F8E7ABF6,USR-4532CF9F,Coca-Cola,2025-09-08,MACH-026,Aichi
SAL-F6A773B5,USR-DFD0624C,Georgia Coffee,2025-10-09,MACH-030,Saitama
SAL-BFD269ED,USR-26773EB7,Coca-Cola,2026-01-19,MACH-033,Tokyo
SAL-FE99050B,USR-C4222950,Georgia Coffee,2025-11-16,MACH-031,Tokyo
SAL-D008E53D,USR-190968EF,Water,2026-01-26,MACH-043,Chiba
SAL-2D49CC78,USR-4173CC88,Georgia Coffee,2025-12-24,MACH-022,Hokkaido
SAL-1DC2BEC7,USR-0DAE4B03,Coca-Cola,2026-01-02,MACH-003,Kyoto
SAL-2A71D58C,USR-E79B3EA6,Georgia Coffee,2025-10-01,MACH-020,Fukuoka
SAL-CF32C8CC,USR-85C8BFC9,Georgia Coffee,2025-10-28,MACH-029,Fukuoka
SAL-A1531B1D,USR-CAE4EAE1,Georgia Coffee,2025-09-16,MACH-039,Hokkaido
SAL-60CDA8E4,USR-C012A5E4,Fanta,2026-01-14,MACH-015,Tokyo
SAL-A88E01EF,USR-49A35BE3,Georgia Coffee,2025-11-12,MACH-040,Aichi
SAL-D57E118A,USR-BF0CDBD4,Georgia Coffee,2026-02-20,MACH-006,Fukuoka
SAL-F0209AD6,USR-33FFBC8E,Coca-Cola,2025-10-21,MACH-032,Aichi
SAL-2519EE13,USR-25AFF62D,Coca-Cola,2026-01-10,MACH-004,Chiba
SAL-85E04065,USR-198BDD3B,Water,2025-12-12,MACH-010,Hokkaido
SAL-5D415798,USR-9AA8FA14,Georgia Coffee,2025-12-05,MACH-025,Saitama
SAL-C2BE6629,USR-66A7AA62,Coca-Cola,2025-11-29,MACH-034,Kanagawa
SAL-69DFE1B1,USR-E5902D2F,Georgia Coffee,2025-10-27,MACH-047,Tokyo
SAL-CFF35686,USR-E2E7B313,Georgia Coffee,2025-12-17,MACH-029,Fukuoka
SAL-DB17B592,USR-C4222950,Georgia Coffee,2025-12-19,MACH-047,Tokyo
SAL-07E31001,USR-0AE853FE,Georgia Coffee,2026-01-30,MACH-039,Hokkaido
SAL-B6080DA4,USR-8A64BE0A,Coca-Cola,2025-11-18,MACH-031,Tokyo
SAL-F173D2BF,USR-54A1708E,Fanta,2025-11-26,MACH-005,Saitama
SAL-8B0DA0D4,USR-13FC0DF2,Georgia Coffee,2025-12-07,MACH-006,Fukuoka
SAL-D8FA3839,USR-9B4D256D,Coca-Cola,2025-11-10,MACH-027,Saitama
SAL-BEA8C8E1,USR-37748CF0,Georgia Coffee,2026-01-25,MACH-049,Tokyo
SAL-25B47DCA,USR-64A351CA,Coca-Cola,2025-10-19,MACH-025,Saitama
SAL-51605441,USR-0135B93C,Coca-Cola,2025-09-12,MACH-020,Fukuoka
SAL-C7F77497,USR-22EF86F5,Georgia Coffee,2026-01-06,MACH-036,Kyoto
SAL-B6252171,USR-3404A170,Georgia Coffee,2025-09-08,MACH-001,Hyogo
SAL-9D59B719,USR-94C49A15,Georgia Coffee,2026-02-12,MACH-041,Tokyo
SAL-4A7156E1,USR-1AF015D1,Georgia Coffee,2026-02-19,MACH-019,Chiba
SAL-8E64BFA9,USR-37DCA4A3,Georgia Coffee,2026-02-25,MACH-042,Tokyo
SAL-533883FB,USR-053007FF,Georgia Coffee,2025-11-11,MACH-032,Aichi
SAL-270294D8,USR-7656881F,Coca-Cola,2025-12-03,MACH-038,Hokkaido
SAL-03640E13,USR-E9574BD3,Georgia Coffee,2025-11-07,MACH-041,Tokyo
SAL-B80A2055,USR-4A2E3634,Georgia Coffee,2026-02-26,MACH-008,Osaka
SAL-8932EAF4,USR-8CBB2FBC,Georgia Coffee,2026-01-27,MACH-002,Hyogo
SAL-34F12D1C,USR-989C14B1,Georgia Coffee,2026-01-28,MACH-004,Chiba
SAL-6F4907C4,USR-F609D268,Georgia Coffee,2026-02-26,MACH-004,Chiba
SAL-E96070DF,USR-C4BA74A2,Coca-Cola,2026-02-11,MACH-022,Hokkaido
SAL-07DA0A45,USR-8ED23E53,Water,2025-09-21,MACH-033,Tokyo
SAL-5794296E,USR-5C619686,Coca-Cola,2025-10-18,MACH-049,Tokyo
SAL-7330165A,USR-CFD9D57F,Fanta,2025-10-14,MACH-035,Osaka
SAL-BDE35BC1,USR-C92D2173,Coca-Cola,2026-02-24,MACH-020,Fukuoka
SAL-6D78B061,USR-98AC69D2,Georgia Coffee,2026-02-25,MACH-024,Tokyo
SAL-BD4B3EBA,USR-E59188C4,Georgia Coffee,2025-12-01,MACH-010,Hokkaido
SAL-F8125150,USR-C9DC4C03,Georgia Coffee,2025-11-13,MACH-024,Tokyo
SAL-5E796115,USR-658512AC,Georgia Coffee,2025-11-28,MACH-011,Osaka
SAL-046605CD,USR-24617DD7,Georgia Coffee,2026-01-08,MACH-015,Tokyo
SAL-A905E3E1,USR-51F0CDE8,Water,2026-01-23,MACH-040,Aichi
SAL-7E0970F0,USR-DB72342F,Georgia Coffee,2026-01-14,MACH-035,Osaka
SAL-0518981E,USR-0E004C2A,Fanta,2025-10-01,MACH-027,Saitama
SAL-FD8F2049,USR-2D01E1CC,Georgia Coffee,2025-10-01,MACH-009,Tokyo
SAL-B5DBDEEA,USR-0DAE4B03,Water,2026-02-25,MACH-024,Tokyo
SAL-E1EFA3FB,USR-F6501AA9,Fanta,2026-02-01,MACH-034,Kanagawa
SAL-6E55FD98,USR-7A115B9E,Georgia Coffee,2025-10-16,MACH-046,Saitama
SAL-A08DF672,USR-BE2283DC,Water,2025-10-02,MACH-015,Tokyo
SAL-C7928703,USR-A16B62A5,Georgia Coffee,2025-10-08,MACH-045,Tokyo
SAL-B60E7F44,USR-D682F73A,Coca-Cola,2025-10-25,MACH-009,Tokyo
SAL-48083205,USR-FF81B894,Water,2025-09-30,MACH-005,Saitama
SAL-BA58D89F,USR-43851412,Georgia Coffee,2025-12-21,MACH-003,Kyoto
SAL-E12704D7,USR-C931D377,Georgia Coffee,2026-02-17,MACH-033,Tokyo
SAL-EE25105A,USR-9D919DA6,Georgia Coffee,2025-10-02,MACH-017,Hokkaido
SAL-F34C525A,USR-0D026F77,Georgia Coffee,2026-02-19,MACH-001,Hyogo
SAL-1B7E9B7C,USR-E9B3F4DD,Coca-Cola,2025-10-03,MACH-039,Hokkaido
SAL-01CE9A57,USR-F28D3253,Georgia Coffee,2025-10-23,MACH-002,Hyogo
SAL-75454EEA,USR-15CF548F,Georgia Coffee,2025-11-12,MACH-038,Hokkaido
SAL-A356CFC5,USR-2E171F95,Georgia Coffee,2026-01-08,MACH-050,Tokyo
SAL-90F78E4F,USR-9F205CAC,Coca-Cola,2025-09-19,MACH-007,Fukuoka
SAL-10D326B1,USR-D13BC615,Water,2025-09-05,MACH-034,Kanagawa
SAL-D50E023F,USR-5C511437,Coca-Cola,2025-11-13,MACH-011,Osaka
SAL-83173317,USR-24055F24,Fanta,2025-09-03,MACH-047,Tokyo
SAL-60DED763,USR-E820D24C,Georgia Coffee,2026-01-09,MACH-046,Saitama
SAL-6C609A86,USR-73231438,Water,2026-01-30,MACH-007,Fukuoka
SAL-D0697A5B,USR-E0EBCAA9,Georgia Coffee,2025-12-08,MACH-028,Kanagawa
SAL-BBB6B8E8,USR-1965E406,Aquarius,2025-12-15,MACH-008,Osaka
SAL-26455EB1,USR-E5B237A6,Water,2025-10-03,MACH-010,Hokkaido
SAL-58ED4A06,USR-9EF906C3,Water,2026-03-01,MACH-019,Chiba
SAL-254BAB4A,USR-8CD2F075,Georgia Coffee,2025-09-23,MACH-021,Fukuoka
SAL-65CD2122,USR-E9574BD3,Aquarius,2025-11-13,MACH-024,Tokyo
SAL-2E25115A,USR-AC90864D,Georgia Coffee,2025-12-24,MACH-015,Tokyo
SAL-CCEBEA04,USR-C4222950,Water,2025-12-20,MACH-013,Fukuoka
SAL-9F363487,USR-A05F75EC,Georgia Coffee,2026-01-01,MACH-044,Kyoto
SAL-3CC7C56F,USR-F1DC1730,Georgia Coffee,2026-02-21,MACH-032,Aichi
SAL-582A9D4E,USR-43263B30,Coca-Cola,2025-12-23,MACH-034,Kanagawa
SAL-280A3AF8,USR-4D0AD1D6,Georgia Coffee,2025-10-02,MACH-010,Hokkaido
SAL-10012287,USR-337DA9CD,Fanta,2026-01-31,MACH-007,Fukuoka
SAL-CF43CA2E,USR-487BD7ED,Aquarius,2025-10-15,MACH-005,Saitama
SAL-41E1150A,USR-D7B27CFD,Georgia Coffee,2025-11-27,MACH-031,Tokyo
SAL-81BE41DE,USR-409169AE,Georgia Coffee,2025-12-19,MACH-047,Tokyo
SAL-6F48A0D3,USR-F609D268,Coca-Cola,2026-01-28,MACH-038,Hokkaido
SAL-1003C5B0,USR-85C8BFC9,Georgia Coffee,2026-02-13,MACH-026,Aichi
SAL-242EFC5F,USR-840713B2,Georgia Coffee,2026-02-03,MACH-026,Aichi
SAL-EAFA524F,USR-1CF16CBD,Coca-Cola,2025-10-09,MACH-008,Osaka
SAL-71A5B9EB,USR-D368E499,Georgia Coffee,2025-10-31,MACH-041,Tokyo
SAL-954EE1EB,USR-46D25772,Water,2025-09-27,MACH-048,Osaka
SAL-3F55F93A,USR-E693155C,Aquarius,2026-01-07,MACH-044,Kyoto
SAL-3AF97391,USR-12138CF9,Georgia Coffee,2025-12-08,MACH-039,Hokkaido
SAL-6A53F315,USR-E4B0FBF1,Georgia Coffee,2025-11-18,MACH-040,Aichi
SAL-8BA6D856,USR-42A1B969,Coca-Cola,2025-09-21,MACH-043,Chiba
SAL-B3300C65,USR-996CC4D5,Georgia Coffee,2026-01-06,MACH-048,Osaka
SAL-AC078310,USR-5AD403AF,Water,2025-11-07,MACH-035,Osaka
SAL-3E3D3D3E,USR-FF81B894,Fanta,2026-01-18,MACH-035,Osaka
SAL-59288776,USR-2FDA5E0C,Fanta,2025-09-10,MACH-028,Kanagawa
SAL-A6901BDA,USR-92CA5FBB,Water,2025-12-09,MACH-029,Fukuoka
SAL-142F41C6,USR-9EF906C3,Coca-Cola,2025-12-24,MACH-015,Tokyo
SAL-02B7EADD,USR-97197B1B,Georgia Coffee,2025-11-18,MACH-046,Saitama
SAL-B9ADB285,USR-198BDD3B,Georgia Coffee,2025-10-06,MACH-020,Fukuoka
SAL-0F6780C5,USR-E7A7BC78,Coca-Cola,2025-09-30,MACH-037,Kyoto
SAL-6E95E41B,USR-645D6CF6,Coca-Cola,2026-01-21,MACH-044,Kyoto
SAL-D02148D8,USR-D9F7D199,Georgia Coffee,2026-01-01,MACH-036,Kyoto
SAL-FD6DF13E,USR-EC8C373E,Coca-Cola,2025-09-16,MACH-026,Aichi
SAL-903DF2D8,USR-E035029C,Georgia Coffee,2025-12-07,MACH-040,Aichi
SAL-986613C5,USR-BF46D543,Georgia Coffee,2025-11-13,MACH-021,Fukuoka
SAL-7F814BAF,USR-15CF548F,Water,2025-09-13,MACH-009,Tokyo
SAL-FF0A7B5B,USR-02361EDF,Water,2026-01-29,MACH-002,Hyogo
SAL-44022995,USR-98AC69D2,Georgia Coffee,2025-11-28,MACH-025,Saitama
SAL-449FD836,USR-5891707E,Georgia Coffee,2025-12-02,MACH-027,Saitama
SAL-AC3CA0AC,USR-7B4DC62A,Coca-Cola,2025-11-03,MACH-016,Aichi
SAL-21BC59CC,USR-76D1D3FE,Coca-Cola,2026-01-31,MACH-006,Fukuoka
SAL-DFD71B78,USR-D34E6306,Georgia Coffee,2025-11-19,MACH-008,Osaka
SAL-E18CD49D,USR-0BD71BBC,Georgia Coffee,2026-01-17,MACH-021,Fukuoka
SAL-7F94E4C9,USR-69280EE6,Fanta,2025-12-19,MACH-037,Kyoto
SAL-5DAB897B,USR-D0B37222,Georgia Coffee,2025-11-09,MACH-002,Hyogo
SAL-41F4741A,USR-2462A127,Coca-Cola,2025-09-07,MACH-021,Fukuoka
SAL-5D369138,USR-24055F24,Water,2025-11-23,MACH-037,Kyoto
SAL-B862CF33,USR-E7A7BC78,Georgia Coffee,2025-09-27,MACH-045,Tokyo
SAL-51A82679,USR-2AC752CE,Coca-Cola,2026-01-07,MACH-033,Tokyo
SAL-231054F7,USR-BB1F9A40,Georgia Coffee,2025-11-27,MACH-011,Osaka
SAL-92CC95FC,USR-296C1D26,Water,2025-12-22,MACH-005,Saitama
SAL-9834D9AF,USR-6C0945DE,Georgia Coffee,2025-10-26,MACH-019,Chiba
SAL-5DC8FC82,USR-70731286,Georgia Coffee,2026-01-26,MACH-026,Aichi
SAL-1FC0DC3F,USR-8CBB2FBC,Coca-Cola,2025-09-25,MACH-046,Saitama
SAL-0055A957,USR-F609D268,Georgia Coffee,2026-01-31,MACH-022,Hokkaido
SAL-7B46FAEA,USR-BF611AA1,Georgia Coffee,2026-01-15,MACH-031,Tokyo
SAL-5C107C25,USR-8D0CFA06,Georgia Coffee,2025-09-21,MACH-042,Tokyo
SAL-0B481B45,USR-D61D385F,Coca-Cola,2025-11-17,MACH-028,Kanagawa
SAL-EDF01597,USR-7B1ECD3F,Georgia Coffee,2025-10-23,MACH-027,Saitama
SAL-F1ECE846,USR-73231438,Water,2026-01-11,MACH-041,Tokyo
SAL-E49487FD,USR-7A6E928C,Water,2026-02-09,MACH-046,Saitama
SAL-4AAC5244,USR-E0EBCAA9,Coca-Cola,2026-01-27,MACH-032,Aichi
SAL-FF27420C,USR-5B58CB95,Coca-Cola,2025-12-30,MACH-018,Chiba
SAL-FAFEEDCF,USR-119F4985,Coca-Cola,2026-02-06,MACH-050,Tokyo
SAL-5C0EA20B,USR-61B328E1,Georgia Coffee,2026-02-09,MACH-004,Chiba
SAL-26A87D85,USR-2E171F95,Georgia Coffee,2025-12-29,MACH-010,Hokkaido
SAL-851AFBCB,USR-E39B992E,Water,2026-02-24,MACH-049,Tokyo
SAL-53865FF4,USR-422D1A35,Water,2025-12-16,MACH-021,Fukuoka
SAL-B22D5647,USR-A65FC6EE,Fanta,2025-09-18,MACH-041,Tokyo
SAL-2D41D651,USR-26D7D111,Georgia Coffee,2025-11-09,MACH-019,Chiba
SAL-C14913AD,USR-7B4DC62A,Georgia Coffee,2026-02-24,MACH-039,Hokkaido
SAL-639CF167,USR-B56C60DA,Georgia Coffee,2025-10-01,MACH-010,Hokkaido
SAL-BCB0BC45,USR-E0EA0D7E,Coca-Cola,2025-11-20,MACH-033,Tokyo
SAL-2822A406,USR-9076FBB0,Georgia Coffee,2025-09-11,MACH-010,Hokkaido
SAL-B2FDC429,USR-FBCF129D,Georgia Coffee,2025-11-12,MACH-043,Chiba
SAL-B7D4098A,USR-840713B2,Water,2025-09-12,MACH-047,Tokyo
SAL-F46F7E2F,USR-1EF21D82,Water,2025-09-16,MACH-006,Fukuoka
SAL-BB39390E,USR-5206F7E9,Coca-Cola,2025-09-18,MACH-027,Saitama
SAL-0DB2976F,USR-2847C466,Fanta,2026-02-17,MACH-006,Fukuoka
SAL-74F0DC4A,USR-6A471CB9,Coca-Cola,2025-10-07,MACH-016,Aichi
SAL-C2AC571B,USR-61B328E1,Coca-Cola,2026-01-08,MACH-008,Osaka
SAL-E3104247,USR-1CF16CBD,Georgia Coffee,2026-01-28,MACH-050,Tokyo
SAL-237A49F6,USR-B204FD30,Georgia Coffee,2025-09-25,MACH-016,Aichi
SAL-B6A2BD67,USR-A8EFB83C,Coca-Cola,2025-11-21,MACH-022,Hokkaido
SAL-9324C378,USR-839C7ED5,Georgia Coffee,2025-12-10,MACH-048,Osaka
SAL-614F669A,USR-6CC5A636,Georgia Coffee,2025-12-19,MACH-014,Aichi
SAL-0EDD0172,USR-4C500264,Georgia Coffee,2025-10-26,MACH-018,Chiba
SAL-67CE401A,USR-B7BC5949,Georgia Coffee,2026-01-30,MACH-004,Chiba
SAL-2C21BC06,USR-33FFBC8E,Georgia Coffee,2026-02-28,MACH-008,Osaka
SAL-B0FB90B6,USR-F1FAF409,Fanta,2026-01-01,MACH-044,Kyoto
SAL-D7789440,USR-E820D24C,Water,2025-10-09,MACH-024,Tokyo
SAL-63F6B3D2,USR-26D7D111,Aquarius,2025-11-19,MACH-002,Hyogo
SAL-75CCAE85,USR-296C1D26,Coca-Cola,2026-02-04,MACH-003,Kyoto
SAL-7CC77522,USR-BB134570,Water,2025-09-15,MACH-045,Tokyo
SAL-7A5011FD,USR-FA7A4B59,Georgia Coffee,2025-11-02,MACH-017,Hokkaido
SAL-FDB11B9C,USR-19498748,Fanta,2026-02-12,MACH-045,Tokyo
SAL-4FCC23A7,USR-5E99562D,Water,2026-02-24,MACH-008,Osaka
SAL-0E66AFCF,USR-6FC1024D,Fanta,2025-12-24,MACH-025,Saitama
SAL-2127D8BE,USR-63522889,Georgia Coffee,2025-12-11,MACH-017,Hokkaido
SAL-4A5C003D,USR-A3B76148,Water,2025-11-01,MACH-020,Fukuoka
SAL-56548350,USR-7E9FC3E4,Georgia Coffee,2025-10-13,MACH-029,Fukuoka
SAL-7175218B,USR-C31D2317,Georgia Coffee,2026-02-13,MACH-027,Saitama
SAL-A85CF2F3,USR-94C49A15,Water,2025-09-22,MACH-050,Tokyo
SAL-470B1FD6,USR-E0EA0D7E,Water,2025-11-26,MACH-046,Saitama
SAL-9E0E9052,USR-1940B78A,Georgia Coffee,2025-09-27,MACH-011,Osaka
SAL-87081E63,USR-BD0F3DC4,Georgia Coffee,2025-09-18,MACH-041,Tokyo
SAL-88540E2F,USR-F6501AA9,Georgia Coffee,2026-02-26,MACH-002,Hyogo
SAL-9C0F49C7,USR-F68717F7,Georgia Coffee,2026-02-13,MACH-047,Tokyo
SAL-8B2EF8D5,USR-1537258D,Georgia Coffee,2025-10-23,MACH-041,Tokyo
SAL-28ABC3BE,USR-61CA1E50,Georgia Coffee,2025-09-23,MACH-008,Osaka
SAL-4F4922E3,USR-8F42AE70,Water,2026-02-15,MACH-049,Tokyo
SAL-D76B52C9,USR-8C79D607,Fanta,2026-02-24,MACH-027,Saitama
SAL-5F874FBE,USR-66A7AA62,Coca-Cola,2025-12-26,MACH-031,Tokyo
SAL-25438110,USR-60CBC8E5,Georgia Coffee,2025-11-07,MACH-025,Saitama
SAL-469AFF5D,USR-A05F75EC,Georgia Coffee,2025-09-23,MACH-027,Saitama
SAL-D40CEE82,USR-0ABF0AD6,Georgia Coffee,2025-12-07,MACH-037,Kyoto
SAL-F30C4A21,USR-37491252,Water,2025-09-07,MACH-036,Kyoto
SAL-88564001,USR-0C7189C7,Georgia Coffee,2025-10-30,MACH-006,Fukuoka
SAL-5246339D,USR-F4F68580,Georgia Coffee,2025-11-08,MACH-045,Tokyo
SAL-03C92753,USR-3EC0898E,Coca-Cola,2025-12-13,MACH-040,Aichi
SAL-3D0C70D1,USR-BFA1DFA4,Georgia Coffee,2025-10-10,MACH-006,Fukuoka
SAL-37657E31,USR-D558FE90,Coca-Cola,2026-01-25,MACH-008,Osaka
SAL-6CEBA656,USR-664A3267,Water,2025-12-22,MACH-050,Tokyo
SAL-28C06364,USR-0ABF0AD6,Coca-Cola,2026-01-06,MACH-008,Osaka
SAL-352C7C4D,USR-E2E7B313,Water,2025-10-20,MACH-018,Chiba
SAL-4747F0A3,USR-B204FD30,Georgia Coffee,2025-12-08,MACH-017,Hokkaido
SAL-9BDC2793,USR-E035029C,Georgia Coffee,2025-11-13,MACH-047,Tokyo
SAL-A81E8462,USR-8C79D607,Georgia Coffee,2025-10-18,MACH-027,Saitama
SAL-3DF8A5A9,USR-7B4DC62A,Coca-Cola,2025-11-15,MACH-017,Hokkaido
SAL-75B87722,USR-4D52F6DB,Coca-Cola,2025-11-04,MACH-024,Tokyo
SAL-B5DFB071,USR-34CF1E3B,Georgia Coffee,2025-12-28,MACH-006,Fukuoka
SAL-214FA237,USR-2847C466,Coca-Cola,2025-11-23,MACH-045,Tokyo
SAL-FDF5D4EA,USR-E0EA0D7E,Coca-Cola,2025-12-09,MACH-046,Saitama
SAL-44CBFAC6,USR-5C619686,Coca-Cola,2025-11-06,MACH-005,Saitama
SAL-EF980D79,USR-4532CF9F,Georgia Coffee,2025-09-15,MACH-022,Hokkaido
SAL-2C8893A7,USR-6A81FA93,Coca-Cola,2025-12-01,MACH-039,Hokkaido
SAL-3CC4BC97,USR-11A1B6FD,Water,2026-02-02,MACH-046,Saitama
SAL-ADECA87C,USR-79ABC03E,Water,2025-09-03,MACH-017,Hokkaido
SAL-C7E17FB2,USR-1F9B0ABA,Georgia Coffee,2025-11-18,MACH-026,Aichi
SAL-C3A1D7A4,USR-D7540919,Georgia Coffee,2026-01-23,MACH-003,Kyoto
SAL-8EA9A387,USR-8CD2F075,Fanta,2025-10-15,MACH-033,Tokyo
SAL-733B14CB,USR-2F583A44,Georgia Coffee,2025-12-30,MACH-039,Hokkaido
SAL-CBE66CF3,USR-9D919DA6,Aquarius,2025-10-01,MACH-021,Fukuoka
SAL-C5BE0EA3,USR-ABE55C10,Georgia Coffee,2026-01-07,MACH-018,Chiba
SAL-E4833C36,USR-CFFD9ADB,Water,2025-12-21,MACH-019,Chiba
SAL-2BE8CD09,USR-7B3A0005,Georgia Coffee,2026-02-05,MACH-049,Tokyo
SAL-6FA7C325,USR-8D00C52C,Georgia Coffee,2025-11-21,MACH-028,Kanagawa
SAL-FD7FB5FD,USR-D46CAA4A,Georgia Coffee,2026-01-05,MACH-049,Tokyo
SAL-1CA13CE9,USR-B978D0A5,Georgia Coffee,2026-02-17,MACH-041,Tokyo
SAL-53742F14,USR-46D25772,Georgia Coffee,2025-10-20,MACH-010,Hokkaido
SAL-D541C031,USR-210BE25B,Georgia Coffee,2025-09-11,MACH-031,Tokyo
SAL-DCFC4ACB,USR-C372653A,Aquarius,2025-12-30,MACH-028,Kanagawa
SAL-61891448,USR-78E6D5B9,Georgia Coffee,2026-01-06,MACH-003,Kyoto
SAL-14000F9C,USR-22F8327F,Georgia Coffee,2026-01-23,MACH-032,Aichi
SAL-7B4AF27B,USR-15CF548F,Georgia Coffee,2025-10-09,MACH-008,Osaka
SAL-879403BD,USR-11A1B6FD,Georgia Coffee,2025-11-13,MACH-012,Tokyo
SAL-65639D90,USR-E1B112B9,Coca-Cola,2025-11-10,MACH-037,Kyoto
SAL-0CB0EF21,USR-0232338A,Georgia Coffee,2025-10-26,MACH-038,Hokkaido
SAL-3B7E08DB,USR-F1FAF409,Coca-Cola,2026-01-26,MACH-005,Saitama
SAL-70F0855F,USR-E5902D2F,Georgia Coffee,2026-02-22,MACH-007,Fukuoka
SAL-7044881F,USR-4407CE18,Georgia Coffee,2025-11-13,MACH-044,Kyoto
SAL-26B5429C,USR-38451C9C,Fanta,2025-12-06,MACH-038,Hokkaido
SAL-04A25AED,USR-9076FBB0,Georgia Coffee,2025-11-23,MACH-010,Hokkaido
SAL-53E93698,USR-664A3267,Coca-Cola,2026-02-17,MACH-031,Tokyo
SAL-F8303484,USR-5024E725,Georgia Coffee,2025-11-09,MACH-039,Hokkaido
SAL-6C2E1EAE,USR-328FC568,Aquarius,2025-09-13,MACH-042,Tokyo
SAL-A923363B,USR-8F767464,Fanta,2025-11-24,MACH-047,Tokyo
SAL-F9F256EB,USR-E92D572D,Coca-Cola,2026-01-25,MACH-004,Chiba
SAL-ABCF5880,USR-839C7ED5,Georgia Coffee,2025-11-23,MACH-004,Chiba
SAL-E302A10F,USR-C255DABD,Georgia Coffee,2026-02-03,MACH-025,Saitama
SAL-30480258,USR-23E9C01D,Water,2025-10-17,MACH-016,Aichi
SAL-ED981EA2,USR-160C84CD,Water,2025-12-13,MACH-006,Fukuoka
SAL-0FED331E,USR-385E96AB,Georgia Coffee,2025-10-13,MACH-025,Saitama
SAL-F126764D,USR-0C656821,Coca-Cola,2026-02-14,MACH-049,Tokyo
SAL-742C7507,USR-B7BC5949,Water,2025-10-02,MACH-020,Fukuoka
SAL-5577C2DA,USR-D062DBF9,Georgia Coffee,2025-11-20,MACH-044,Kyoto
SAL-5F385893,USR-A8EFB83C,Georgia Coffee,2026-02-19,MACH-007,Fukuoka
SAL-01A4C228,USR-AAF95268,Fanta,2025-10-23,MACH-032,Aichi
SAL-424B55B0,USR-8EAE3784,Coca-Cola,2026-01-01,MACH-018,Chiba
SAL-8DA65D52,USR-E0EA0D7E,Water,2025-09-25,MACH-049,Tokyo
SAL-BD9A49DB,USR-C255DABD,Georgia Coffee,2026-02-06,MACH-033,Tokyo
SAL-81D59751,USR-E9574BD3,Coca-Cola,2025-11-28,MACH-047,Tokyo
SAL-E21C418C,USR-8213053B,Coca-Cola,2026-01-06,MACH-034,Kanagawa
SAL-FABE40B0,USR-4CCAD281,Coca-Cola,2025-09-23,MACH-019,Chiba
SAL-AB3E3706,USR-41BBD81F,Aquarius,2026-01-02,MACH-020,Fukuoka
SAL-D95903CE,USR-296C1D26,Georgia Coffee,2026-02-24,MACH-020,Fukuoka
SAL-6FA1947C,USR-42AF9455,Georgia Coffee,2025-12-20,MACH-019,Chiba
SAL-339D7E47,USR-351F873B,Georgia Coffee,2025-09-21,MACH-003,Kyoto
SAL-B0D70C0E,USR-5C619686,Georgia Coffee,2025-12-19,MACH-027,Saitama
SAL-A63DC38F,USR-B48DA376,Georgia Coffee,2026-01-25,MACH-017,Hokkaido
SAL-55EE234C,USR-337DA9CD,Water,2025-09-22,MACH-008,Osaka
SAL-4117A8D9,USR-4B165E46,Georgia Coffee,2025-10-17,MACH-012,Tokyo
SAL-A290818D,USR-1EF21D82,Coca-Cola,2026-03-01,MACH-020,Fukuoka
SAL-642D7E9F,USR-1F9B0ABA,Georgia Coffee,2025-12-27,MACH-049,Tokyo
SAL-6FF16FED,USR-23E9C01D,Fanta,2025-11-08,MACH-022,Hokkaido
SAL-3BA6762C,USR-B856DC04,Georgia Coffee,2025-10-19,MACH-014,Aichi
SAL-8774CF4E,USR-8133C1BD,Coca-Cola,2026-02-03,MACH-017,Hokkaido
SAL-BB37F259,USR-FF81B894,Georgia Coffee,2025-12-22,MACH-035,Osaka
SAL-7010A07D,USR-5024AB28,Coca-Cola,2025-10-01,MACH-001,Hyogo
SAL-44666DA9,USR-E3F24656,Water,2025-12-28,MACH-045,Tokyo
SAL-23675F08,USR-7B550EB9,Georgia Coffee,2026-02-03,MACH-047,Tokyo
SAL-C3758283,USR-51F0CDE8,Coca-Cola,2026-02-06,MACH-024,Tokyo
SAL-FB70B38D,USR-4D0AD1D6,Water,2026-02-25,MACH-044,Kyoto
SAL-7D9023B4,USR-6A471CB9,Water,2025-09-24,MACH-016,Aichi
SAL-4615F835,USR-A3B76148,Georgia Coffee,2026-02-27,MACH-013,Fukuoka
SAL-9B939909,USR-2E171F95,Georgia Coffee,2025-10-09,MACH-042,Tokyo
SAL-49B045E9,USR-A52F6A51,Georgia Coffee,2026-02-09,MACH-035,Osaka
SAL-E66680DA,USR-766D18A9,Georgia Coffee,2025-12-29,MACH-010,Hokkaido
SAL-93DBE86F,USR-CFFD9ADB,Georgia Coffee,2025-10-01,MACH-011,Osaka
SAL-9A44EB0C,USR-1FCAB73C,Georgia Coffee,2026-02-28,MACH-029,Fukuoka
SAL-DE9F976D,USR-37F664F5,Georgia Coffee,2025-09-07,MACH-029,Fukuoka
SAL-36E0D296,USR-C7E81044,Water,2025-11-16,MACH-037,Kyoto
SAL-616AE509,USR-6FC1024D,Georgia Coffee,2025-09-15,MACH-022,Hokkaido
SAL-50664D57,USR-49A35BE3,Georgia Coffee,2025-12-21,MACH-027,Saitama
SAL-179B984D,USR-77184FE9,Georgia Coffee,2026-01-28,MACH-039,Hokkaido
SAL-B3931216,USR-7B550EB9,Georgia Coffee,2025-11-15,MACH-003,Kyoto
SAL-7529A66E,USR-2941F913,Coca-Cola,2026-01-11,MACH-038,Hokkaido
SAL-FD08E7FF,USR-790B6617,Coca-Cola,2026-02-22,MACH-032,Aichi
SAL-66F0ED50,USR-E0EA0D7E,Coca-Cola,2026-01-15,MACH-002,Hyogo
SAL-B3ECDA5A,USR-9812736F,Water,2026-01-21,MACH-005,Saitama
SAL-A42CD1DA,USR-C372653A,Georgia Coffee,2025-12-17,MACH-031,Tokyo
SAL-4F20AC3B,USR-160C84CD,Georgia Coffee,2026-02-14,MACH-033,Tokyo
SAL-D6A774CA,USR-E99E5160,Georgia Coffee,2025-10-21,MACH-031,Tokyo
SAL-450D5D70,USR-B979DECB,Fanta,2026-01-09,MACH-015,Tokyo
SAL-B109193B,USR-F4F68580,Water,2025-11-27,MACH-039,Hokkaido
SAL-FF850D5C,USR-74DAD1CF,Coca-Cola,2026-02-17,MACH-022,Hokkaido
SAL-C8BAC6E9,USR-79A707A4,Coca-Cola,2025-12-17,MACH-044,Kyoto
SAL-A186DF45,USR-328FC568,Georgia Coffee,2025-12-31,MACH-011,Osaka
SAL-6CDB619D,USR-0AE853FE,Coca-Cola,2026-02-25,MACH-048,Osaka
SAL-3ECBC27B,USR-B7BC5949,Georgia Coffee,2025-10-05,MACH-044,Kyoto
SAL-78D6FB64,USR-7A115B9E,Georgia Coffee,2025-12-17,MACH-032,Aichi
SAL-A5CC28C8,USR-FF81B894,Georgia Coffee,2026-01-22,MACH-004,Chiba
SAL-A3B95951,USR-83C86A52,Water,2025-11-07,MACH-015,Tokyo
SAL-F8AB1CEF,USR-11844527,Georgia Coffee,2026-01-08,MACH-003,Kyoto
SAL-20213BF5,USR-4A7D1F6A,Georgia Coffee,2025-12-21,MACH-008,Osaka
SAL-7EFF4522,USR-7B550EB9,Georgia Coffee,2026-01-23,MACH-015,Tokyo
SAL-EF004FC9,USR-13638586,Water,2025-11-28,MACH-023,Saitama
SAL-12354B17,USR-F4F68580,Coca-Cola,2025-11-09,MACH-010,Hokkaido
SAL-4CA22FA8,USR-E872C046,Georgia Coffee,2026-01-11,MACH-039,Hokkaido
SAL-A8CB3E43,USR-60CBC8E5,Coca-Cola,2025-09-14,MACH-029,Fukuoka
SAL-399C370D,USR-C012A5E4,Water,2025-09-30,MACH-007,Fukuoka
SAL-8E453EFD,USR-7E5321DC,Coca-Cola,2025-09-28,MACH-036,Kyoto
SAL-37845AF5,USR-71203D61,Water,2025-10-14,MACH-041,Tokyo
SAL-DDC828EB,USR-B19F9764,Georgia Coffee,2025-12-03,MACH-011,Osaka
SAL-D606DA1C,USR-931EC15B,Georgia Coffee,2025-12-24,MACH-049,Tokyo
SAL-FDB603BE,USR-37491252,Coca-Cola,2025-09-27,MACH-010,Hokkaido
SAL-D7BCFBA3,USR-49A35BE3,Georgia Coffee,2025-10-07,MACH-008,Osaka
SAL-B67D8916,USR-37DCA4A3,Water,2025-12-17,MACH-050,Tokyo
SAL-30484503,USR-D17F973F,Georgia Coffee,2026-01-01,MACH-022,Hokkaido
SAL-556F5706,USR-9AA8FA14,Water,2025-09-23,MACH-018,Chiba
SAL-6A7D8EAD,USR-8213053B,Coca-Cola,2025-12-17,MACH-024,Tokyo
SAL-BED1CFD8,USR-31D7E8A6,Coca-Cola,2025-10-10,MACH-049,Tokyo
SAL-64E733A0,USR-420F237F,Fanta,2025-10-30,MACH-009,Tokyo
SAL-9C1261B2,USR-95FF5B84,Coca-Cola,2025-12-28,MACH-034,Kanagawa
SAL-E0A6A491,USR-989C14B1,Water,2025-09-09,MACH-029,Fukuoka
SAL-93CE2F5D,USR-44978EC5,Georgia Coffee,2026-01-12,MACH-005,Saitama
SAL-FB93C61A,USR-26B53790,Coca-Cola,2025-12-13,MACH-004,Chiba
SAL-EE778AB2,USR-98B9D98B,Fanta,2026-02-18,MACH-042,Tokyo
SAL-8D3D4BAB,USR-7AB6C2DF,Water,2025-09-16,MACH-041,Tokyo
SAL-280A14D9,USR-A116DF55,Georgia Coffee,2026-01-13,MACH-019,Chiba
SAL-111A74DF,USR-AC90864D,Water,2026-02-23,MACH-045,Tokyo
SAL-D556099F,USR-F8E3BA8A,Coca-Cola,2025-11-21,MACH-021,Fukuoka
SAL-D73C2C4E,USR-FD8C8981,Georgia Coffee,2025-10-09,MACH-045,Tokyo
SAL-54067D0A,USR-E4B0FBF1,Water,2025-10-24,MACH-035,Osaka
SAL-B2D12052,USR-1940B78A,Georgia Coffee,2026-02-15,MACH-029,Fukuoka
SAL-2AFC7A73,USR-46095397,Georgia Coffee,2026-02-15,MACH-026,Aichi
SAL-576C17F0,USR-725BB1B2,Coca-Cola,2025-11-18,MACH-006,Fukuoka
SAL-6970693C,USR-45C8BBEB,Coca-Cola,2025-12-10,MACH-047,Tokyo
SAL-8BF31417,USR-645D6CF6,Georgia Coffee,2025-10-04,MACH-034,Kanagawa
SAL-7F31B1D9,USR-FA7A4B59,Georgia Coffee,2025-09-25,MACH-033,Tokyo
SAL-6E2EAC4E,USR-2069AFAC,Georgia Coffee,2025-11-28,MACH-049,Tokyo
SAL-BD50C140,USR-C931D377,Georgia Coffee,2025-09-09,MACH-035,Osaka
SAL-D5016ECF,USR-E0EA0D7E,Aquarius,2025-11-18,MACH-047,Tokyo
SAL-3EC999AF,USR-5D94DB19,Fanta,2025-09-30,MACH-047,Tokyo
SAL-1C52945D,USR-931EC15B,Georgia Coffee,2025-11-07,MACH-041,Tokyo
SAL-09FEAA13,USR-A5B1C25E,Fanta,2025-09-14,MACH-049,Tokyo
SAL-80607A5E,USR-43F31FCF,Coca-Cola,2025-12-25,MACH-020,Fukuoka
SAL-04D1A7B8,USR-7B4DC62A,Water,2025-12-27,MACH-022,Hokkaido
SAL-7C406DE4,USR-7AB6C2DF,Water,2026-01-28,MACH-037,Kyoto
SAL-B685D81F,USR-5E99562D,Water,2026-02-09,MACH-043,Chiba
SAL-94220E3D,USR-739900E1,Water,2025-10-31,MACH-048,Osaka
SAL-30B18EA3,USR-0DAE4B03,Coca-Cola,2026-01-26,MACH-044,Kyoto
SAL-89CDD7F9,USR-F1FAF409,Georgia Coffee,2026-01-13,MACH-048,Osaka
SAL-45CB3E52,USR-B56C60DA,Water,2026-01-12,MACH-038,Hokkaido
SAL-CB846F34,USR-C7E81044,Georgia Coffee,2025-12-03,MACH-033,Tokyo
SAL-D76443A4,USR-D682F73A,Fanta,2025-09-25,MACH-004,Chiba
SAL-86FBD85C,USR-AAF95268,Georgia Coffee,2026-01-01,MACH-014,Aichi
SAL-A1796D57,USR-FD8C8981,Coca-Cola,2026-02-22,MACH-034,Kanagawa
SAL-2C810838,USR-37F664F5,Georgia Coffee,2026-01-12,MACH-020,Fukuoka
SAL-C15ED24A,USR-4173CC88,Fanta,2025-12-19,MACH-029,Fukuoka
SAL-0D732C31,USR-0C7189C7,Georgia Coffee,2026-01-05,MACH-047,Tokyo
SAL-2AFDD3C1,USR-79ABC03E,Georgia Coffee,2025-10-13,MACH-010,Hokkaido
SAL-2697C5CA,USR-351F873B,Water,2025-12-28,MACH-009,Tokyo
SAL-C17E38F2,USR-7210012C,Georgia Coffee,2025-10-02,MACH-045,Tokyo
SAL-B89F96C6,USR-61CA1E50,Aquarius,2025-09-10,MACH-048,Osaka
SAL-83877A7D,USR-D062DBF9,Water,2025-12-05,MACH-008,Osaka
SAL-DB89D023,USR-5119F1C8,Coca-Cola,2025-09-30,MACH-008,Osaka
SAL-E5775534,USR-3404A170,Georgia Coffee,2025-09-12,MACH-034,Kanagawa
SAL-81FAC51C,USR-7A115B9E,Georgia Coffee,2025-11-19,MACH-024,Tokyo
SAL-970F75CB,USR-B80F3E52,Water,2025-09-09,MACH-010,Hokkaido
SAL-A03DA4F6,USR-5B58CB95,Water,2025-12-18,MACH-004,Chiba
SAL-F1EB80BC,USR-E65E15CB,Water,2025-11-13,MACH-014,Aichi
SAL-E3614385,USR-D7B27CFD,Georgia Coffee,2026-01-05,MACH-001,Hyogo
SAL-E5D47018,USR-1AF015D1,Coca-Cola,2025-09-19,MACH-003,Kyoto
SAL-239E8D52,USR-FE961FCC,Fanta,2025-11-20,MACH-037,Kyoto
SAL-2B0B8E78,USR-0135B93C,Coca-Cola,2025-12-07,MACH-031,Tokyo
SAL-1696E5B7,USR-79ABC03E,Coca-Cola,2026-02-04,MACH-009,Tokyo
SAL-C652E278,USR-6433ED22,Georgia Coffee,2025-12-26,MACH-043,Chiba
SAL-AC5FCCBB,USR-60CBC8E5,Coca-Cola,2025-11-24,MACH-006,Fukuoka
SAL-C323829D,USR-493CDC05,Georgia Coffee,2026-02-08,MACH-027,Saitama
SAL-591C39EF,USR-645D6CF6,Georgia Coffee,2025-12-12,MACH-022,Hokkaido
SAL-A843861F,USR-7BC12352,Georgia Coffee,2026-02-20,MACH-029,Fukuoka
SAL-E56C4DF5,USR-B12109BF,Georgia Coffee,2025-09-24,MACH-011,Osaka
SAL-6EB8EAC4,USR-818CA7A2,Coca-Cola,2026-02-10,MACH-050,Tokyo
SAL-9F0661D1,USR-44978EC5,Georgia Coffee,2026-02-13,MACH-036,Kyoto
SAL-7940D124,USR-F22D56C7,Coca-Cola,2026-02-07,MACH-035,Osaka
SAL-C49859DE,USR-7FCEC881,Coca-Cola,2026-01-25,MACH-034,Kanagawa
SAL-3B979711,USR-5860A001,Coca-Cola,2026-01-08,MACH-002,Hyogo
SAL-A1EEC34F,USR-1D42BE94,Coca-Cola,2026-01-16,MACH-012,Tokyo
SAL-7AE66135,USR-CAD781E9,Water,2025-11-03,MACH-046,Saitama
SAL-214FD835,USR-11844527,Georgia Coffee,2025-12-24,MACH-006,Fukuoka
SAL-93CD177E,USR-EA095DC6,Georgia Coffee,2025-11-23,MACH-026,Aichi
SAL-80DED5F2,USR-27DCB28D,Georgia Coffee,2025-09-07,MACH-022,Hokkaido
SAL-5AADEBA6,USR-33FFBC8E,Coca-Cola,2025-09-08,MACH-034,Kanagawa
SAL-691AE3D8,USR-24055F24,Coca-Cola,2025-09-25,MACH-008,Osaka
SAL-2CED6210,USR-E65E15CB,Georgia Coffee,2025-11-14,MACH-010,Hokkaido
SAL-89057696,USR-9CF1DB44,Aquarius,2025-09-24,MACH-010,Hokkaido
SAL-AC12EEF1,USR-5D94DB19,Coca-Cola,2026-02-22,MACH-011,Osaka
SAL-F0C628D6,USR-1D689D3B,Georgia Coffee,2025-11-24,MACH-004,Chiba
SAL-C77B0729,USR-420F237F,Fanta,2025-11-22,MACH-010,Hokkaido
SAL-5FA539BD,USR-D368E499,Water,2025-11-07,MACH-025,Saitama
SAL-55EECBEA,USR-71FFFEE9,Georgia Coffee,2025-10-02,MACH-004,Chiba
SAL-528F9467,USR-122FABF9,Georgia Coffee,2026-02-01,MACH-038,Hokkaido
SAL-5E57C15A,USR-D46CAA4A,Georgia Coffee,2026-01-09,MACH-025,Saitama
SAL-025E52C7,USR-DB05FD71,Coca-Cola,2025-09-17,MACH-021,Fukuoka
SAL-B391B7FD,USR-9076FBB0,Coca-Cola,2025-09-18,MACH-031,Tokyo
SAL-3E5F5439,USR-9812736F,Coca-Cola,2025-10-31,MACH-002,Hyogo
SAL-EDCCBE7A,USR-1BF97DEB,Georgia Coffee,2026-01-30,MACH-044,Kyoto
SAL-806D888C,USR-D6C2FAB3,Georgia Coffee,2026-01-22,MACH-042,Tokyo
SAL-56FC62EA,USR-AAF95268,Georgia Coffee,2026-01-25,MACH-027,Saitama
SAL-97B417A9,USR-A65FC6EE,Coca-Cola,2026-02-11,MACH-033,Tokyo
SAL-D99FA3C7,USR-645D6CF6,Aquarius,2025-10-08,MACH-024,Tokyo
SAL-D43A54FB,USR-A22D6DAF,Georgia Coffee,2025-11-03,MACH-035,Osaka
SAL-7C78D37E,USR-7E5321DC,Georgia Coffee,2026-01-22,MACH-029,Fukuoka
SAL-D060388D,USR-64A351CA,Coca-Cola,2025-12-29,MACH-040,Aichi
SAL-D509AB41,USR-5D94DB19,Fanta,2025-10-14,MACH-001,Hyogo
SAL-DA56F23C,USR-1AF67160,Georgia Coffee,2026-01-03,MACH-018,Chiba
SAL-497D607E,USR-5891707E,Water,2026-02-23,MACH-025,Saitama
SAL-3E53E258,USR-296C1D26,Coca-Cola,2025-10-26,MACH-038,Hokkaido
SAL-18548F33,USR-22EF86F5,Coca-Cola,2025-09-13,MACH-011,Osaka
SAL-2E21D2FE,USR-4D2AAA22,Coca-Cola,2025-09-19,MACH-020,Fukuoka
SAL-7CD2646C,USR-13B9AA44,Fanta,2025-10-03,MACH-009,Tokyo
SAL-FA351135,USR-79ABC03E,Fanta,2025-10-25,MACH-040,Aichi
SAL-01C10594,USR-FFF83EBA,Georgia Coffee,2025-11-22,MACH-044,Kyoto
SAL-3C8776AC,USR-B12109BF,Georgia Coffee,2025-11-07,MACH-049,Tokyo
SAL-91BA2352,USR-FC35A1BC,Georgia Coffee,2025-11-03,MACH-043,Chiba
SAL-1ADFD946,USR-507974CF,Georgia Coffee,2025-12-28,MACH-039,Hokkaido
SAL-0FD09CDE,USR-29112E45,Georgia Coffee,2026-02-26,MACH-001,Hyogo
SAL-2602BA06,USR-2D526507,Coca-Cola,2025-09-04,MACH-044,Kyoto
SAL-001BA7E7,USR-DBCAA803,Coca-Cola,2026-02-27,MACH-046,Saitama
SAL-4147F7D9,USR-158ADDF2,Water,2026-01-17,MACH-006,Fukuoka
SAL-D7DDE14B,USR-6EEFB044,Georgia Coffee,2026-02-15,MACH-005,Saitama
SAL-221E337B,USR-F1DC1730,Georgia Coffee,2026-02-20,MACH-029,Fukuoka
SAL-1EE16067,USR-30CBAA79,Georgia Coffee,2025-12-07,MACH-039,Hokkaido
SAL-8C7C1F73,USR-929A9B99,Georgia Coffee,2026-02-27,MACH-001,Hyogo
SAL-0E0B99BA,USR-6FC1024D,Georgia Coffee,2025-10-21,MACH-029,Fukuoka
SAL-899787F4,USR-13B9AA44,Water,2025-09-07,MACH-049,Tokyo
SAL-E0A2E16E,USR-3DE7126B,Georgia Coffee,2025-12-02,MACH-045,Tokyo
SAL-C2AC3762,USR-8CD2F075,Aquarius,2025-10-28,MACH-015,Tokyo
SAL-CDBF5F31,USR-8CD2F075,Fanta,2025-09-11,MACH-018,Chiba
SAL-F624A258,USR-A3B76148,Georgia Coffee,2026-03-01,MACH-039,Hokkaido
SAL-68A5FBAC,USR-41E5E064,Water,2026-02-12,MACH-026,Aichi
SAL-B624C859,USR-8CD2F075,Georgia Coffee,2026-01-25,MACH-033,Tokyo
SAL-10664B4C,USR-22EF86F5,Coca-Cola,2025-10-21,MACH-043,Chiba
SAL-915D2417,USR-2205CE74,Georgia Coffee,2026-02-23,MACH-039,Hokkaido
SAL-23AC3DA5,USR-BE2283DC,Georgia Coffee,2026-01-30,MACH-009,Tokyo
SAL-640D9F16,USR-147E3806,Georgia Coffee,2026-01-25,MACH-015,Tokyo
SAL-60949B64,USR-237E8E80,Aquarius,2025-11-11,MACH-013,Fukuoka
SAL-B739B02B,USR-A996E26E,Coca-Cola,2026-02-26,MACH-044,Kyoto
SAL-C5F29E07,USR-98380C97,Georgia Coffee,2026-02-23,MACH-036,Kyoto
SAL-50EE0DD3,USR-F1DC1730,Fanta,2025-12-20,MACH-042,Tokyo
SAL-964897A6,USR-2F583A44,Fanta,2025-09-15,MACH-021,Fukuoka
SAL-98D0434E,USR-D7B27CFD,Coca-Cola,2025-12-15,MACH-018,Chiba
SAL-F2521750,USR-19498748,Georgia Coffee,2025-12-30,MACH-032,Aichi
SAL-F8DDDB60,USR-0ABF0AD6,Georgia Coffee,2025-09-13,MACH-047,Tokyo
SAL-84B69937,USR-6433ED22,Georgia Coffee,2025-12-18,MACH-035,Osaka
SAL-8BF627BC,USR-11844527,Georgia Coffee,2025-12-11,MACH-042,Tokyo
SAL-81113E2F,USR-E0EA0D7E,Fanta,2025-10-29,MACH-045,Tokyo
SAL-A74B901F,USR-C361A229,Coca-Cola,2025-11-04,MACH-024,Tokyo
SAL-3E131FE9,USR-2D01E1CC,Coca-Cola,2025-09-26,MACH-002,Hyogo
SAL-B0373F55,USR-B978D0A5,Water,2025-09-08,MACH-038,Hokkaido
SAL-E8B276ED,USR-F1FAF409,Georgia Coffee,2025-11-26,MACH-017,Hokkaido
SAL-D34E12C3,USR-A8EFB83C,Georgia Coffee,2025-11-02,MACH-022,Hokkaido
SAL-3E8362B4,USR-95FF5B84,Georgia Coffee,2025-11-26,MACH-034,Kanagawa
SAL-82F6BD5A,USR-02361EDF,Georgia Coffee,2025-09-20,MACH-034,Kanagawa
SAL-A66745C5,USR-929A9B99,Georgia Coffee,2025-12-25,MACH-038,Hokkaido
SAL-372DEAA3,USR-2462A127,Georgia Coffee,2025-09-17,MACH-003,Kyoto
SAL-5E25D8D9,USR-C012A5E4,Georgia Coffee,2026-02-26,MACH-005,Saitama
SAL-78C03A7C,USR-63522889,Coca-Cola,2025-12-24,MACH-004,Chiba
SAL-B11FD0E6,USR-658512AC,Coca-Cola,2025-12-21,MACH-005,Saitama
SAL-1D79B315,USR-7D413B79,Water,2026-01-23,MACH-004,Chiba
SAL-EEFB234B,USR-4A7D1F6A,Coca-Cola,2025-12-13,MACH-007,Fukuoka
SAL-ACA2268E,USR-158ADDF2,Coca-Cola,2025-10-31,MACH-039,Hokkaido
SAL-DFA0E8D4,USR-2FDA5E0C,Water,2025-09-04,MACH-033,Tokyo
SAL-8474EC67,USR-A5B1C25E,Fanta,2025-09-27,MACH-022,Hokkaido
SAL-598681A3,USR-B56C60DA,Georgia Coffee,2025-09-08,MACH-043,Chiba
SAL-B3C8279E,USR-7AB6C2DF,Georgia Coffee,2025-09-05,MACH-039,Hokkaido
SAL-72388BAD,USR-0B9ABA08,Coca-Cola,2025-10-21,MACH-037,Kyoto
SAL-BEA8AC82,USR-638FD779,Georgia Coffee,2025-11-06,MACH-045,Tokyo
SAL-861ABEFE,USR-5D94DB19,Georgia Coffee,2025-10-07,MACH-003,Kyoto
SAL-D6DE36A0,USR-351F873B,Fanta,2026-01-29,MACH-028,Kanagawa
SAL-E6B72110,USR-4D52F6DB,Water,2025-12-02,MACH-020,Fukuoka
SAL-20593370,USR-93C61721,Georgia Coffee,2025-10-09,MACH-010,Hokkaido
SAL-A05189CF,USR-A05F75EC,Aquarius,2025-11-28,MACH-019,Chiba
SAL-7B65F316,USR-5024E725,Coca-Cola,2026-01-12,MACH-038,Hokkaido
SAL-07104FDF,USR-931EC15B,Water,2025-09-16,MACH-016,Aichi
SAL-64EF4E0E,USR-E0EA0D7E,Georgia Coffee,2026-01-23,MACH-004,Chiba
SAL-484AA38C,USR-25AFF62D,Georgia Coffee,2025-10-23,MACH-041,Tokyo
SAL-45580962,USR-7FCEC881,Water,2025-09-19,MACH-022,Hokkaido
SAL-DA0C96BD,USR-4CCAD281,Coca-Cola,2026-02-26,MACH-045,Tokyo
SAL-930412BB,USR-2205CE74,Fanta,2025-11-25,MACH-038,Hokkaido
SAL-676C7913,USR-A116DF55,Georgia Coffee,2026-02-06,MACH-020,Fukuoka
SAL-9A820098,USR-76D1D3FE,Georgia Coffee,2025-09-28,MACH-030,Saitama
SAL-1E892125,USR-8E99A38C,Georgia Coffee,2025-10-28,MACH-001,Hyogo
SAL-71AA5C46,USR-7656881F,Water,2025-10-30,MACH-019,Chiba
SAL-F7452F96,USR-35B9F36D,Georgia Coffee,2025-11-25,MACH-048,Osaka
SAL-648A428D,USR-19498748,Georgia Coffee,2025-10-19,MACH-001,Hyogo
SAL-1808ABE7,USR-B7C71473,Georgia Coffee,2025-12-02,MACH-002,Hyogo
SAL-B8E887B9,USR-8ED23E53,Coca-Cola,2025-11-15,MACH-029,Fukuoka
SAL-18829E95,USR-BF0CDBD4,Georgia Coffee,2025-12-03,MACH-003,Kyoto
SAL-D3664565,USR-9B4D256D,Georgia Coffee,2025-10-22,MACH-019,Chiba
SAL-905813DF,USR-9B4D256D,Georgia Coffee,2025-11-08,MACH-047,Tokyo
SAL-E33A7005,USR-A2AFE01A,Georgia Coffee,2026-01-21,MACH-016,Aichi
SAL-2675EE7A,USR-76D1D3FE,Georgia Coffee,2025-10-17,MACH-017,Hokkaido
SAL-5719F532,USR-2151C1FB,Fanta,2026-02-22,MACH-008,Osaka
SAL-BC554466,USR-7FE66F80,Georgia Coffee,2025-11-19,MACH-028,Kanagawa
SAL-04698239,USR-147E3806,Georgia Coffee,2026-01-14,MACH-040,Aichi
SAL-B1023096,USR-6CC5A636,Fanta,2025-09-18,MACH-008,Osaka
SAL-71DA815D,USR-06FC311A,Georgia Coffee,2025-10-05,MACH-029,Fukuoka
SAL-3F8AD4D9,USR-2069AFAC,Georgia Coffee,2026-02-02,MACH-028,Kanagawa
SAL-A1F76829,USR-87BCA48F,Coca-Cola,2025-09-13,MACH-049,Tokyo
SAL-2188D8A6,USR-C31D2317,Georgia Coffee,2026-01-17,MACH-019,Chiba
SAL-14249D8F,USR-8213053B,Water,2025-11-04,MACH-004,Chiba
SAL-1C66156E,USR-09DB4C44,Coca-Cola,2025-10-04,MACH-033,Tokyo
SAL-47D64416,USR-B19F9764,Georgia Coffee,2026-01-05,MACH-014,Aichi
SAL-E4ED0A30,USR-BB1F9A40,Georgia Coffee,2025-12-31,MACH-043,Chiba
SAL-704A9AEB,USR-42A1B969,Water,2026-01-10,MACH-025,Saitama
SAL-3822A56A,USR-409169AE,Georgia Coffee,2026-01-10,MACH-024,Tokyo
SAL-8C79912B,USR-DB72342F,Georgia Coffee,2025-10-17,MACH-021,Fukuoka
SAL-87803F7B,USR-198BDD3B,Fanta,2026-02-26,MACH-031,Tokyo
SAL-1AFF14C3,USR-D7540919,Georgia Coffee,2026-01-01,MACH-018,Chiba
SAL-4B86A6FD,USR-725BB1B2,Georgia Coffee,2026-01-29,MACH-042,Tokyo
SAL-E1444274,USR-E0867546,Georgia Coffee,2025-10-23,MACH-029,Fukuoka
SAL-C2DE3C56,USR-D682F73A,Fanta,2025-10-27,MACH-020,Fukuoka
SAL-0A43AC50,USR-119F4985,Water,2026-01-26,MACH-011,Osaka
SAL-31F3FD1F,USR-44978EC5,Georgia Coffee,2025-11-06,MACH-036,Kyoto
SAL-F7BBCF02,USR-638FD779,Coca-Cola,2025-09-23,MACH-019,Chiba
SAL-2FD91D95,USR-7E5321DC,Coca-Cola,2025-10-30,MACH-038,Hokkaido
SAL-B6111690,USR-BF611AA1,Georgia Coffee,2026-02-08,MACH-022,Hokkaido
SAL-9774C207,USR-A05F75EC,Water,2025-12-21,MACH-027,Saitama
SAL-7574CBAD,USR-BCE142DC,Georgia Coffee,2025-11-22,MACH-018,Chiba
SAL-F4BB8C42,USR-6C0945DE,Coca-Cola,2025-12-24,MACH-015,Tokyo
SAL-448943F1,USR-7D413B79,Water,2025-12-02,MACH-006,Fukuoka
SAL-4CB60DE0,USR-92263BBF,Georgia Coffee,2026-01-11,MACH-035,Osaka
SAL-990D200E,USR-24055F24,Georgia Coffee,2025-11-11,MACH-015,Tokyo
SAL-EC3D5EF2,USR-6F0F2176,Georgia Coffee,2025-12-03,MACH-003,Kyoto
SAL-19623CB0,USR-507974CF,Georgia Coffee,2025-10-22,MACH-044,Kyoto
SAL-A441AAA2,USR-A52F6A51,Coca-Cola,2026-02-23,MACH-018,Chiba
SAL-FD75D452,USR-198BDD3B,Water,2025-10-07,MACH-049,Tokyo
SAL-FE99BDC5,USR-13638586,Georgia Coffee,2025-11-07,MACH-001,Hyogo
SAL-AC6A8A92,USR-FFF83EBA,Georgia Coffee,2025-11-29,MACH-026,Aichi
SAL-038D83EB,USR-DCFCDF5F,Georgia Coffee,2026-01-28,MACH-049,Tokyo
SAL-C947B2CF,USR-1965E406,Fanta,2026-02-16,MACH-033,Tokyo
SAL-FDB5A339,USR-A16B62A5,Coca-Cola,2025-12-12,MACH-015,Tokyo
SAL-8B39095D,USR-3293A67F,Coca-Cola,2025-10-25,MACH-031,Tokyo
SAL-1FBB948D,USR-4CCAD281,Coca-Cola,2026-01-21,MACH-049,Tokyo
SAL-09BDFC99,USR-8C79D607,Georgia Coffee,2025-12-29,MACH-022,Hokkaido
SAL-AE39EBE6,USR-13638586,Fanta,2025-10-20,MACH-028,Kanagawa
SAL-066D319E,USR-EA1B36C8,Georgia Coffee,2025-12-17,MACH-014,Aichi
SAL-0CAE6026,USR-4A2E3634,Georgia Coffee,2026-01-22,MACH-002,Hyogo
SAL-C6C0C3AC,USR-D368E499,Water,2025-10-04,MACH-020,Fukuoka
SAL-CB9696B9,USR-0135B93C,Georgia Coffee,2026-01-07,MACH-043,Chiba
SAL-AF1D26D8,USR-D682F73A,Coca-Cola,2025-10-29,MACH-027,Saitama
SAL-CD0667DD,USR-C9DC4C03,Coca-Cola,2025-12-14,MACH-049,Tokyo
SAL-D12A64DC,USR-B979DECB,Georgia Coffee,2025-11-17,MACH-021,Fukuoka
SAL-B749AB3D,USR-2480924D,Water,2025-09-10,MACH-026,Aichi
SAL-7825EA99,USR-43F31FCF,Water,2026-02-03,MACH-039,Hokkaido
SAL-8F5E44C6,USR-C00B910F,Georgia Coffee,2025-12-08,MACH-014,Aichi
SAL-2C1E40E3,USR-7FCEC881,Georgia Coffee,2026-01-16,MACH-025,Saitama
SAL-6D0EB986,USR-A13CBA50,Georgia Coffee,2025-11-25,MACH-037,Kyoto
SAL-885BB236,USR-5024AB28,Georgia Coffee,2025-11-18,MACH-006,Fukuoka
SAL-2341A749,USR-DBCAA803,Georgia Coffee,2026-01-21,MACH-044,Kyoto
SAL-13D8D85B,USR-76D1D3FE,Aquarius,2025-10-22,MACH-005,Saitama
SAL-4A196CD9,USR-3293A67F,Georgia Coffee,2025-11-13,MACH-014,Aichi
SAL-06B2B9D6,USR-664A3267,Georgia Coffee,2026-01-14,MACH-005,Saitama
SAL-2E0AA9B1,USR-5024AB28,Georgia Coffee,2026-01-12,MACH-001,Hyogo
SAL-207E4817,USR-61CA1E50,Aquarius,2025-12-16,MACH-026,Aichi
SAL-7BCC4A57,USR-A116DF55,Coca-Cola,2025-10-05,MACH-035,Osaka
SAL-23985C1B,USR-02007186,Fanta,2025-09-19,MACH-025,Saitama
SAL-6C382356,USR-12274D44,Georgia Coffee,2025-10-24,MACH-009,Tokyo
SAL-124D3B9D,USR-41119228,Coca-Cola,2026-02-19,MACH-031,Tokyo
SAL-24FACCC8,USR-71FFFEE9,Georgia Coffee,2025-11-20,MACH-038,Hokkaido
SAL-FFFA231A,USR-6CC5A636,Georgia Coffee,2026-02-24,MACH-001,Hyogo
SAL-098B8F34,USR-11844527,Georgia Coffee,2025-12-13,MACH-039,Hokkaido
SAL-F4AB1A58,USR-2FDA5E0C,Georgia Coffee,2025-11-25,MACH-037,Kyoto
SAL-3661070D,USR-3D3CB991,Coca-Cola,2025-12-29,MACH-037,Kyoto
SAL-67569B2C,USR-147E3806,Fanta,2025-11-14,MACH-042,Tokyo
SAL-70C19DAF,USR-E8697D4C,Coca-Cola,2025-11-29,MACH-045,Tokyo
SAL-140323C0,USR-A2A97C1E,Water,2025-11-17,MACH-026,Aichi
SAL-DE45BEA3,USR-675F6CF4,Georgia Coffee,2025-10-16,MACH-027,Saitama
SAL-FA2C8DE0,USR-2F583A44,Georgia Coffee,2026-02-07,MACH-047,Tokyo
SAL-ABD94E90,USR-26B53790,Coca-Cola,2026-02-17,MACH-007,Fukuoka
SAL-6798DB11,USR-810068EE,Fanta,2025-09-13,MACH-016,Aichi
SAL-4170173A,USR-6EEFB044,Georgia Coffee,2025-11-11,MACH-041,Tokyo
SAL-B0108A25,USR-2941F913,Water,2025-09-19,MACH-045,Tokyo
SAL-8F937C85,USR-6E85A692,Aquarius,2025-10-27,MACH-032,Aichi
SAL-0EEFCEA2,USR-A05F75EC,Georgia Coffee,2026-01-21,MACH-008,Osaka
SAL-AB40A4A5,USR-807549A0,Water,2025-09-28,MACH-033,Tokyo
SAL-FB90207D,USR-97197B1B,Georgia Coffee,2025-12-15,MACH-029,Fukuoka
SAL-A4F18BC7,USR-FFC75C1E,Georgia Coffee,2026-01-09,MACH-003,Kyoto
SAL-B36595AA,USR-E7A7BC78,Coca-Cola,2026-02-12,MACH-045,Tokyo
SAL-4B271FE6,USR-1EAA4DD7,Georgia Coffee,2025-12-08,MACH-022,Hokkaido
SAL-008D3F8D,USR-0BD71BBC,Georgia Coffee,2025-10-21,MACH-026,Aichi
SAL-357088A2,USR-BB134570,Georgia Coffee,2025-10-01,MACH-046,Saitama
SAL-6D05D8D3,USR-DB05FD71,Georgia Coffee,2026-02-20,MACH-048,Osaka
SAL-70ABDD7C,USR-C08CE81E,Water,2025-09-19,MACH-006,Fukuoka
SAL-3CFFE548,USR-296C1D26,Georgia Coffee,2025-12-23,MACH-021,Fukuoka
SAL-5AD3F64B,USR-1BF97DEB,Georgia Coffee,2025-09-06,MACH-039,Hokkaido
SAL-9FF40BD6,USR-337DA9CD,Georgia Coffee,2025-10-03,MACH-035,Osaka
SAL-B64DDC56,USR-F6501AA9,Georgia Coffee,2025-09-21,MACH-043,Chiba
SAL-D77EA23E,USR-4C500264,Georgia Coffee,2025-11-10,MACH-010,Hokkaido
SAL-13D29424,USR-B3B771CD,Fanta,2025-10-27,MACH-046,Saitama
SAL-B4EA8AD3,USR-78E6D5B9,Coca-Cola,2026-01-16,MACH-014,Aichi
SAL-D4970143,USR-CAE4EAE1,Coca-Cola,2026-02-11,MACH-034,Kanagawa
SAL-50034583,USR-369816FC,Coca-Cola,2026-02-17,MACH-007,Fukuoka
SAL-7FDE0173,USR-1AF67160,Georgia Coffee,2025-12-24,MACH-004,Chiba
SAL-7273999A,USR-4A2E3634,Fanta,2025-12-07,MACH-019,Chiba
SAL-50417321,USR-6875C74B,Georgia Coffee,2025-10-23,MACH-006,Fukuoka
SAL-8A858F08,USR-2FE3E350,Georgia Coffee,2025-09-05,MACH-022,Hokkaido
SAL-6B406CA0,USR-A69085FD,Fanta,2026-02-20,MACH-005,Saitama
SAL-4DFB18E3,USR-99E1CD38,Water,2025-09-26,MACH-043,Chiba
SAL-EAD7C10D,USR-351F873B,Georgia Coffee,2025-09-13,MACH-027,Saitama
SAL-0BCF92D9,USR-818CA7A2,Coca-Cola,2025-11-24,MACH-021,Fukuoka
SAL-D4D7FF2A,USR-119F4985,Georgia Coffee,2026-02-08,MACH-014,Aichi
SAL-E4033D1E,USR-790B6617,Georgia Coffee,2025-12-20,MACH-008,Osaka
SAL-F8C0E2A4,USR-2D526507,Georgia Coffee,2025-12-02,MACH-021,Fukuoka
SAL-DB9B6F7A,USR-E59188C4,Georgia Coffee,2026-02-16,MACH-021,Fukuoka
SAL-CDE68985,USR-9E0BB6BF,Coca-Cola,2025-12-28,MACH-015,Tokyo
SAL-FE0A836B,USR-E4B0FBF1,Georgia Coffee,2025-11-12,MACH-042,Tokyo
SAL-1F24838F,USR-6E85A692,Georgia Coffee,2025-09-19,MACH-014,Aichi
SAL-03EE1567,USR-658512AC,Coca-Cola,2026-02-02,MACH-032,Aichi
SAL-85691836,USR-1CF16CBD,Fanta,2026-01-25,MACH-011,Osaka
SAL-B081C861,USR-7E9FC3E4,Coca-Cola,2026-02-02,MACH-021,Fukuoka
SAL-694F87F6,USR-9B4D256D,Coca-Cola,2026-02-22,MACH-026,Aichi
SAL-9D1FD95F,USR-373ABD98,Coca-Cola,2026-02-25,MACH-021,Fukuoka
SAL-A00FB3BF,USR-FF81B894,Water,2025-09-19,MACH-022,Hokkaido
SAL-9718D017,USR-BCE142DC,Georgia Coffee,2026-01-29,MACH-029,Fukuoka
SAL-8FCC79D5,USR-B979DECB,Coca-Cola,2025-10-31,MACH-033,Tokyo
SAL-5A5CE1E2,USR-160C84CD,Water,2025-09-05,MACH-015,Tokyo
SAL-BD6488F6,USR-122FABF9,Water,2025-10-03,MACH-020,Fukuoka
SAL-4D47EB29,USR-E157A9AD,Georgia Coffee,2025-11-03,MACH-040,Aichi
SAL-9759CCD7,USR-A96ED735,Georgia Coffee,2025-12-06,MACH-032,Aichi
SAL-7609AFB6,USR-CAE4EAE1,Georgia Coffee,2025-12-07,MACH-014,Aichi
SAL-F078C986,USR-22EF86F5,Water,2026-02-02,MACH-029,Fukuoka
SAL-BFB76C8C,USR-33FFBC8E,Coca-Cola,2025-10-06,MACH-018,Chiba
SAL-E1FC9E11,USR-8C79D607,Aquarius,2025-09-12,MACH-034,Kanagawa
SAL-5D0BEA95,USR-42A1B969,Georgia Coffee,2026-02-14,MACH-019,Chiba
SAL-445DF8D0,USR-20B0C635,Georgia Coffee,2025-11-25,MACH-022,Hokkaido
SAL-C1944AA2,USR-675F6CF4,Water,2025-09-15,MACH-043,Chiba
SAL-AF2F001A,USR-D97562E8,Coca-Cola,2026-02-27,MACH-047,Tokyo
SAL-C5A3EBDE,USR-FC35A1BC,Georgia Coffee,2025-12-08,MACH-034,Kanagawa
SAL-CD0CBFD7,USR-9E0BB6BF,Water,2026-02-10,MACH-001,Hyogo
SAL-2BFB6ADA,USR-6A81FA93,Georgia Coffee,2025-09-19,MACH-011,Osaka
SAL-888379D5,USR-7B4DC62A,Coca-Cola,2025-09-25,MACH-017,Hokkaido
SAL-A169EDC3,USR-4CCAD281,Georgia Coffee,2025-12-20,MACH-047,Tokyo
SAL-06012529,USR-D682F73A,Georgia Coffee,2025-10-22,MACH-016,Aichi
SAL-F1F896A6,USR-D17F973F,Coca-Cola,2025-11-04,MACH-020,Fukuoka
SAL-A956FFC3,USR-E157A9AD,Fanta,2026-02-11,MACH-036,Kyoto
SAL-84571F95,USR-2462A127,Georgia Coffee,2025-12-03,MACH-026,Aichi
SAL-42747410,USR-79ABC03E,Coca-Cola,2025-12-23,MACH-028,Kanagawa
SAL-A814DF3C,USR-DFD0624C,Water,2025-12-21,MACH-049,Tokyo
SAL-9DB29124,USR-F6501AA9,Georgia Coffee,2026-01-03,MACH-002,Hyogo
SAL-4AF02195,USR-50FAFF7B,Fanta,2025-09-23,MACH-049,Tokyo
SAL-33119A16,USR-3404A170,Georgia Coffee,2026-02-01,MACH-035,Osaka
SAL-14D798A9,USR-333C6797,Georgia Coffee,2025-10-16,MACH-017,Hokkaido
SAL-47EC769D,USR-35B9F36D,Georgia Coffee,2025-12-27,MACH-019,Chiba
SAL-A399D9E0,USR-0A72FAE9,Georgia Coffee,2026-01-03,MACH-005,Saitama
SAL-621AD1D1,USR-1EC10A79,Georgia Coffee,2025-12-31,MACH-016,Aichi
SAL-9EA9F1F7,USR-2941F913,Georgia Coffee,2026-01-08,MACH-047,Tokyo
SAL-F54ED765,USR-E90EDE59,Georgia Coffee,2025-12-14,MACH-027,Saitama
SAL-D32D970C,USR-DBCAA803,Georgia Coffee,2025-12-06,MACH-025,Saitama
SAL-77CF3544,USR-8A2DBE48,Water,2026-01-30,MACH-005,Saitama
SAL-BA8D3D60,USR-54A1708E,Coca-Cola,2025-10-03,MACH-025,Saitama
SAL-F9FB27D8,USR-27DCB28D,Fanta,2025-10-21,MACH-049,Tokyo
SAL-D23E732B,USR-6F35E759,Georgia Coffee,2025-11-30,MACH-033,Tokyo
SAL-B9F7E6F6,USR-D0B37222,Georgia Coffee,2026-02-25,MACH-024,Tokyo
SAL-633471D6,USR-7BC12352,Georgia Coffee,2025-12-09,MACH-028,Kanagawa
SAL-A1ACBF79,USR-F32FBBD6,Water,2026-01-02,MACH-003,Kyoto
SAL-5AAF797A,USR-E035029C,Georgia Coffee,2026-02-10,MACH-046,Saitama
SAL-27EDEE29,USR-190968EF,Georgia Coffee,2026-02-19,MACH-042,Tokyo
SAL-D45473BC,USR-190968EF,Georgia Coffee,2025-12-27,MACH-044,Kyoto
SAL-998A2B13,USR-A22D6DAF,Coca-Cola,2026-02-03,MACH-038,Hokkaido
SAL-18F27776,USR-C372653A,Water,2025-10-13,MACH-001,Hyogo
SAL-C4A582DD,USR-BB134570,Georgia Coffee,2026-02-13,MACH-046,Saitama
SAL-E8FC31C8,USR-0C7189C7,Fanta,2026-03-01,MACH-038,Hokkaido
SAL-8AFA8EFD,USR-97197B1B,Water,2026-01-12,MACH-013,Fukuoka
SAL-A63F9460,USR-63522889,Georgia Coffee,2025-11-05,MACH-045,Tokyo
SAL-95788E04,USR-810068EE,Georgia Coffee,2026-01-16,MACH-043,Chiba
SAL-11FA836B,USR-6E85A692,Coca-Cola,2025-11-19,MACH-047,Tokyo
SAL-769BF7B6,USR-2069AFAC,Coca-Cola,2025-09-24,MACH-007,Fukuoka
SAL-0975C693,USR-9812736F,Coca-Cola,2025-11-29,MACH-010,Hokkaido
SAL-6D823AC2,USR-9CF1DB44,Georgia Coffee,2025-12-12,MACH-045,Tokyo
SAL-D7B4C109,USR-80DF6F51,Georgia Coffee,2025-10-15,MACH-032,Aichi
SAL-56D189F5,USR-E2D89BA5,Georgia Coffee,2026-02-27,MACH-027,Saitama
SAL-39252BD6,USR-719D3C88,Georgia Coffee,2025-11-14,MACH-047,Tokyo
SAL-35969105,USR-C05C9F63,Georgia Coffee,2025-12-06,MACH-012,Tokyo
SAL-F0E5ED2D,USR-66CDD224,Coca-Cola,2026-01-08,MACH-008,Osaka
SAL-24CE627C,USR-74D10072,Water,2025-10-26,MACH-015,Tokyo
SAL-07AA36B2,USR-4C500264,Coca-Cola,2025-11-07,MACH-027,Saitama
SAL-1463C2B5,USR-8A64BE0A,Coca-Cola,2026-02-08,MACH-007,Fukuoka
SAL-DC5AEBC8,USR-44978EC5,Coca-Cola,2025-09-22,MACH-019,Chiba
SAL-D83834B7,USR-5AD403AF,Georgia Coffee,2025-11-11,MACH-005,Saitama
SAL-7CF9E4A2,USR-840713B2,Coca-Cola,2025-11-01,MACH-031,Tokyo
SAL-B57E7D4C,USR-BF46D543,Georgia Coffee,2025-09-27,MACH-001,Hyogo
SAL-2D601346,USR-4D52F6DB,Water,2025-09-03,MACH-043,Chiba
SAL-630643CB,USR-7210012C,Coca-Cola,2025-09-12,MACH-007,Fukuoka
SAL-0229D020,USR-D062DBF9,Coca-Cola,2025-09-03,MACH-025,Saitama
SAL-0D18EE7C,USR-766D18A9,Coca-Cola,2025-11-09,MACH-032,Aichi
SAL-48D452AC,USR-D34E6306,Georgia Coffee,2026-02-03,MACH-028,Kanagawa
SAL-8BCAEAEE,USR-B587B453,Georgia Coffee,2025-11-28,MACH-021,Fukuoka
SAL-11CBCD95,USR-D44687D1,Georgia Coffee,2025-12-03,MACH-043,Chiba
SAL-9B2AC1FB,USR-08AF2072,Georgia Coffee,2025-09-16,MACH-023,Saitama
SAL-3F4BCBC8,USR-7B1ECD3F,Coca-Cola,2025-12-27,MACH-045,Tokyo
SAL-ACBD9525,USR-D062DBF9,Georgia Coffee,2025-10-07,MACH-002,Hyogo
SAL-FED6B324,USR-D46CAA4A,Coca-Cola,2026-01-15,MACH-018,Chiba
SAL-2F8CC862,USR-FE961FCC,Coca-Cola,2025-11-04,MACH-024,Tokyo
SAL-0E9066E8,USR-69280EE6,Georgia Coffee,2026-02-17,MACH-031,Tokyo
SAL-0A602BEF,USR-536D55BF,Fanta,2025-10-20,MACH-001,Hyogo
SAL-F9669A28,USR-002BFF17,Georgia Coffee,2025-11-23,MACH-002,Hyogo
SAL-CA9B3BB3,USR-A478E443,Water,2025-09-13,MACH-048,Osaka
SAL-904D190F,USR-840713B2,Georgia Coffee,2025-10-31,MACH-039,Hokkaido
SAL-D762ACE0,USR-15CF548F,Georgia Coffee,2026-02-05,MACH-006,Fukuoka
SAL-BE1473EC,USR-460F5C8D,Coca-Cola,2026-01-01,MACH-043,Chiba
SAL-F1F06F27,USR-FBDB81C0,Georgia Coffee,2025-09-27,MACH-047,Tokyo
SAL-735FCB8A,USR-6CC5A636,Water,2025-10-21,MACH-046,Saitama
SAL-DA848794,USR-79ABC03E,Georgia Coffee,2026-01-26,MACH-046,Saitama
SAL-6F58F8A3,USR-63522889,Water,2026-01-07,MACH-006,Fukuoka
SAL-8152B7ED,USR-0C656821,Georgia Coffee,2026-01-20,MACH-034,Kanagawa
SAL-88AEAC78,USR-2E171F95,Georgia Coffee,2026-02-18,MACH-035,Osaka
SAL-287EC1BE,USR-E8D0AF1F,Coca-Cola,2025-10-15,MACH-049,Tokyo
SAL-1E56EA94,USR-4CDB33EE,Aquarius,2025-09-24,MACH-007,Fukuoka
SAL-CE0B4351,USR-38451C9C,Fanta,2025-09-09,MACH-011,Osaka
SAL-C26268B6,USR-6019061F,Georgia Coffee,2025-12-09,MACH-020,Fukuoka
SAL-44281C00,USR-6019061F,Georgia Coffee,2026-02-20,MACH-008,Osaka
SAL-27F8BC63,USR-2941F913,Georgia Coffee,2026-01-16,MACH-041,Tokyo
SAL-9931C4CE,USR-8133C1BD,Georgia Coffee,2026-02-26,MACH-022,Hokkaido
SAL-68E58912,USR-9E0BB6BF,Coca-Cola,2026-01-27,MACH-050,Tokyo
SAL-421EBEBB,USR-839C7ED5,Coca-Cola,2025-12-07,MACH-046,Saitama
SAL-D4DAF996,USR-CAE4EAE1,Coca-Cola,2025-12-08,MACH-042,Tokyo
SAL-80FC77C8,USR-0ABF0AD6,Georgia Coffee,2025-12-22,MACH-015,Tokyo
SAL-B8A769EB,USR-6A471CB9,Georgia Coffee,2025-11-15,MACH-006,Fukuoka
SAL-C63AA756,USR-C372653A,Coca-Cola,2026-01-31,MACH-013,Fukuoka
SAL-89AD9148,USR-0C656821,Georgia Coffee,2025-10-04,MACH-021,Fukuoka
SAL-B4BA312C,USR-BF46D543,Coca-Cola,2025-09-02,MACH-020,Fukuoka
SAL-DEB27049,USR-E0EA0D7E,Georgia Coffee,2025-10-20,MACH-025,Saitama
SAL-9D94FD8C,USR-119F4985,Coca-Cola,2025-12-04,MACH-044,Kyoto
SAL-4C2DF0B9,USR-D062DBF9,Coca-Cola,2026-01-13,MACH-043,Chiba
SAL-8A1979E9,USR-6FC1024D,Coca-Cola,2025-09-29,MACH-026,Aichi
SAL-E854837F,USR-989C14B1,Water,2025-12-28,MACH-021,Fukuoka
SAL-BCB992C4,USR-409169AE,Coca-Cola,2025-11-16,MACH-015,Tokyo
SAL-D170293B,USR-FCB6B33E,Georgia Coffee,2025-10-09,MACH-039,Hokkaido
SAL-4AFD1B87,USR-B3B771CD,Coca-Cola,2026-02-19,MACH-045,Tokyo
SAL-8B8C5FDE,USR-4173CC88,Georgia Coffee,2025-11-20,MACH-033,Tokyo
SAL-437E2C38,USR-91C6EA12,Coca-Cola,2026-03-01,MACH-037,Kyoto
SAL-3B376AA6,USR-45B33E5F,Coca-Cola,2025-10-27,MACH-032,Aichi
SAL-695E5D05,USR-74D10072,Georgia Coffee,2025-12-07,MACH-004,Chiba
SAL-A9535DE8,USR-119F4985,Water,2025-10-25,MACH-047,Tokyo
SAL-0E031713,USR-14E008F4,Fanta,2026-02-28,MACH-048,Osaka
SAL-F0CF4BF5,USR-B19F9764,Georgia Coffee,2025-10-17,MACH-032,Aichi
SAL-4A026970,USR-237E8E80,Georgia Coffee,2026-02-17,MACH-011,Osaka
SAL-7BDB3985,USR-12138CF9,Georgia Coffee,2025-11-27,MACH-028,Kanagawa
SAL-14310B5C,USR-626BEA3B,Georgia Coffee,2025-11-30,MACH-049,Tokyo
SAL-395FB13B,USR-FF1D6FE1,Georgia Coffee,2026-01-15,MACH-047,Tokyo
SAL-B4D8F3EF,USR-460F5C8D,Coca-Cola,2025-10-21,MACH-045,Tokyo
SAL-DD26C766,USR-8C6D82E4,Water,2025-09-26,MACH-043,Chiba
SAL-D3A75961,USR-D6139D03,Georgia Coffee,2025-11-18,MACH-042,Tokyo
SAL-B76C940E,USR-5206F7E9,Georgia Coffee,2026-01-03,MACH-019,Chiba
SAL-20BD8532,USR-43851412,Water,2025-10-27,MACH-048,Osaka
SAL-94583B74,USR-2941F913,Fanta,2025-09-04,MACH-024,Tokyo
SAL-8756056F,USR-D6C2FAB3,Aquarius,2025-09-28,MACH-044,Kyoto
SAL-8F5DBCA0,USR-D46CAA4A,Aquarius,2025-10-09,MACH-025,Saitama
SAL-8EF69E95,USR-7B3A0005,Georgia Coffee,2026-02-22,MACH-011,Osaka
SAL-263FA2EE,USR-A2AFE01A,Fanta,2025-12-02,MACH-031,Tokyo
SAL-0FE33363,USR-FF29B40F,Georgia Coffee,2025-10-02,MACH-033,Tokyo
SAL-B7C9EC8C,USR-94E49CA8,Coca-Cola,2025-12-22,MACH-010,Hokkaido
SAL-F0B69C47,USR-71203D61,Georgia Coffee,2025-11-03,MACH-003,Kyoto
SAL-496C8B90,USR-4173CC88,Coca-Cola,2026-01-05,MACH-020,Fukuoka
SAL-236ED0D6,USR-1EAA4DD7,Georgia Coffee,2025-10-16,MACH-042,Tokyo
SAL-8F2A111A,USR-43263B30,Georgia Coffee,2026-02-26,MACH-043,Chiba
SAL-52013721,USR-BCE142DC,Georgia Coffee,2025-12-29,MACH-042,Tokyo
SAL-C3C64193,USR-A05F75EC,Georgia Coffee,2026-02-16,MACH-029,Fukuoka
SAL-DFFC8F59,USR-D7B27CFD,Coca-Cola,2025-10-01,MACH-006,Fukuoka
SAL-A73139D8,USR-A56BF1D5,Georgia Coffee,2026-02-20,MACH-033,Tokyo
SAL-BEE23ED9,USR-2D01E1CC,Georgia Coffee,2026-01-26,MACH-037,Kyoto
SAL-25882047,USR-73231438,Coca-Cola,2025-09-26,MACH-038,Hokkaido
SAL-908D87A7,USR-4CDB33EE,Georgia Coffee,2026-02-14,MACH-045,Tokyo
SAL-CD40B7DF,USR-A478E443,Georgia Coffee,2025-10-04,MACH-007,Fukuoka
SAL-79357A21,USR-26B53790,Georgia Coffee,2026-01-17,MACH-002,Hyogo
SAL-DE8A2AC8,USR-DBCAA803,Georgia Coffee,2026-01-17,MACH-034,Kanagawa
SAL-93349706,USR-7AB6C2DF,Water,2026-01-29,MACH-035,Osaka
SAL-67DE8348,USR-31D7E8A6,Coca-Cola,2026-02-15,MACH-008,Osaka
SAL-E9DEC193,USR-73231438,Water,2026-02-17,MACH-008,Osaka
SAL-8761CC45,USR-60CBC8E5,Georgia Coffee,2026-02-26,MACH-034,Kanagawa
SAL-B34DB390,USR-7CA2DD2B,Georgia Coffee,2025-09-12,MACH-047,Tokyo
SAL-1C14DDB3,USR-B3B771CD,Georgia Coffee,2025-11-06,MACH-049,Tokyo
SAL-FDD15CEC,USR-1D689D3B,Georgia Coffee,2025-10-03,MACH-033,Tokyo
SAL-5ECF40DD,USR-E0EA0D7E,Aquarius,2026-01-19,MACH-011,Osaka
SAL-9D0238BC,USR-675F6CF4,Georgia Coffee,2026-02-17,MACH-001,Hyogo
SAL-2460958B,USR-43263B30,Georgia Coffee,2026-01-12,MACH-019,Chiba
SAL-E871D395,USR-B7BC5949,Coca-Cola,2025-10-07,MACH-037,Kyoto
SAL-656C7D31,USR-A3B76148,Coca-Cola,2026-01-13,MACH-038,Hokkaido
SAL-E96C4487,USR-122FABF9,Georgia Coffee,2026-02-18,MACH-003,Kyoto
SAL-FFAB75B7,USR-460F5C8D,Water,2025-10-08,MACH-020,Fukuoka
SAL-93E308A0,USR-FA7A4B59,Georgia Coffee,2025-10-06,MACH-039,Hokkaido
SAL-044512B9,USR-BE2283DC,Coca-Cola,2025-12-02,MACH-018,Chiba
SAL-45C537F3,USR-FBCF129D,Georgia Coffee,2025-12-19,MACH-005,Saitama
SAL-3375D65A,USR-CFFD9ADB,Georgia Coffee,2025-12-08,MACH-042,Tokyo
SAL-6093BC01,USR-E8D0AF1F,Georgia Coffee,2025-12-27,MACH-006,Fukuoka
SAL-AB84DF34,USR-6CC5A636,Georgia Coffee,2025-12-19,MACH-045,Tokyo
SAL-129FEFD1,USR-8F767464,Georgia Coffee,2025-09-20,MACH-041,Tokyo
SAL-CB059E36,USR-26D7D111,Georgia Coffee,2026-02-11,MACH-045,Tokyo
SAL-5D419769,USR-5024E725,Coca-Cola,2025-12-06,MACH-037,Kyoto
SAL-5ECB90C0,USR-C39FA022,Georgia Coffee,2026-01-10,MACH-039,Hokkaido
SAL-22F64552,USR-158ADDF2,Georgia Coffee,2025-10-11,MACH-021,Fukuoka
SAL-CADB7D5F,USR-F1FAF409,Georgia Coffee,2025-09-08,MACH-039,Hokkaido
SAL-2030DBAB,USR-41E5E064,Coca-Cola,2025-10-03,MACH-035,Osaka
SAL-695E422E,USR-507974CF,Coca-Cola,2025-12-15,MACH-005,Saitama
SAL-73DE551E,USR-C9DC4C03,Georgia Coffee,2025-12-03,MACH-022,Hokkaido
SAL-AF17F46F,USR-34CF1E3B,Georgia Coffee,2025-10-29,MACH-018,Chiba
SAL-A4831B3A,USR-A22D6DAF,Georgia Coffee,2025-10-28,MACH-025,Saitama
SAL-34E1F956,USR-EA095DC6,Water,2025-10-03,MACH-024,Tokyo
SAL-99A1BBF3,USR-B710EEFF,Georgia Coffee,2026-01-05,MACH-007,Fukuoka
SAL-FA9F59D5,USR-FA7A4B59,Georgia Coffee,2026-01-26,MACH-019,Chiba
SAL-58628EA4,USR-5024AB28,Georgia Coffee,2025-09-27,MACH-004,Chiba
SAL-3DE7C4A6,USR-09DB4C44,Coca-Cola,2025-12-10,MACH-049,Tokyo
SAL-B27CC99A,USR-147E3806,Water,2026-01-21,MACH-039,Hokkaido
SAL-639707DE,USR-BE2283DC,Georgia Coffee,2026-01-02,MACH-038,Hokkaido
SAL-91802B0A,USR-7AB6C2DF,Georgia Coffee,2026-02-24,MACH-033,Tokyo
SAL-42617A50,USR-2462A127,Coca-Cola,2025-10-04,MACH-010,Hokkaido
SAL-38CE5027,USR-381CF2B0,Coca-Cola,2025-11-09,MACH-004,Chiba
SAL-82310361,USR-C9DC4C03,Georgia Coffee,2025-12-05,MACH-046,Saitama
SAL-67F1DEA4,USR-4ED84E1A,Georgia Coffee,2026-02-04,MACH-027,Saitama
SAL-53A7E785,USR-045556D7,Georgia Coffee,2025-12-23,MACH-023,Saitama
SAL-0C73266B,USR-D368E499,Coca-Cola,2025-12-20,MACH-034,Kanagawa
SAL-46333310,USR-2069AFAC,Water,2025-10-30,MACH-020,Fukuoka
SAL-597108DB,USR-13638586,Georgia Coffee,2025-11-19,MACH-027,Saitama
SAL-F7773B2F,USR-E157A9AD,Georgia Coffee,2025-09-25,MACH-041,Tokyo
SAL-6CA847B7,USR-97197B1B,Coca-Cola,2025-11-02,MACH-006,Fukuoka
SAL-04033242,USR-D17F973F,Coca-Cola,2025-09-23,MACH-048,Osaka
SAL-E2B5A7E9,USR-A13CBA50,Fanta,2026-01-06,MACH-001,Hyogo
SAL-67AE961F,USR-54A1708E,Coca-Cola,2026-02-22,MACH-033,Tokyo
SAL-34C2E525,USR-69280EE6,Coca-Cola,2026-01-02,MACH-032,Aichi
SAL-53D5D2D9,USR-1940B78A,Georgia Coffee,2026-02-22,MACH-035,Osaka
SAL-1F10AF38,USR-A52F6A51,Fanta,2025-09-05,MACH-040,Aichi
SAL-935C099C,USR-D682F73A,Water,2025-09-03,MACH-046,Saitama
SAL-B3316096,USR-22EF86F5,Coca-Cola,2025-11-29,MACH-016,Aichi
SAL-03724D59,USR-29112E45,Georgia Coffee,2026-01-15,MACH-044,Kyoto
SAL-1D8C3D8E,USR-E7A7BC78,Fanta,2025-12-25,MACH-011,Osaka
SAL-F4A17624,USR-9B4D256D,Georgia Coffee,2026-01-14,MACH-015,Tokyo
SAL-0241C931,USR-882C49DC,Fanta,2025-10-06,MACH-033,Tokyo
SAL-2428D562,USR-333C6797,Georgia Coffee,2025-12-19,MACH-032,Aichi
SAL-9BFC83E1,USR-6BC5A2C9,Water,2025-09-30,MACH-022,Hokkaido
SAL-B76B3FAF,USR-64A351CA,Georgia Coffee,2026-01-18,MACH-050,Tokyo
SAL-46225075,USR-E0EBCAA9,Georgia Coffee,2025-11-16,MACH-017,Hokkaido
SAL-0CF1C21A,USR-26B53790,Georgia Coffee,2026-02-10,MACH-037,Kyoto
SAL-FFFFDD5A,USR-69280EE6,Water,2025-11-19,MACH-042,Tokyo
SAL-10BCFE96,USR-49A35BE3,Coca-Cola,2025-09-11,MACH-030,Saitama
SAL-137D9DB6,USR-87BCA48F,Georgia Coffee,2025-12-02,MACH-001,Hyogo
SAL-5FDFAAD1,USR-A6473A39,Coca-Cola,2025-11-17,MACH-027,Saitama
SAL-E1ACBA99,USR-B7BC5949,Georgia Coffee,2025-12-13,MACH-033,Tokyo
SAL-5DA0E816,USR-F8E3BA8A,Georgia Coffee,2026-01-15,MACH-033,Tokyo
SAL-98B2A8EC,USR-13FC0DF2,Georgia Coffee,2025-10-03,MACH-032,Aichi
SAL-0963A73C,USR-A56BF1D5,Georgia Coffee,2026-02-17,MACH-017,Hokkaido
SAL-72807500,USR-487BD7ED,Georgia Coffee,2025-12-06,MACH-020,Fukuoka
SAL-0BD402FB,USR-2AC752CE,Georgia Coffee,2025-10-18,MACH-035,Osaka
SAL-4A4A85FB,USR-CAD781E9,Georgia Coffee,2025-12-23,MACH-043,Chiba
SAL-10EB7279,USR-1EC10A79,Georgia Coffee,2025-10-07,MACH-023,Saitama
SAL-688AA393,USR-A52F6A51,Georgia Coffee,2025-10-22,MACH-008,Osaka
SAL-441634F4,USR-003C88E0,Water,2025-10-06,MACH-026,Aichi
SAL-D1F5BFAE,USR-F96408B3,Georgia Coffee,2025-09-10,MACH-011,Osaka
SAL-0A6FB836,USR-6549D451,Georgia Coffee,2026-01-02,MACH-043,Chiba
SAL-0DC23E8B,USR-E5B237A6,Water,2026-01-05,MACH-036,Kyoto
SAL-DD78994D,USR-42A1B969,Water,2025-10-04,MACH-021,Fukuoka
SAL-4AE760A0,USR-2941F913,Fanta,2025-12-13,MACH-033,Tokyo
SAL-59CEA9ED,USR-8C79D607,Georgia Coffee,2025-12-10,MACH-007,Fukuoka
SAL-CD49C813,USR-122FABF9,Georgia Coffee,2025-10-11,MACH-049,Tokyo
SAL-8CF47F77,USR-BF0CDBD4,Coca-Cola,2025-11-28,MACH-028,Kanagawa
SAL-5D943674,USR-2D01E1CC,Georgia Coffee,2025-09-04,MACH-028,Kanagawa
SAL-A902BBD0,USR-1965E406,Georgia Coffee,2026-01-04,MACH-006,Fukuoka
SAL-B5E365A6,USR-B6FA48D1,Georgia Coffee,2026-02-07,MACH-010,Hokkaido
SAL-56DB7D4F,USR-807549A0,Georgia Coffee,2025-11-04,MACH-018,Chiba
SAL-BC67F005,USR-F1FAF409,Coca-Cola,2025-11-08,MACH-045,Tokyo
SAL-A4DAFDDF,USR-1AAF82F9,Coca-Cola,2025-12-20,MACH-007,Fukuoka
SAL-4EBE52CB,USR-8213053B,Coca-Cola,2026-02-05,MACH-043,Chiba
SAL-97A703FA,USR-77BEF251,Georgia Coffee,2025-10-30,MACH-008,Osaka
SAL-39CE4F36,USR-BF611AA1,Georgia Coffee,2025-11-11,MACH-013,Fukuoka
SAL-BAB1DBC5,USR-AE8182EF,Georgia Coffee,2025-10-23,MACH-006,Fukuoka
SAL-DC9A5D7A,USR-1537258D,Coca-Cola,2025-12-15,MACH-034,Kanagawa
SAL-902D8527,USR-D34E6306,Georgia Coffee,2025-10-31,MACH-015,Tokyo
SAL-E22007CA,USR-BF611AA1,Water,2025-09-17,MACH-033,Tokyo
SAL-A028CF60,USR-9812736F,Georgia Coffee,2025-11-18,MACH-008,Osaka
SAL-A471C5A8,USR-A116DF55,Georgia Coffee,2025-11-30,MACH-046,Saitama
SAL-C2E2EDDF,USR-7FE66F80,Water,2025-09-14,MACH-004,Chiba
SAL-A3BE14D9,USR-94C49A15,Georgia Coffee,2025-10-26,MACH-019,Chiba
SAL-44364D21,USR-719D3C88,Georgia Coffee,2026-02-04,MACH-007,Fukuoka
SAL-09064D92,USR-3C538E28,Georgia Coffee,2026-01-05,MACH-024,Tokyo
SAL-2235D95D,USR-E59188C4,Water,2025-09-26,MACH-043,Chiba
SAL-C35FEE01,USR-3BDB8A12,Water,2025-10-05,MACH-022,Hokkaido
SAL-8424D61A,USR-C9DC4C03,Coca-Cola,2025-12-03,MACH-048,Osaka
SAL-A8642B52,USR-122FABF9,Coca-Cola,2026-02-03,MACH-024,Tokyo
SAL-57B4C215,USR-9175B165,Georgia Coffee,2025-10-25,MACH-038,Hokkaido
SAL-79BAEE3E,USR-5860A001,Georgia Coffee,2025-09-29,MACH-044,Kyoto
SAL-DD56C9CA,USR-97253F75,Georgia Coffee,2026-02-16,MACH-034,Kanagawa
SAL-CFD8232A,USR-5AD403AF,Georgia Coffee,2026-01-19,MACH-040,Aichi
SAL-505C4348,USR-71FFFEE9,Georgia Coffee,2026-01-01,MACH-049,Tokyo
SAL-883C1E1C,USR-BE2283DC,Georgia Coffee,2025-10-11,MACH-003,Kyoto
SAL-92F5E0CD,USR-9B96BE1B,Water,2026-01-20,MACH-046,Saitama
SAL-D813780D,USR-6433ED22,Coca-Cola,2026-01-23,MACH-023,Saitama
SAL-0DA8F052,USR-9F0F60CA,Coca-Cola,2025-10-02,MACH-028,Kanagawa
SAL-FF27A085,USR-C31D2317,Georgia Coffee,2026-01-14,MACH-033,Tokyo
SAL-D827D259,USR-D0B37222,Fanta,2026-02-02,MACH-018,Chiba
SAL-73ADF9D8,USR-02007186,Coca-Cola,2025-11-15,MACH-003,Kyoto
SAL-F31D221D,USR-2847C466,Georgia Coffee,2026-02-26,MACH-013,Fukuoka
SAL-DE740389,USR-0232338A,Georgia Coffee,2026-01-16,MACH-033,Tokyo
SAL-5389A065,USR-75B9E992,Georgia Coffee,2025-12-23,MACH-049,Tokyo
SAL-48F4FA44,USR-5C26D66C,Georgia Coffee,2025-12-10,MACH-026,Aichi
SAL-4761798E,USR-41119228,Coca-Cola,2025-10-19,MACH-001,Hyogo
SAL-BC763424,USR-6FC1024D,Water,2026-01-31,MACH-045,Tokyo
SAL-97BA3636,USR-BFA467A3,Georgia Coffee,2026-01-11,MACH-039,Hokkaido
SAL-1FF00F4D,USR-B12109BF,Georgia Coffee,2025-10-28,MACH-019,Chiba
SAL-DF282308,USR-0ABF0AD6,Georgia Coffee,2025-10-02,MACH-011,Osaka
SAL-8A26FDE0,USR-3D3CB991,Coca-Cola,2025-11-01,MACH-019,Chiba
SAL-04D29983,USR-CAE4EAE1,Aquarius,2025-11-12,MACH-004,Chiba
SAL-0713FAFA,USR-C372653A,Georgia Coffee,2025-10-25,MACH-035,Osaka
SAL-B7509AD4,USR-B791CF04,Aquarius,2025-11-29,MACH-041,Tokyo
SAL-DE3CCD46,USR-FFF83EBA,Coca-Cola,2025-11-24,MACH-006,Fukuoka
SAL-C1706BDF,USR-2C7FF485,Georgia Coffee,2026-01-20,MACH-017,Hokkaido
SAL-2817910E,USR-A478E443,Aquarius,2026-02-05,MACH-019,Chiba
SAL-C13F2536,USR-8D0CFA06,Georgia Coffee,2026-02-09,MACH-001,Hyogo
SAL-2AFD8C83,USR-6EEFB044,Coca-Cola,2025-11-12,MACH-002,Hyogo
SAL-45AA04D7,USR-2C7FF485,Coca-Cola,2026-01-29,MACH-007,Fukuoka
SAL-057C0BCB,USR-10298F26,Water,2025-12-08,MACH-042,Tokyo
SAL-937D9D5E,USR-FA7A4B59,Georgia Coffee,2026-02-11,MACH-039,Hokkaido
SAL-92F13F2D,USR-A478E443,Georgia Coffee,2025-12-24,MACH-015,Tokyo
SAL-AFC15ED4,USR-11844527,Water,2026-01-28,MACH-041,Tokyo
SAL-D56F38E2,USR-AAF95268,Georgia Coffee,2025-12-12,MACH-010,Hokkaido
SAL-BC1A1808,USR-190968EF,Fanta,2025-12-22,MACH-024,Tokyo
SAL-EB5145B0,USR-73231438,Coca-Cola,2025-09-25,MACH-032,Aichi
SAL-9AF0E755,USR-37491252,Georgia Coffee,2025-10-17,MACH-015,Tokyo
SAL-D19DFD72,USR-810068EE,Georgia Coffee,2025-11-20,MACH-011,Osaka
SAL-71012057,USR-29112E45,Georgia Coffee,2025-12-11,MACH-044,Kyoto
SAL-96713AD4,USR-BF611AA1,Georgia Coffee,2025-10-08,MACH-005,Saitama
SAL-A67F41E4,USR-1BF97DEB,Coca-Cola,2026-02-14,MACH-026,Aichi
SAL-DCDBA6CE,USR-42A1B969,Water,2025-10-07,MACH-047,Tokyo
SAL-FC2F4F73,USR-2462A127,Georgia Coffee,2026-02-03,MACH-007,Fukuoka
SAL-DEFE2FC0,USR-F6501AA9,Water,2025-09-30,MACH-001,Hyogo
SAL-8EDF4E78,USR-9812736F,Georgia Coffee,2025-09-13,MACH-006,Fukuoka
SAL-96CA936D,USR-E59188C4,Coca-Cola,2026-02-09,MACH-039,Hokkaido
SAL-2BF45A6C,USR-0E1E0EAE,Water,2025-09-04,MACH-007,Fukuoka
SAL-5FDC0218,USR-44978EC5,Georgia Coffee,2025-11-27,MACH-046,Saitama
SAL-AAC5E70D,USR-8EAE3784,Water,2026-01-02,MACH-049,Tokyo
SAL-C55EF72F,USR-26773EB7,Coca-Cola,2025-10-13,MACH-020,Fukuoka
SAL-4FFAA53B,USR-BCFE7342,Coca-Cola,2025-11-03,MACH-004,Chiba
SAL-B64F8120,USR-929A9B99,Georgia Coffee,2026-02-09,MACH-035,Osaka
SAL-9623E360,USR-BCFE7342,Georgia Coffee,2025-09-13,MACH-007,Fukuoka
SAL-B2F92FE0,USR-B80F3E52,Georgia Coffee,2026-01-10,MACH-027,Saitama
SAL-C2EDECE1,USR-A16B62A5,Georgia Coffee,2025-10-29,MACH-002,Hyogo
SAL-A4DCFF57,USR-F32FBBD6,Fanta,2025-10-09,MACH-018,Chiba
SAL-AA7FCC5E,USR-98380C97,Coca-Cola,2025-12-09,MACH-044,Kyoto
SAL-26F279DA,USR-CB6ABB03,Aquarius,2025-09-30,MACH-032,Aichi
SAL-8C43587C,USR-02007186,Fanta,2025-10-29,MACH-007,Fukuoka
SAL-60917503,USR-87BCA48F,Georgia Coffee,2025-12-02,MACH-005,Saitama
SAL-73DA663C,USR-C4222950,Georgia Coffee,2025-12-03,MACH-006,Fukuoka
SAL-41E999E3,USR-B204FD30,Georgia Coffee,2025-10-10,MACH-026,Aichi
SAL-64E2D631,USR-8D00C52C,Coca-Cola,2025-12-19,MACH-010,Hokkaido
SAL-845F94D7,USR-B587B453,Georgia Coffee,2025-11-18,MACH-040,Aichi
SAL-FA47DAF6,USR-BB134570,Coca-Cola,2025-09-28,MACH-018,Chiba
SAL-1653AF32,USR-2AC752CE,Fanta,2025-12-05,MACH-017,Hokkaido
SAL-949FB892,USR-E0867546,Fanta,2025-09-21,MACH-001,Hyogo
SAL-462A36B8,USR-190968EF,Georgia Coffee,2025-10-10,MACH-025,Saitama
SAL-C4E41815,USR-6A471CB9,Coca-Cola,2026-01-02,MACH-005,Saitama
SAL-4DA0820D,USR-F28D3253,Georgia Coffee,2025-11-12,MACH-010,Hokkaido
SAL-84F3148E,USR-882C49DC,Georgia Coffee,2025-10-04,MACH-012,Tokyo
SAL-9FDE7566,USR-06FC311A,Aquarius,2025-12-19,MACH-031,Tokyo
SAL-DA551390,USR-0A72FAE9,Georgia Coffee,2026-02-03,MACH-041,Tokyo
SAL-B98FFA05,USR-9175B165,Georgia Coffee,2026-02-16,MACH-016,Aichi
SAL-99D4BAFD,USR-5E99562D,Georgia Coffee,2026-01-07,MACH-035,Osaka
SAL-09A2EF7B,USR-9175B165,Georgia Coffee,2026-01-17,MACH-015,Tokyo
SAL-A7D4B475,USR-F22D56C7,Coca-Cola,2025-12-18,MACH-034,Kanagawa
SAL-CF00E0C1,USR-0AE853FE,Georgia Coffee,2025-10-28,MACH-045,Tokyo
SAL-B9CB41B2,USR-373ABD98,Georgia Coffee,2025-09-02,MACH-014,Aichi
SAL-AD64A67A,USR-BFA1DFA4,Georgia Coffee,2026-01-22,MACH-031,Tokyo
SAL-829F24DE,USR-76D1D3FE,Coca-Cola,2025-09-30,MACH-004,Chiba
SAL-7F0E0C34,USR-0E004C2A,Georgia Coffee,2025-10-07,MACH-019,Chiba
SAL-BF10E13B,USR-20B0C635,Georgia Coffee,2026-01-21,MACH-027,Saitama
SAL-0CE13AB3,USR-ABE55C10,Georgia Coffee,2025-10-29,MACH-004,Chiba
SAL-B21B5331,USR-6CC5A636,Georgia Coffee,2026-02-27,MACH-046,Saitama
SAL-2096A9A4,USR-23E9C01D,Coca-Cola,2025-09-08,MACH-045,Tokyo
SAL-55F734A9,USR-BC61D898,Water,2025-09-15,MACH-045,Tokyo
SAL-457F9D70,USR-E144F880,Coca-Cola,2025-09-20,MACH-031,Tokyo
SAL-B2E3EF9E,USR-190968EF,Georgia Coffee,2025-10-12,MACH-002,Hyogo
SAL-7D58AB31,USR-3DFF8801,Georgia Coffee,2025-09-22,MACH-016,Aichi
SAL-E12DBE78,USR-02361EDF,Georgia Coffee,2025-12-17,MACH-010,Hokkaido
SAL-DD4137D6,USR-B710EEFF,Coca-Cola,2025-10-07,MACH-048,Osaka
SAL-9A3553B3,USR-6E85A692,Coca-Cola,2025-11-17,MACH-031,Tokyo
SAL-A63AC920,USR-06FC311A,Georgia Coffee,2025-12-24,MACH-042,Tokyo
SAL-44C5D48E,USR-5D94DB19,Fanta,2025-09-30,MACH-010,Hokkaido
SAL-8AC3306C,USR-42A1B969,Georgia Coffee,2025-09-10,MACH-039,Hokkaido
SAL-1C50D141,USR-4D0AD1D6,Water,2025-10-13,MACH-001,Hyogo
SAL-F5AAFC05,USR-381CF2B0,Coca-Cola,2026-02-23,MACH-020,Fukuoka
SAL-6DF5F4DF,USR-A16B62A5,Georgia Coffee,2025-11-19,MACH-046,Saitama
SAL-5D514142,USR-0C7189C7,Georgia Coffee,2025-10-12,MACH-018,Chiba
SAL-88FFCACC,USR-7B1ECD3F,Coca-Cola,2025-12-07,MACH-009,Tokyo
SAL-F6C2E8DC,USR-B856DC04,Water,2025-10-28,MACH-026,Aichi
SAL-E272CF2D,USR-296C1D26,Georgia Coffee,2026-01-23,MACH-039,Hokkaido
SAL-03F1F54F,USR-CAE4EAE1,Georgia Coffee,2026-02-26,MACH-047,Tokyo
SAL-7D1A3E0A,USR-46D25772,Water,2025-12-08,MACH-011,Osaka
SAL-8CD9749D,USR-8ED23E53,Georgia Coffee,2026-02-14,MACH-028,Kanagawa
SAL-5FD26FBB,USR-19498748,Water,2025-09-28,MACH-005,Saitama
SAL-72AFC12A,USR-5F4BB9BB,Georgia Coffee,2025-11-26,MACH-002,Hyogo
SAL-9D652262,USR-9E0BB6BF,Georgia Coffee,2026-01-18,MACH-007,Fukuoka
SAL-CDF1109F,USR-25AFF62D,Georgia Coffee,2025-09-04,MACH-049,Tokyo
SAL-C7E22E07,USR-2E171F95,Georgia Coffee,2026-01-21,MACH-003,Kyoto
SAL-05E75589,USR-9D919DA6,Coca-Cola,2026-01-25,MACH-037,Kyoto
SAL-853B1E83,USR-5C2FBAA2,Georgia Coffee,2026-01-03,MACH-003,Kyoto
SAL-5EDD31ED,USR-85C8BFC9,Coca-Cola,2025-11-20,MACH-001,Hyogo
SAL-52BC1D15,USR-8ED23E53,Georgia Coffee,2025-12-12,MACH-033,Tokyo
SAL-EAC2ED95,USR-85C8BFC9,Aquarius,2025-12-11,MACH-047,Tokyo
SAL-F2D38F8F,USR-98AC69D2,Georgia Coffee,2026-02-28,MACH-044,Kyoto
SAL-CEB0AAEF,USR-045556D7,Water,2026-01-08,MACH-007,Fukuoka
SAL-42553602,USR-B979DECB,Water,2025-10-10,MACH-002,Hyogo
SAL-C929960A,USR-8A64BE0A,Water,2026-01-02,MACH-038,Hokkaido
SAL-D3E685A2,USR-98B9D98B,Coca-Cola,2025-11-15,MACH-011,Osaka
SAL-27F1F7E3,USR-C255DABD,Aquarius,2025-09-22,MACH-041,Tokyo
SAL-B62179BD,USR-11844527,Coca-Cola,2025-10-31,MACH-014,Aichi
SAL-5897063B,USR-1FCAB73C,Coca-Cola,2025-10-08,MACH-050,Tokyo
SAL-C89FF7AB,USR-61B328E1,Fanta,2026-02-04,MACH-042,Tokyo
SAL-8B69FB8A,USR-D6C2FAB3,Georgia Coffee,2025-11-28,MACH-029,Fukuoka
SAL-B4BBFFB9,USR-E4B0FBF1,Water,2025-11-15,MACH-024,Tokyo
SAL-9ABA3890,USR-E1B112B9,Coca-Cola,2025-12-21,MACH-003,Kyoto
SAL-E24F7316,USR-5F4BB9BB,Georgia Coffee,2026-02-23,MACH-025,Saitama
SAL-6C9A81F1,USR-ACDF3881,Fanta,2026-02-05,MACH-039,Hokkaido
SAL-0F7D7F80,USR-996CC4D5,Georgia Coffee,2026-01-25,MACH-041,Tokyo
SAL-7482D03B,USR-807549A0,Fanta,2025-09-05,MACH-010,Hokkaido
SAL-FC3F53C9,USR-409169AE,Georgia Coffee,2026-01-20,MACH-006,Fukuoka
SAL-3C139CD1,USR-119F4985,Georgia Coffee,2025-11-21,MACH-011,Osaka
SAL-44464BDA,USR-F22D56C7,Coca-Cola,2025-09-19,MACH-018,Chiba
SAL-486F4B3A,USR-A2AFE01A,Water,2025-09-24,MACH-005,Saitama
SAL-C9C7BDC9,USR-766D18A9,Aquarius,2025-12-28,MACH-017,Hokkaido
SAL-D72B0965,USR-97253F75,Georgia Coffee,2025-12-24,MACH-042,Tokyo
SAL-4549565E,USR-7B550EB9,Georgia Coffee,2025-10-03,MACH-037,Kyoto
SAL-4F545086,USR-8A2DBE48,Water,2025-11-14,MACH-026,Aichi
SAL-5E411DA2,USR-8CBB2FBC,Coca-Cola,2026-02-23,MACH-038,Hokkaido
SAL-0B44C92F,USR-93E4096A,Coca-Cola,2025-11-21,MACH-024,Tokyo
SAL-3DC098D0,USR-EC8C373E,Water,2026-01-09,MACH-029,Fukuoka
SAL-A3D8A726,USR-966623B4,Aquarius,2026-02-23,MACH-003,Kyoto
SAL-86FA8850,USR-C31D2317,Georgia Coffee,2025-09-16,MACH-048,Osaka
SAL-CE921585,USR-DFD0624C,Water,2026-01-23,MACH-001,Hyogo
SAL-9217E492,USR-41119228,Coca-Cola,2025-11-15,MACH-025,Saitama
SAL-E1B16D1F,USR-493CDC05,Fanta,2025-09-20,MACH-015,Tokyo
SAL-AB5A8261,USR-15CF548F,Georgia Coffee,2026-02-20,MACH-006,Fukuoka
SAL-10FBDB13,USR-F8E3BA8A,Water,2026-02-13,MACH-035,Osaka
SAL-62E0310B,USR-73231438,Water,2025-09-29,MACH-006,Fukuoka
SAL-42E0C752,USR-507974CF,Georgia Coffee,2025-12-12,MACH-031,Tokyo
SAL-CEBBAC8D,USR-840713B2,Georgia Coffee,2025-11-28,MACH-039,Hokkaido
SAL-AB7F39AA,USR-FBF0FE44,Georgia Coffee,2026-01-01,MACH-008,Osaka
SAL-73E5E9AF,USR-C00B910F,Georgia Coffee,2026-01-19,MACH-010,Hokkaido
SAL-6FB0854A,USR-14FC24AA,Coca-Cola,2026-02-12,MACH-014,Aichi
SAL-B98FC8FA,USR-C31D2317,Georgia Coffee,2026-02-02,MACH-028,Kanagawa
SAL-EBAA8514,USR-46D25772,Georgia Coffee,2026-01-01,MACH-014,Aichi
SAL-DAAC3060,USR-73D06C61,Coca-Cola,2025-09-07,MACH-049,Tokyo
SAL-9772302F,USR-773E79C5,Georgia Coffee,2025-11-05,MACH-041,Tokyo
SAL-0104CBA7,USR-E3F24656,Georgia Coffee,2025-09-19,MACH-018,Chiba
SAL-686E0FA9,USR-E2D89BA5,Georgia Coffee,2025-12-26,MACH-027,Saitama
SAL-B9D2773E,USR-C255DABD,Fanta,2025-11-07,MACH-012,Tokyo
SAL-855075D0,USR-1FCAB73C,Coca-Cola,2025-12-20,MACH-022,Hokkaido
SAL-159E5A40,USR-7656881F,Coca-Cola,2025-10-14,MACH-032,Aichi
SAL-8245862E,USR-23E9C01D,Coca-Cola,2026-02-25,MACH-011,Osaka
SAL-DA8DFBD4,USR-6A285C22,Georgia Coffee,2025-12-01,MACH-045,Tokyo
SAL-8B44D804,USR-C012A5E4,Fanta,2025-09-04,MACH-036,Kyoto
SAL-A117B1C4,USR-74DAD1CF,Coca-Cola,2025-10-22,MACH-005,Saitama
SAL-A058AA33,USR-CFD9D57F,Coca-Cola,2026-02-06,MACH-010,Hokkaido
SAL-C26099EE,USR-98B9D98B,Fanta,2025-11-22,MACH-001,Hyogo
SAL-014B203A,USR-AE8182EF,Georgia Coffee,2025-10-09,MACH-032,Aichi
SAL-01EEFD42,USR-EC8C373E,Georgia Coffee,2026-02-21,MACH-027,Saitama
SAL-F52B2156,USR-D368E499,Water,2025-09-02,MACH-029,Fukuoka
SAL-7C8A8AB8,USR-66CDD224,Coca-Cola,2025-10-04,MACH-041,Tokyo
SAL-7D0112A1,USR-725BB1B2,Georgia Coffee,2026-01-28,MACH-007,Fukuoka
SAL-6C54A01C,USR-D0B37222,Coca-Cola,2025-10-20,MACH-027,Saitama
SAL-EA894637,USR-2462A127,Georgia Coffee,2025-10-14,MACH-039,Hokkaido
SAL-3D44F13C,USR-F22D56C7,Fanta,2025-10-25,MACH-013,Fukuoka
SAL-D47E02BA,USR-6875C74B,Georgia Coffee,2025-12-05,MACH-024,Tokyo
SAL-7819A843,USR-9F205CAC,Water,2025-11-19,MACH-033,Tokyo
SAL-E62C0D72,USR-FF29B40F,Aquarius,2026-02-28,MACH-032,Aichi
SAL-C5CC53FD,USR-882C49DC,Georgia Coffee,2025-12-16,MACH-027,Saitama
SAL-6C782399,USR-61B328E1,Aquarius,2026-01-18,MACH-028,Kanagawa
SAL-1240EFB3,USR-7B3A0005,Georgia Coffee,2025-11-26,MACH-008,Osaka
SAL-0E264C2F,USR-773E79C5,Georgia Coffee,2025-12-20,MACH-024,Tokyo
SAL-C0363EAD,USR-27DCB28D,Georgia Coffee,2025-10-13,MACH-035,Osaka
SAL-2CC1EC90,USR-4407CE18,Georgia Coffee,2026-02-17,MACH-045,Tokyo
SAL-392B0E14,USR-966623B4,Fanta,2025-11-13,MACH-045,Tokyo
SAL-8C60E515,USR-08AF2072,Fanta,2025-09-27,MACH-006,Fukuoka
SAL-597BA4B6,USR-6875C74B,Water,2025-09-24,MACH-042,Tokyo
SAL-E754A089,USR-996CC4D5,Coca-Cola,2025-12-16,MACH-007,Fukuoka
SAL-0315CB02,USR-1BF97DEB,Coca-Cola,2026-02-08,MACH-035,Osaka
SAL-405033AC,USR-08AF2072,Georgia Coffee,2026-01-08,MACH-038,Hokkaido
SAL-BA5FA6A4,USR-7210012C,Georgia Coffee,2025-11-15,MACH-027,Saitama
SAL-9EE388D8,USR-BCE142DC,Georgia Coffee,2025-12-27,MACH-036,Kyoto
SAL-ADBD5D41,USR-5891707E,Fanta,2025-12-31,MACH-008,Osaka
SAL-026860CB,USR-50FAFF7B,Water,2025-12-29,MACH-027,Saitama
SAL-7D64B0EB,USR-4D0AD1D6,Georgia Coffee,2026-03-01,MACH-048,Osaka
SAL-4142BEF3,USR-931EC15B,Georgia Coffee,2025-12-06,MACH-015,Tokyo
SAL-C0CA4B72,USR-9CF1DB44,Water,2026-02-17,MACH-017,Hokkaido
SAL-0F0C9EDF,USR-2E171F95,Georgia Coffee,2025-12-17,MACH-044,Kyoto
SAL-5B92E76D,USR-D558FE90,Georgia Coffee,2025-12-17,MACH-003,Kyoto
SAL-FA4EE9DF,USR-9F205CAC,Coca-Cola,2025-12-06,MACH-034,Kanagawa
SAL-46D4379E,USR-5024AB28,Fanta,2025-11-22,MACH-022,Hokkaido
SAL-97CA00E7,USR-B7C71473,Aquarius,2025-12-21,MACH-016,Aichi
SAL-3EDABA4F,USR-92263BBF,Georgia Coffee,2025-10-21,MACH-040,Aichi
SAL-064084B5,USR-3EC0898E,Georgia Coffee,2025-09-15,MACH-037,Kyoto
SAL-56DE9FF9,USR-B19F9764,Georgia Coffee,2026-02-11,MACH-025,Saitama
SAL-04C95FF2,USR-41119228,Georgia Coffee,2025-11-22,MACH-034,Kanagawa
SAL-BE919FE4,USR-E92D572D,Georgia Coffee,2025-09-27,MACH-046,Saitama
SAL-56D9BBC7,USR-F22D56C7,Water,2025-10-02,MACH-041,Tokyo
SAL-2968E67E,USR-E144F880,Georgia Coffee,2026-02-09,MACH-017,Hokkaido
SAL-89D20502,USR-C255DABD,Georgia Coffee,2025-11-23,MACH-014,Aichi
SAL-E34AE750,USR-94E49CA8,Coca-Cola,2025-12-22,MACH-001,Hyogo
SAL-0F31BA1E,USR-4A7D1F6A,Water,2025-10-11,MACH-002,Hyogo
SAL-2F5D67DA,USR-BCE142DC,Georgia Coffee,2025-09-22,MACH-037,Kyoto
SAL-9A3ADC74,USR-715D5BB3,Georgia Coffee,2025-10-05,MACH-027,Saitama
SAL-7CCC76BA,USR-8ED23E53,Coca-Cola,2025-10-28,MACH-020,Fukuoka
SAL-268D4EEB,USR-385E96AB,Water,2025-11-03,MACH-047,Tokyo
SAL-00A677FB,USR-1D42BE94,Georgia Coffee,2025-12-07,MACH-004,Chiba
SAL-799444B5,USR-237E8E80,Coca-Cola,2025-10-08,MACH-041,Tokyo
SAL-3B122E77,USR-41E5E064,Georgia Coffee,2026-01-28,MACH-007,Fukuoka
SAL-49CEEFF2,USR-BC61D898,Georgia Coffee,2026-02-01,MACH-008,Osaka
SAL-13B802FE,USR-8CBB2FBC,Georgia Coffee,2025-11-08,MACH-037,Kyoto
SAL-EA195283,USR-1BF97DEB,Coca-Cola,2025-10-25,MACH-026,Aichi
SAL-DDC04DC4,USR-3E6188A3,Coca-Cola,2025-09-07,MACH-027,Saitama
SAL-50F5C469,USR-A3B76148,Coca-Cola,2026-02-09,MACH-005,Saitama
SAL-DB61C826,USR-002BFF17,Fanta,2025-12-07,MACH-021,Fukuoka
SAL-1E854F3D,USR-43263B30,Coca-Cola,2025-10-13,MACH-015,Tokyo
SAL-136E06BC,USR-71203D61,Aquarius,2026-02-04,MACH-003,Kyoto
SAL-7BC6B067,USR-BB1F9A40,Coca-Cola,2025-11-29,MACH-031,Tokyo
SAL-66F989C7,USR-61B328E1,Water,2025-09-03,MACH-011,Osaka
SAL-C9E050AE,USR-237E8E80,Coca-Cola,2025-10-03,MACH-040,Aichi
SAL-8F6B1E7A,USR-8C6D82E4,Georgia Coffee,2025-10-11,MACH-014,Aichi
SAL-D4D0E07D,USR-4374EFE0,Georgia Coffee,2025-10-27,MACH-002,Hyogo
SAL-16002936,USR-F8180FCD,Fanta,2025-09-23,MACH-047,Tokyo
SAL-242DF43E,USR-7656881F,Georgia Coffee,2025-11-09,MACH-018,Chiba
SAL-C6C44A75,USR-A5B1C25E,Georgia Coffee,2025-09-25,MACH-023,Saitama
SAL-70A4377C,USR-351F873B,Fanta,2026-01-06,MACH-028,Kanagawa
SAL-54D3EC2E,USR-2D526507,Georgia Coffee,2025-10-21,MACH-017,Hokkaido
SAL-4942A203,USR-658512AC,Coca-Cola,2025-11-12,MACH-026,Aichi
SAL-B432D647,USR-97197B1B,Coca-Cola,2026-01-30,MACH-020,Fukuoka
SAL-EE887617,USR-98380C97,Georgia Coffee,2026-01-04,MACH-028,Kanagawa
SAL-6E37EB8A,USR-F609D268,Water,2026-02-01,MACH-048,Osaka
SAL-D7730E8F,USR-5C26D66C,Georgia Coffee,2026-02-08,MACH-007,Fukuoka
SAL-585B24AA,USR-882C49DC,Georgia Coffee,2025-10-23,MACH-037,Kyoto
SAL-82960431,USR-66CDD224,Georgia Coffee,2026-02-10,MACH-005,Saitama
SAL-8F22F6D5,USR-9B96BE1B,Coca-Cola,2025-09-10,MACH-033,Tokyo
SAL-C7EDDA6B,USR-83C86A52,Water,2025-11-16,MACH-039,Hokkaido
SAL-D5D96C4A,USR-73231438,Water,2026-01-15,MACH-008,Osaka
SAL-038BDE5A,USR-0CC34EE0,Coca-Cola,2025-12-20,MACH-005,Saitama
SAL-3D4DC203,USR-385E96AB,Georgia Coffee,2025-12-06,MACH-010,Hokkaido
SAL-98578852,USR-4173CC88,Georgia Coffee,2025-09-04,MACH-021,Fukuoka
SAL-C64E5ACF,USR-93C8103C,Coca-Cola,2025-11-25,MACH-014,Aichi
SAL-F01FB8A3,USR-818CA7A2,Georgia Coffee,2025-11-23,MACH-015,Tokyo
SAL-8FC107B4,USR-7210012C,Coca-Cola,2025-11-13,MACH-039,Hokkaido
SAL-230DB001,USR-FBF0FE44,Water,2025-09-28,MACH-036,Kyoto
SAL-A4AE766F,USR-43F31FCF,Water,2026-02-20,MACH-005,Saitama
SAL-66209653,USR-7F6AF919,Georgia Coffee,2025-12-18,MACH-044,Kyoto
SAL-933620F6,USR-409169AE,Georgia Coffee,2025-11-22,MACH-037,Kyoto
SAL-1DC19744,USR-5860A001,Georgia Coffee,2025-11-11,MACH-027,Saitama
SAL-396F0DB9,USR-4374EFE0,Coca-Cola,2025-10-15,MACH-039,Hokkaido
SAL-752A4CC1,USR-160C84CD,Georgia Coffee,2025-11-01,MACH-037,Kyoto
SAL-875A19B0,USR-1EC10A79,Fanta,2026-02-13,MACH-037,Kyoto
SAL-23390AD5,USR-FD8C8981,Georgia Coffee,2025-11-13,MACH-009,Tokyo
SAL-5A30B062,USR-3D3CB991,Georgia Coffee,2026-01-16,MACH-034,Kanagawa
SAL-B0425FCD,USR-93C61721,Georgia Coffee,2025-09-06,MACH-005,Saitama
SAL-F6728BA1,USR-63522889,Georgia Coffee,2025-12-17,MACH-047,Tokyo
SAL-C6B1F4D0,USR-E157A9AD,Coca-Cola,2025-11-29,MACH-026,Aichi
SAL-2EC912B2,USR-A2A97C1E,Georgia Coffee,2025-11-21,MACH-032,Aichi
SAL-A182C1DF,USR-664A3267,Georgia Coffee,2025-11-17,MACH-045,Tokyo
SAL-5CA76B6A,USR-E8697D4C,Georgia Coffee,2026-02-13,MACH-008,Osaka
SAL-BDC1C4DE,USR-9076FBB0,Georgia Coffee,2026-02-07,MACH-007,Fukuoka
SAL-4ADEDB3C,USR-E0867546,Water,2025-09-04,MACH-025,Saitama
SAL-6706D522,USR-5024AB28,Georgia Coffee,2025-12-22,MACH-015,Tokyo
SAL-825206D9,USR-1EC10A79,Fanta,2025-12-05,MACH-035,Osaka
SAL-85DCE557,USR-98380C97,Water,2025-09-15,MACH-017,Hokkaido
SAL-914B9EC3,USR-FFF83EBA,Georgia Coffee,2025-09-30,MACH-004,Chiba
SAL-DACE120C,USR-4173CC88,Coca-Cola,2025-11-08,MACH-022,Hokkaido
SAL-4ED4BAD2,USR-1940B78A,Georgia Coffee,2025-12-08,MACH-018,Chiba
SAL-7CDF1E47,USR-0E004C2A,Georgia Coffee,2025-10-07,MACH-038,Hokkaido
SAL-3ED3954B,USR-31D7E8A6,Coca-Cola,2025-11-22,MACH-010,Hokkaido
SAL-448F7996,USR-AAF95268,Coca-Cola,2025-12-16,MACH-041,Tokyo
SAL-E1F67485,USR-2E171F95,Coca-Cola,2026-01-13,MACH-034,Kanagawa
SAL-B99135BB,USR-BF0CDBD4,Georgia Coffee,2026-02-18,MACH-032,Aichi
SAL-9B0114A6,USR-C255DABD,Georgia Coffee,2026-01-03,MACH-015,Tokyo
SAL-8E8FF571,USR-93E4096A,Georgia Coffee,2025-11-16,MACH-046,Saitama
SAL-D3B31495,USR-37491252,Coca-Cola,2025-11-03,MACH-043,Chiba
SAL-8013CFD0,USR-3DFF8801,Georgia Coffee,2025-10-24,MACH-045,Tokyo
SAL-4E6B1A7C,USR-7210012C,Georgia Coffee,2026-01-06,MACH-004,Chiba
SAL-C2944411,USR-7FCEC881,Coca-Cola,2025-10-27,MACH-030,Saitama
SAL-3796F9B7,USR-E6D96DC4,Coca-Cola,2025-11-28,MACH-014,Aichi
SAL-D260AEFF,USR-EE8BC195,Georgia Coffee,2026-01-15,MACH-033,Tokyo
SAL-6EDD56F3,USR-664A3267,Coca-Cola,2025-11-20,MACH-046,Saitama
SAL-DFBB7D21,USR-37748CF0,Georgia Coffee,2026-01-09,MACH-007,Fukuoka
SAL-F6D16782,USR-BF0CDBD4,Georgia Coffee,2025-12-04,MACH-025,Saitama
SAL-D00EEAD5,USR-71FFFEE9,Coca-Cola,2026-02-07,MACH-033,Tokyo
SAL-E5C014AD,USR-FBF0FE44,Georgia Coffee,2025-10-20,MACH-005,Saitama
SAL-3830CC2C,USR-A22D6DAF,Water,2026-02-24,MACH-020,Fukuoka
SAL-7EE58712,USR-190968EF,Georgia Coffee,2026-02-14,MACH-007,Fukuoka
SAL-00225C32,USR-41E5E064,Georgia Coffee,2025-09-29,MACH-048,Osaka
SAL-94A7C467,USR-7FE66F80,Georgia Coffee,2025-12-28,MACH-036,Kyoto
SAL-71271ACC,USR-71203D61,Fanta,2025-12-01,MACH-017,Hokkaido
SAL-CD83DD3F,USR-2847C466,Coca-Cola,2025-09-23,MACH-011,Osaka
SAL-3F3F3691,USR-46D25772,Georgia Coffee,2026-01-10,MACH-022,Hokkaido
SAL-2933FE99,USR-6C3A2676,Coca-Cola,2025-12-05,MACH-007,Fukuoka
SAL-5D7A0BDF,USR-773E79C5,Coca-Cola,2025-12-19,MACH-031,Tokyo
SAL-95B8B667,USR-8CD2F075,Georgia Coffee,2026-01-15,MACH-039,Hokkaido
SAL-CB670CC2,USR-6C3A2676,Water,2025-09-29,MACH-044,Kyoto
SAL-95FA0C53,USR-7388A60E,Georgia Coffee,2025-09-30,MACH-015,Tokyo
SAL-C766BF42,USR-6549D451,Georgia Coffee,2025-09-11,MACH-037,Kyoto
SAL-F60D307A,USR-7FEB7CCB,Georgia Coffee,2026-01-16,MACH-007,Fukuoka
SAL-0D31DECF,USR-198BDD3B,Georgia Coffee,2026-02-07,MACH-045,Tokyo
SAL-2B315E59,USR-A69085FD,Coca-Cola,2025-12-11,MACH-007,Fukuoka
SAL-CF955B7E,USR-E5B237A6,Georgia Coffee,2026-02-26,MACH-018,Chiba
SAL-E2BC0778,USR-E2E7B313,Water,2025-10-24,MACH-044,Kyoto
SAL-4191BE27,USR-91C6EA12,Water,2025-09-26,MACH-045,Tokyo
SAL-5A2D0656,USR-5024AB28,Georgia Coffee,2026-02-25,MACH-016,Aichi
SAL-448DC731,USR-715D5BB3,Georgia Coffee,2025-09-19,MACH-011,Osaka
SAL-5D3BCAA4,USR-A13CBA50,Georgia Coffee,2025-12-27,MACH-010,Hokkaido
SAL-422FF1D5,USR-3C538E28,Georgia Coffee,2026-01-01,MACH-028,Kanagawa
SAL-0A6650F7,USR-5024AB28,Coca-Cola,2025-11-08,MACH-005,Saitama
SAL-65CD846D,USR-882C49DC,Aquarius,2025-09-04,MACH-039,Hokkaido
SAL-2357C876,USR-DBCAA803,Water,2026-01-29,MACH-001,Hyogo
SAL-C3EB8B2E,USR-4B165E46,Water,2025-12-31,MACH-008,Osaka
SAL-3F9F6DFC,USR-64A351CA,Water,2026-01-25,MACH-044,Kyoto
SAL-B100E588,USR-99E1CD38,Coca-Cola,2026-01-14,MACH-033,Tokyo
SAL-9AE7B6E8,USR-7A115B9E,Water,2025-09-26,MACH-007,Fukuoka
SAL-CB3E0F80,USR-B7BC5949,Coca-Cola,2025-11-26,MACH-029,Fukuoka
SAL-41F4FDED,USR-D61D385F,Georgia Coffee,2026-01-19,MACH-017,Hokkaido
SAL-9E904CDC,USR-63522889,Coca-Cola,2025-12-04,MACH-027,Saitama
SAL-BEAECA98,USR-77730124,Georgia Coffee,2026-01-12,MACH-044,Kyoto
SAL-9D8F21A9,USR-B19F9764,Coca-Cola,2026-02-24,MACH-034,Kanagawa
SAL-023FDB9B,USR-460F5C8D,Georgia Coffee,2025-10-09,MACH-027,Saitama
SAL-47E3C706,USR-F22D56C7,Water,2025-10-08,MACH-019,Chiba
SAL-B43E2620,USR-E9B3F4DD,Coca-Cola,2025-12-21,MACH-024,Tokyo
SAL-D06091AA,USR-8E99A38C,Georgia Coffee,2025-10-21,MACH-025,Saitama
SAL-117ECBDE,USR-12138CF9,Coca-Cola,2025-11-11,MACH-041,Tokyo
SAL-C9911BAB,USR-9B4D256D,Georgia Coffee,2025-12-26,MACH-034,Kanagawa
SAL-52C192EA,USR-626BEA3B,Coca-Cola,2026-02-22,MACH-023,Saitama
SAL-DF6B7682,USR-A52F6A51,Georgia Coffee,2025-11-11,MACH-020,Fukuoka
SAL-3F2916F8,USR-5AD403AF,Water,2026-01-13,MACH-045,Tokyo
SAL-B39F1DD4,USR-B2C01602,Georgia Coffee,2025-10-03,MACH-028,Kanagawa
SAL-3F8E2D3A,USR-41E5E064,Aquarius,2025-11-29,MACH-019,Chiba
SAL-ECAF3F95,USR-190968EF,Georgia Coffee,2026-01-07,MACH-044,Kyoto
SAL-205901BA,USR-23E9C01D,Georgia Coffee,2025-10-10,MACH-034,Kanagawa
SAL-188FA408,USR-C39FA022,Georgia Coffee,2026-01-22,MACH-043,Chiba
SAL-11AC437B,USR-60CBC8E5,Georgia Coffee,2025-11-14,MACH-005,Saitama
SAL-A69BAE9E,USR-D13BC615,Georgia Coffee,2025-12-27,MACH-003,Kyoto
SAL-749BC683,USR-46D25772,Georgia Coffee,2026-01-31,MACH-008,Osaka
SAL-6AAA421E,USR-882C49DC,Water,2025-09-03,MACH-028,Kanagawa
SAL-8C570343,USR-1CF16CBD,Georgia Coffee,2025-09-02,MACH-004,Chiba
SAL-A12E4601,USR-6019061F,Fanta,2025-11-13,MACH-033,Tokyo
SAL-65BC0DDC,USR-0C656821,Georgia Coffee,2026-01-23,MACH-010,Hokkaido
SAL-BA8A71D2,USR-8F767464,Georgia Coffee,2025-11-10,MACH-010,Hokkaido
SAL-DE7EAE28,USR-64A351CA,Georgia Coffee,2026-01-29,MACH-006,Fukuoka
SAL-500ED2FB,USR-536D55BF,Georgia Coffee,2026-01-01,MACH-049,Tokyo
SAL-C7CFA901,USR-8D00C52C,Georgia Coffee,2025-12-13,MACH-007,Fukuoka
SAL-AC51E3F1,USR-CB985182,Georgia Coffee,2025-11-18,MACH-039,Hokkaido
SAL-7B31DE85,USR-7FD9C590,Georgia Coffee,2025-12-22,MACH-044,Kyoto
SAL-EDDC1F30,USR-1CF16CBD,Georgia Coffee,2026-01-28,MACH-016,Aichi
SAL-C8DA9C91,USR-1D689D3B,Coca-Cola,2026-01-21,MACH-006,Fukuoka
SAL-E08692D7,USR-C012A5E4,Water,2026-02-09,MACH-029,Fukuoka
SAL-708A51EC,USR-D6139D03,Georgia Coffee,2025-12-22,MACH-007,Fukuoka
SAL-14B45971,USR-045556D7,Fanta,2026-02-26,MACH-021,Fukuoka
SAL-5B101CB3,USR-003C88E0,Fanta,2025-12-02,MACH-035,Osaka
SAL-70CB1807,USR-6BC5A2C9,Georgia Coffee,2025-12-29,MACH-002,Hyogo
SAL-DF6CC210,USR-0D026F77,Georgia Coffee,2025-12-18,MACH-006,Fukuoka
SAL-4B393382,USR-D7540919,Georgia Coffee,2025-11-18,MACH-016,Aichi
SAL-65F8AC03,USR-BCFE7342,Fanta,2025-10-04,MACH-040,Aichi
SAL-D29CB63D,USR-0D026F77,Water,2025-11-16,MACH-004,Chiba
SAL-82BBBFDF,USR-1F9B0ABA,Georgia Coffee,2025-10-04,MACH-026,Aichi
SAL-4CD7D70E,USR-44978EC5,Georgia Coffee,2026-01-12,MACH-030,Saitama
SAL-47B462C2,USR-0A72FAE9,Coca-Cola,2026-02-15,MACH-007,Fukuoka
SAL-DC81798E,USR-7656881F,Coca-Cola,2025-11-15,MACH-037,Kyoto
SAL-FD81C9E0,USR-337DA9CD,Coca-Cola,2025-09-17,MACH-008,Osaka
SAL-A151C9E4,USR-2AD1EFA6,Georgia Coffee,2026-01-10,MACH-048,Osaka
SAL-CA63D215,USR-6CC5A636,Coca-Cola,2025-10-24,MACH-034,Kanagawa
SAL-00B13C9B,USR-8E99A38C,Water,2026-01-06,MACH-049,Tokyo
SAL-158438F5,USR-CB985182,Coca-Cola,2025-11-18,MACH-041,Tokyo
SAL-16DA6340,USR-E4B0FBF1,Water,2025-09-03,MACH-032,Aichi
SAL-748BC39A,USR-80DF6F51,Georgia Coffee,2025-10-01,MACH-005,Saitama
SAL-42B0920F,USR-98AC69D2,Georgia Coffee,2025-10-02,MACH-034,Kanagawa
SAL-EBFB8A96,USR-E79B3EA6,Water,2025-09-28,MACH-031,Tokyo
SAL-EBC1D920,USR-95101C30,Fanta,2025-12-24,MACH-026,Aichi
SAL-8C1F467E,USR-77730124,Aquarius,2025-11-17,MACH-026,Aichi
SAL-578CA9DA,USR-210BE25B,Water,2025-11-01,MACH-035,Osaka
SAL-72893A75,USR-EE8BC195,Coca-Cola,2026-02-23,MACH-029,Fukuoka
SAL-1C0CB188,USR-989C14B1,Coca-Cola,2025-10-03,MACH-028,Kanagawa
SAL-80F15C05,USR-9F205CAC,Water,2025-10-19,MACH-010,Hokkaido
SAL-A2732F99,USR-3665D7CE,Coca-Cola,2025-11-02,MACH-011,Osaka
SAL-63A37E0E,USR-64A351CA,Coca-Cola,2026-01-19,MACH-022,Hokkaido
SAL-7188863B,USR-A05F75EC,Coca-Cola,2026-01-30,MACH-032,Aichi
SAL-6EE2FC81,USR-1940B78A,Water,2025-12-11,MACH-025,Saitama
SAL-7EA431FB,USR-E6D96DC4,Georgia Coffee,2025-12-29,MACH-027,Saitama
SAL-B2F71FA4,USR-22F8327F,Georgia Coffee,2025-09-09,MACH-019,Chiba
SAL-C801F8EC,USR-D7540919,Georgia Coffee,2025-12-10,MACH-001,Hyogo
SAL-11259F05,USR-8D00C52C,Coca-Cola,2026-02-14,MACH-042,Tokyo
SAL-65F453C6,USR-50FAFF7B,Fanta,2025-12-24,MACH-003,Kyoto
SAL-C10DE8CE,USR-22F8327F,Georgia Coffee,2025-10-07,MACH-030,Saitama
SAL-188B3CDF,USR-A3B76148,Georgia Coffee,2025-10-12,MACH-038,Hokkaido
SAL-088E911E,USR-369816FC,Coca-Cola,2026-03-01,MACH-034,Kanagawa
SAL-D9EF3C55,USR-98B9D98B,Georgia Coffee,2025-10-16,MACH-042,Tokyo
SAL-E85F1C1B,USR-0E004C2A,Coca-Cola,2026-01-24,MACH-022,Hokkaido
SAL-6963C348,USR-739900E1,Water,2025-10-07,MACH-018,Chiba
SAL-91FED856,USR-9F0F60CA,Fanta,2025-11-18,MACH-026,Aichi
SAL-02E2034C,USR-35B9F36D,Fanta,2026-02-14,MACH-031,Tokyo
SAL-A0CA86EB,USR-73231438,Coca-Cola,2026-02-04,MACH-043,Chiba
SAL-726254FC,USR-8F42AE70,Coca-Cola,2026-01-09,MACH-020,Fukuoka
SAL-7FAFA3B1,USR-15CF548F,Coca-Cola,2026-01-30,MACH-038,Hokkaido
SAL-1B139F4C,USR-4B165E46,Georgia Coffee,2025-12-14,MACH-005,Saitama
SAL-F105848D,USR-98AC69D2,Coca-Cola,2025-10-12,MACH-015,Tokyo
SAL-B75D7DA4,USR-E820D24C,Georgia Coffee,2026-01-07,MACH-044,Kyoto
SAL-0CBAAA79,USR-8F767464,Water,2025-10-31,MACH-050,Tokyo
SAL-E9740515,USR-9175B165,Water,2025-09-28,MACH-012,Tokyo
SAL-D6C73E00,USR-BF46D543,Coca-Cola,2025-12-18,MACH-005,Saitama
SAL-2289051B,USR-44CB7D69,Water,2025-10-01,MACH-003,Kyoto
SAL-DB3C47D3,USR-4A2E3634,Coca-Cola,2025-12-24,MACH-049,Tokyo
SAL-309DDDE1,USR-2462A127,Georgia Coffee,2025-09-09,MACH-034,Kanagawa
SAL-8BF2E977,USR-B7C71473,Georgia Coffee,2026-02-12,MACH-037,Kyoto
SAL-870D34F5,USR-EA1B36C8,Coca-Cola,2025-11-05,MACH-032,Aichi
SAL-63231D0A,USR-4CDB33EE,Water,2025-10-29,MACH-013,Fukuoka
SAL-759E1A42,USR-4D52F6DB,Georgia Coffee,2025-10-21,MACH-006,Fukuoka
SAL-C4DD58BA,USR-A65FC6EE,Georgia Coffee,2026-02-20,MACH-007,Fukuoka
SAL-FFCB2490,USR-3BDB8A12,Water,2025-10-07,MACH-001,Hyogo
SAL-E249201E,USR-AE8182EF,Georgia Coffee,2026-01-25,MACH-035,Osaka
SAL-1252F414,USR-B6FA48D1,Fanta,2025-10-19,MACH-044,Kyoto
SAL-C11E8C7A,USR-996CC4D5,Georgia Coffee,2026-02-13,MACH-034,Kanagawa
SAL-D8CB0124,USR-83C86A52,Coca-Cola,2025-10-25,MACH-037,Kyoto
SAL-9654BB31,USR-F4F68580,Georgia Coffee,2025-12-01,MACH-041,Tokyo
SAL-5432B53D,USR-BF611AA1,Water,2025-09-19,MACH-029,Fukuoka
SAL-423ABF65,USR-E157A9AD,Georgia Coffee,2025-09-20,MACH-037,Kyoto
SAL-2002A10D,USR-1BF97DEB,Georgia Coffee,2026-01-12,MACH-020,Fukuoka
SAL-E8DC30E9,USR-B204FD30,Coca-Cola,2025-10-31,MACH-004,Chiba
SAL-852349DF,USR-2FE3E350,Fanta,2025-09-07,MACH-015,Tokyo
SAL-1CF27BFB,USR-496142B8,Georgia Coffee,2025-11-05,MACH-025,Saitama
SAL-5198B7AC,USR-ACDF3881,Coca-Cola,2025-10-12,MACH-019,Chiba
SAL-0D0BE899,USR-54A1708E,Coca-Cola,2025-11-02,MACH-034,Kanagawa
SAL-C58AF730,USR-4A7D1F6A,Georgia Coffee,2025-11-20,MACH-026,Aichi
SAL-DD7D9849,USR-4D52F6DB,Georgia Coffee,2026-02-27,MACH-008,Osaka
SAL-D760309C,USR-D1B30237,Georgia Coffee,2025-11-08,MACH-042,Tokyo
SAL-7C344920,USR-793BBFE5,Georgia Coffee,2025-12-18,MACH-017,Hokkaido
SAL-DF500F04,USR-97253F75,Water,2025-09-17,MACH-026,Aichi
SAL-5A842E13,USR-8CD2F075,Georgia Coffee,2025-09-17,MACH-016,Aichi
SAL-73DF1CEF,USR-736C23F9,Water,2026-01-24,MACH-040,Aichi
SAL-41926052,USR-D46CAA4A,Coca-Cola,2025-09-11,MACH-023,Saitama
SAL-A2544F74,USR-E5902D2F,Georgia Coffee,2026-02-05,MACH-006,Fukuoka
SAL-2D675687,USR-74DAD1CF,Georgia Coffee,2025-10-05,MACH-018,Chiba
SAL-2D6F3F71,USR-931EC15B,Georgia Coffee,2025-09-11,MACH-032,Aichi
SAL-D73CA995,USR-91C6EA12,Georgia Coffee,2025-11-30,MACH-028,Kanagawa
SAL-A597BDCA,USR-4532CF9F,Georgia Coffee,2025-10-30,MACH-002,Hyogo
SAL-0E39E957,USR-29112E45,Water,2025-10-22,MACH-035,Osaka
SAL-6EF71AF9,USR-BD0F3DC4,Georgia Coffee,2026-02-23,MACH-044,Kyoto
SAL-982A08F1,USR-493CDC05,Coca-Cola,2026-01-03,MACH-004,Chiba
SAL-DA50A1DF,USR-FBCF129D,Georgia Coffee,2026-02-27,MACH-033,Tokyo
SAL-45082857,USR-5206F7E9,Coca-Cola,2025-12-23,MACH-008,Osaka
SAL-012E7E93,USR-381CF2B0,Georgia Coffee,2025-12-05,MACH-033,Tokyo
SAL-C068BFC3,USR-EA095DC6,Georgia Coffee,2025-10-31,MACH-006,Fukuoka
SAL-47A9C794,USR-31D7E8A6,Water,2025-12-16,MACH-048,Osaka
SAL-17440738,USR-4B165E46,Aquarius,2026-01-17,MACH-037,Kyoto
SAL-B73DB07E,USR-675F6CF4,Water,2025-09-05,MACH-047,Tokyo
SAL-37FEB8EA,USR-0B9ABA08,Coca-Cola,2025-09-21,MACH-004,Chiba
SAL-C00B9C5C,USR-1EF21D82,Georgia Coffee,2025-11-13,MACH-003,Kyoto
SAL-85230EA4,USR-45B33E5F,Georgia Coffee,2026-02-16,MACH-016,Aichi
SAL-673596A9,USR-5024E725,Georgia Coffee,2025-12-12,MACH-031,Tokyo
SAL-A44BBB68,USR-1CF16CBD,Fanta,2025-09-21,MACH-005,Saitama
SAL-2CAE3EE1,USR-4ED84E1A,Water,2025-10-24,MACH-032,Aichi
SAL-D062203F,USR-638FD779,Coca-Cola,2025-12-02,MACH-015,Tokyo
SAL-9C3D4D0B,USR-37DCA4A3,Georgia Coffee,2025-12-04,MACH-047,Tokyo
SAL-8430BB7C,USR-1940B78A,Coca-Cola,2025-11-09,MACH-021,Fukuoka
SAL-1E2E067E,USR-74A3A283,Fanta,2025-09-28,MACH-004,Chiba
SAL-7330728D,USR-840713B2,Georgia Coffee,2026-03-01,MACH-040,Aichi
SAL-88307F41,USR-CE353457,Georgia Coffee,2025-10-24,MACH-009,Tokyo
SAL-31AF9298,USR-D7B27CFD,Georgia Coffee,2026-01-21,MACH-014,Aichi
SAL-2B31F1EB,USR-7B4DC62A,Coca-Cola,2025-10-08,MACH-003,Kyoto
SAL-BA3F52D8,USR-664A3267,Fanta,2026-02-15,MACH-049,Tokyo
SAL-6290F5F0,USR-E144F880,Georgia Coffee,2025-09-07,MACH-032,Aichi
SAL-A3A78A37,USR-9175B165,Georgia Coffee,2025-11-12,MACH-038,Hokkaido
SAL-F8D1A152,USR-FBF0FE44,Fanta,2025-09-23,MACH-004,Chiba
SAL-844D1E59,USR-FF81B894,Water,2025-12-09,MACH-032,Aichi
SAL-F3AF1EC1,USR-9D919DA6,Georgia Coffee,2025-12-09,MACH-029,Fukuoka
SAL-A93E7392,USR-14E008F4,Coca-Cola,2025-12-08,MACH-040,Aichi
SAL-795A9EB5,USR-F6501AA9,Coca-Cola,2025-09-10,MACH-035,Osaka
SAL-A0B0456D,USR-0D026F77,Fanta,2025-09-08,MACH-039,Hokkaido
SAL-B40C5574,USR-2D78256C,Georgia Coffee,2025-11-08,MACH-049,Tokyo
SAL-4D85C19B,USR-2941F913,Water,2025-09-09,MACH-022,Hokkaido
SAL-08F7086F,USR-C012A5E4,Coca-Cola,2025-12-22,MACH-028,Kanagawa
SAL-D905D50D,USR-AC90864D,Coca-Cola,2025-09-16,MACH-007,Fukuoka
SAL-3F94EA23,USR-EE8BC195,Aquarius,2026-02-22,MACH-019,Chiba
SAL-77500CC9,USR-326C1F96,Georgia Coffee,2026-01-16,MACH-042,Tokyo
SAL-31791977,USR-4CCAD281,Water,2025-10-13,MACH-025,Saitama
SAL-3D6225C6,USR-13B9AA44,Water,2025-11-01,MACH-009,Tokyo
SAL-0001AF8F,USR-675F6CF4,Water,2025-11-11,MACH-006,Fukuoka
SAL-80F884FC,USR-6A285C22,Georgia Coffee,2025-11-16,MACH-022,Hokkaido
SAL-3A0BB5DA,USR-19498748,Georgia Coffee,2026-02-06,MACH-018,Chiba
SAL-FD035D9A,USR-74D10072,Water,2025-11-05,MACH-042,Tokyo
SAL-118FBF47,USR-9CF1DB44,Coca-Cola,2025-09-05,MACH-008,Osaka
SAL-C0E6F927,USR-44CB7D69,Georgia Coffee,2025-11-23,MACH-017,Hokkaido
SAL-28F0D1B1,USR-4C500264,Georgia Coffee,2025-12-29,MACH-002,Hyogo
SAL-72047439,USR-D13BC615,Coca-Cola,2025-09-11,MACH-041,Tokyo
SAL-1C87A6D5,USR-7FEB7CCB,Water,2026-01-28,MACH-006,Fukuoka
SAL-855576BC,USR-0C656821,Georgia Coffee,2026-01-21,MACH-021,Fukuoka
SAL-40D96D23,USR-807549A0,Water,2025-10-18,MACH-017,Hokkaido
SAL-C909A298,USR-BE2283DC,Georgia Coffee,2025-11-07,MACH-032,Aichi
SAL-65566520,USR-8133C1BD,Coca-Cola,2025-10-16,MACH-010,Hokkaido
SAL-3FAA3C3A,USR-7388A60E,Water,2025-09-14,MACH-015,Tokyo
SAL-13F720EE,USR-931EC15B,Water,2025-10-19,MACH-044,Kyoto
SAL-7E0507F2,USR-7E5321DC,Georgia Coffee,2026-01-28,MACH-021,Fukuoka
SAL-368C7107,USR-A22D6DAF,Water,2025-10-30,MACH-004,Chiba
SAL-AF6DE26F,USR-6875C74B,Coca-Cola,2025-11-07,MACH-017,Hokkaido
SAL-3275733A,USR-2AD1EFA6,Georgia Coffee,2025-12-01,MACH-035,Osaka
SAL-89BBF7A9,USR-638FD779,Georgia Coffee,2025-11-01,MACH-038,Hokkaido
SAL-FA5A7307,USR-A65FC6EE,Georgia Coffee,2025-09-21,MACH-016,Aichi
SAL-DB35AEF6,USR-21C989A3,Georgia Coffee,2025-12-06,MACH-044,Kyoto
SAL-87A667BF,USR-6CC5A636,Georgia Coffee,2025-12-20,MACH-019,Chiba
SAL-7567CADF,USR-3C538E28,Aquarius,2026-02-04,MACH-024,Tokyo
SAL-E5DA306B,USR-93C61721,Fanta,2026-02-15,MACH-024,Tokyo
SAL-5B62B89F,USR-D1B30237,Georgia Coffee,2025-11-16,MACH-040,Aichi
SAL-666DF48F,USR-4532CF9F,Georgia Coffee,2025-09-13,MACH-019,Chiba
SAL-AEDAD740,USR-BC61D898,Coca-Cola,2026-01-31,MACH-002,Hyogo
SAL-C6719B18,USR-198BDD3B,Water,2025-11-21,MACH-033,Tokyo
SAL-F7657772,USR-DB72342F,Georgia Coffee,2026-01-10,MACH-038,Hokkaido
SAL-D3C707B1,USR-24617DD7,Coca-Cola,2025-10-27,MACH-025,Saitama
SAL-6BC60286,USR-41BBD81F,Georgia Coffee,2026-02-17,MACH-047,Tokyo
SAL-3A84245D,USR-02007186,Georgia Coffee,2026-02-15,MACH-006,Fukuoka
SAL-66A85C06,USR-045556D7,Aquarius,2025-10-29,MACH-037,Kyoto
SAL-A887CFB0,USR-8F767464,Georgia Coffee,2026-02-10,MACH-036,Kyoto
SAL-23C28452,USR-B978D0A5,Georgia Coffee,2025-10-03,MACH-034,Kanagawa
SAL-00C94526,USR-E2D89BA5,Georgia Coffee,2025-12-31,MACH-043,Chiba
SAL-18BE7D44,USR-8ED23E53,Water,2025-11-22,MACH-018,Chiba
SAL-106947E1,USR-507974CF,Georgia Coffee,2025-11-16,MACH-016,Aichi
SAL-C0BDE917,USR-8904E8C4,Georgia Coffee,2025-12-03,MACH-015,Tokyo
SAL-A8EBD962,USR-2E171F95,Georgia Coffee,2025-10-01,MACH-045,Tokyo
SAL-8EBA26CA,USR-E157A9AD,Georgia Coffee,2025-12-15,MACH-024,Tokyo
SAL-CE258F00,USR-37748CF0,Georgia Coffee,2026-01-09,MACH-005,Saitama
SAL-DB9D25C5,USR-11F3AD10,Georgia Coffee,2026-01-03,MACH-039,Hokkaido
SAL-40E9892F,USR-42AF9455,Water,2025-12-18,MACH-015,Tokyo
SAL-5FBFE748,USR-37DCA4A3,Water,2025-10-04,MACH-035,Osaka
SAL-05E283C8,USR-37F664F5,Coca-Cola,2025-12-15,MACH-044,Kyoto
SAL-ABA674A6,USR-B2C01602,Georgia Coffee,2026-02-04,MACH-017,Hokkaido
SAL-35B149EB,USR-B02FDFDE,Georgia Coffee,2025-11-21,MACH-008,Osaka
SAL-8388E4A7,USR-6101E920,Georgia Coffee,2026-01-09,MACH-010,Hokkaido
SAL-774A1C22,USR-D558FE90,Georgia Coffee,2025-10-22,MACH-012,Tokyo
SAL-F9209DF6,USR-02361EDF,Georgia Coffee,2025-12-18,MACH-017,Hokkaido
SAL-F28229E1,USR-1BF97DEB,Georgia Coffee,2025-12-31,MACH-048,Osaka
SAL-26E4AC0D,USR-E79B3EA6,Water,2025-09-10,MACH-028,Kanagawa
SAL-D8F38461,USR-381CF2B0,Coca-Cola,2025-09-20,MACH-039,Hokkaido
SAL-1E80D471,USR-2E171F95,Coca-Cola,2025-12-19,MACH-041,Tokyo
SAL-B03A76E7,USR-5206F7E9,Water,2025-10-02,MACH-022,Hokkaido
SAL-370EF868,USR-29112E45,Coca-Cola,2025-11-27,MACH-038,Hokkaido
SAL-1D391DD6,USR-22EF86F5,Fanta,2025-09-13,MACH-005,Saitama
SAL-DAE18A41,USR-8213053B,Georgia Coffee,2025-12-25,MACH-027,Saitama
SAL-9C503252,USR-7F6AF919,Georgia Coffee,2025-12-22,MACH-019,Chiba
SAL-197B9317,USR-E65E15CB,Water,2025-10-06,MACH-047,Tokyo
SAL-F59524E1,USR-93E4096A,Georgia Coffee,2026-01-30,MACH-033,Tokyo
SAL-583212F5,USR-C931D377,Coca-Cola,2025-09-03,MACH-038,Hokkaido
SAL-E470D11D,USR-773E79C5,Georgia Coffee,2026-02-15,MACH-034,Kanagawa
SAL-A860E1AA,USR-E8D0AF1F,Coca-Cola,2026-01-30,MACH-018,Chiba
SAL-A8E931E6,USR-8CD2F075,Georgia Coffee,2025-10-31,MACH-020,Fukuoka
SAL-91C54B3D,USR-5206F7E9,Georgia Coffee,2026-01-24,MACH-034,Kanagawa
SAL-123E5A63,USR-D17F973F,Georgia Coffee,2026-01-10,MACH-028,Kanagawa
SAL-4065381D,USR-A2AFE01A,Fanta,2025-11-22,MACH-049,Tokyo
SAL-3F535486,USR-147E3806,Aquarius,2025-09-12,MACH-048,Osaka
SAL-ED463CA0,USR-41E891D1,Georgia Coffee,2025-10-25,MACH-028,Kanagawa
SAL-D1368F2A,USR-24055F24,Georgia Coffee,2026-02-06,MACH-021,Fukuoka
SAL-5BCA889B,USR-E2E7B313,Georgia Coffee,2025-10-14,MACH-008,Osaka
SAL-46AA821B,USR-810068EE,Georgia Coffee,2025-12-23,MACH-015,Tokyo
SAL-576429F8,USR-31D7E8A6,Georgia Coffee,2025-11-07,MACH-039,Hokkaido
SAL-4110E9D6,USR-FBF0FE44,Georgia Coffee,2025-10-31,MACH-043,Chiba
SAL-11893760,USR-CAD781E9,Coca-Cola,2025-10-24,MACH-036,Kyoto
SAL-5DD7AD22,USR-1AF67160,Fanta,2025-10-15,MACH-002,Hyogo
SAL-238DDD15,USR-60CBC8E5,Georgia Coffee,2026-01-18,MACH-035,Osaka
SAL-16114BBF,USR-5119F1C8,Georgia Coffee,2026-01-05,MACH-002,Hyogo
SAL-A01AF69B,USR-77184FE9,Georgia Coffee,2026-01-26,MACH-028,Kanagawa
SAL-2A83D600,USR-198BDD3B,Coca-Cola,2025-10-04,MACH-008,Osaka
SAL-D98818AB,USR-A6473A39,Georgia Coffee,2025-10-02,MACH-029,Fukuoka
SAL-B5548569,USR-AE8182EF,Georgia Coffee,2025-11-08,MACH-006,Fukuoka
SAL-099DFDD1,USR-E872C046,Georgia Coffee,2025-11-12,MACH-047,Tokyo
SAL-21E8DD4C,USR-1EAA4DD7,Coca-Cola,2025-12-01,MACH-006,Fukuoka
SAL-D78631C2,USR-61CA1E50,Coca-Cola,2025-09-21,MACH-021,Fukuoka
SAL-0EE63991,USR-F1DC1730,Water,2025-11-11,MACH-038,Hokkaido
SAL-03043577,USR-92CA5FBB,Fanta,2026-03-01,MACH-045,Tokyo
SAL-1DEFC771,USR-1BF97DEB,Fanta,2025-09-11,MACH-028,Kanagawa
SAL-EC282983,USR-A52F6A51,Water,2026-01-13,MACH-021,Fukuoka
SAL-6D8A8B47,USR-725BB1B2,Fanta,2026-02-18,MACH-041,Tokyo
SAL-A4934E93,USR-37DCA4A3,Georgia Coffee,2026-02-09,MACH-001,Hyogo
SAL-EF021EBC,USR-F1DC1730,Georgia Coffee,2025-12-07,MACH-015,Tokyo
SAL-C772F720,USR-840713B2,Water,2025-12-31,MACH-010,Hokkaido
SAL-26865208,USR-77BEF251,Georgia Coffee,2026-01-07,MACH-019,Chiba
SAL-55D42C51,USR-460F5C8D,Water,2025-09-24,MACH-034,Kanagawa
SAL-1B13CCC5,USR-4CDB33EE,Georgia Coffee,2025-10-26,MACH-001,Hyogo
SAL-92C08906,USR-119970F8,Coca-Cola,2026-01-22,MACH-040,Aichi
SAL-5D8C355B,USR-4173CC88,Georgia Coffee,2025-09-11,MACH-027,Saitama
SAL-6363246D,USR-4D52F6DB,Georgia Coffee,2025-12-08,MACH-041,Tokyo
SAL-BA5FF46D,USR-C4BA74A2,Coca-Cola,2025-11-30,MACH-031,Tokyo
SAL-61045E70,USR-296C1D26,Georgia Coffee,2025-10-18,MACH-020,Fukuoka
SAL-DC23ABCC,USR-840713B2,Georgia Coffee,2025-11-15,MACH-043,Chiba
SAL-128EFF3D,USR-1AF67160,Georgia Coffee,2026-02-10,MACH-026,Aichi
SAL-FE0D6CAC,USR-98AC69D2,Georgia Coffee,2026-01-03,MACH-019,Chiba
SAL-10D3361E,USR-053007FF,Georgia Coffee,2025-11-14,MACH-027,Saitama
SAL-3FFAF29A,USR-D682F73A,Georgia Coffee,2025-11-04,MACH-043,Chiba
SAL-8B173ACD,USR-7FE66F80,Georgia Coffee,2025-12-29,MACH-021,Fukuoka
SAL-AA2B15AD,USR-496142B8,Georgia Coffee,2026-02-27,MACH-026,Aichi
SAL-31EB6955,USR-B204FD30,Georgia Coffee,2026-01-03,MACH-032,Aichi
SAL-1D393B7F,USR-64A351CA,Georgia Coffee,2025-11-01,MACH-002,Hyogo
SAL-948E8D4F,USR-BF46D543,Coca-Cola,2025-10-27,MACH-027,Saitama
SAL-C50B5EF8,USR-E7A7BC78,Georgia Coffee,2025-11-23,MACH-017,Hokkaido
SAL-94931856,USR-D682F73A,Georgia Coffee,2025-12-11,MACH-029,Fukuoka
SAL-59568434,USR-840713B2,Water,2025-09-15,MACH-018,Chiba
SAL-1888FF46,USR-9F205CAC,Georgia Coffee,2025-11-27,MACH-041,Tokyo
SAL-16BC3209,USR-D97562E8,Coca-Cola,2025-12-25,MACH-027,Saitama
SAL-5A7516A2,USR-E9B3F4DD,Water,2025-10-14,MACH-035,Osaka
SAL-ED156A33,USR-A66BD9CF,Georgia Coffee,2025-09-30,MACH-040,Aichi
SAL-90508185,USR-160C84CD,Fanta,2026-02-03,MACH-035,Osaka
SAL-AF1863DB,USR-F28D3253,Water,2025-09-07,MACH-025,Saitama
SAL-3E020C18,USR-AC90864D,Georgia Coffee,2025-11-26,MACH-023,Saitama
SAL-BCE73671,USR-A3B76148,Coca-Cola,2025-09-14,MACH-034,Kanagawa
SAL-BBAC1EEE,USR-CAD781E9,Coca-Cola,2025-10-22,MACH-011,Osaka
SAL-20A8AE48,USR-E92D572D,Georgia Coffee,2025-10-30,MACH-019,Chiba
SAL-E2AEF8B3,USR-420F237F,Georgia Coffee,2025-12-06,MACH-022,Hokkaido
SAL-3B208864,USR-725BB1B2,Water,2025-11-04,MACH-001,Hyogo
SAL-F0982FCC,USR-2C663A0D,Georgia Coffee,2026-01-14,MACH-007,Fukuoka
SAL-61D37967,USR-61CA1E50,Georgia Coffee,2026-01-04,MACH-003,Kyoto
SAL-43F7FDEE,USR-7E9FC3E4,Water,2025-09-08,MACH-015,Tokyo
SAL-76D649A8,USR-F609D268,Coca-Cola,2025-11-04,MACH-003,Kyoto
SAL-03B83BCA,USR-7B1ECD3F,Georgia Coffee,2025-12-07,MACH-042,Tokyo
SAL-A96F196B,USR-3DFF8801,Georgia Coffee,2025-11-10,MACH-006,Fukuoka
SAL-02175E6F,USR-8F767464,Georgia Coffee,2026-03-01,MACH-049,Tokyo
SAL-BACE4C36,USR-24617DD7,Coca-Cola,2025-09-05,MACH-048,Osaka
SAL-9FDB979D,USR-7BC12352,Coca-Cola,2025-10-10,MACH-007,Fukuoka
SAL-61A6DA9F,USR-EE8BC195,Georgia Coffee,2025-12-11,MACH-013,Fukuoka
SAL-2DAAB36F,USR-351F873B,Coca-Cola,2025-11-23,MACH-028,Kanagawa
SAL-CA302F5B,USR-22F8327F,Georgia Coffee,2025-11-18,MACH-018,Chiba
SAL-88C67653,USR-F22D56C7,Georgia Coffee,2025-11-08,MACH-042,Tokyo
SAL-F073B740,USR-C255DABD,Georgia Coffee,2025-11-15,MACH-028,Kanagawa
SAL-5E40877D,USR-FBF0FE44,Georgia Coffee,2025-12-15,MACH-036,Kyoto
SAL-2EF0A79B,USR-931EC15B,Georgia Coffee,2026-02-28,MACH-035,Osaka
SAL-F3C934CB,USR-B19F9764,Coca-Cola,2025-09-06,MACH-032,Aichi
SAL-B4AF2D92,USR-6F0F2176,Coca-Cola,2025-12-06,MACH-049,Tokyo
SAL-DE080FF7,USR-F22D56C7,Aquarius,2025-12-26,MACH-015,Tokyo
SAL-50F367E4,USR-91C6EA12,Georgia Coffee,2025-12-12,MACH-028,Kanagawa
SAL-4637720B,USR-0A72FAE9,Georgia Coffee,2026-02-13,MACH-020,Fukuoka
SAL-A64F4A37,USR-5C619686,Georgia Coffee,2026-02-10,MACH-006,Fukuoka
SAL-9C9D04B2,USR-C931D377,Georgia Coffee,2025-10-25,MACH-032,Aichi
SAL-DA57C2CE,USR-87BCA48F,Water,2025-10-08,MACH-026,Aichi
SAL-1697B34C,USR-CAD781E9,Coca-Cola,2026-01-13,MACH-047,Tokyo
SAL-11047CB9,USR-807549A0,Coca-Cola,2025-10-31,MACH-004,Chiba
SAL-51623872,USR-337DA9CD,Georgia Coffee,2025-12-16,MACH-020,Fukuoka
SAL-29B27D59,USR-FC35A1BC,Coca-Cola,2025-10-10,MACH-003,Kyoto
SAL-AEDDB621,USR-8133C1BD,Georgia Coffee,2026-02-02,MACH-027,Saitama
SAL-4F2790A7,USR-0D026F77,Georgia Coffee,2026-02-25,MACH-014,Aichi
SAL-1A513FDE,USR-409169AE,Georgia Coffee,2026-01-05,MACH-035,Osaka
SAL-7CFFA7D5,USR-FC35A1BC,Georgia Coffee,2026-02-15,MACH-016,Aichi
SAL-5D994922,USR-B7C71473,Water,2026-01-03,MACH-033,Tokyo
SAL-15FE3C2B,USR-D682F73A,Water,2025-09-22,MACH-007,Fukuoka
SAL-51FD21C8,USR-7CA2DD2B,Georgia Coffee,2025-12-07,MACH-009,Tokyo
SAL-5A1E6686,USR-C05C9F63,Georgia Coffee,2025-10-03,MACH-011,Osaka
SAL-39E5065F,USR-810068EE,Georgia Coffee,2025-10-01,MACH-003,Kyoto
SAL-514EC7F8,USR-70731286,Coca-Cola,2025-10-15,MACH-041,Tokyo
SAL-39DF1C4D,USR-66A7AA62,Coca-Cola,2025-10-07,MACH-048,Osaka
SAL-C693EBA3,USR-A96ED735,Georgia Coffee,2025-12-13,MACH-001,Hyogo
SAL-D4BE2299,USR-FA76A5C7,Water,2025-11-16,MACH-047,Tokyo
SAL-2B1B05BE,USR-CFD9D57F,Coca-Cola,2025-11-10,MACH-034,Kanagawa
SAL-61D9CD97,USR-FF29B40F,Georgia Coffee,2025-12-06,MACH-037,Kyoto
SAL-5BC284BD,USR-73D06C61,Georgia Coffee,2025-11-15,MACH-034,Kanagawa
SAL-E833A778,USR-9AA8FA14,Georgia Coffee,2026-02-06,MACH-046,Saitama
SAL-3D700E41,USR-FFC75C1E,Georgia Coffee,2025-11-05,MACH-031,Tokyo
SAL-1F5AC11D,USR-45C8BBEB,Aquarius,2025-11-25,MACH-048,Osaka
SAL-E55BCDC6,USR-E2D89BA5,Water,2025-10-06,MACH-011,Osaka
SAL-F07C79F6,USR-33FFBC8E,Georgia Coffee,2026-01-01,MACH-001,Hyogo
SAL-99DC266B,USR-9F0F60CA,Aquarius,2025-10-10,MACH-031,Tokyo
SAL-40B7EBA5,USR-736C23F9,Georgia Coffee,2025-09-03,MACH-020,Fukuoka
SAL-9D315076,USR-6EEFB044,Georgia Coffee,2026-02-26,MACH-007,Fukuoka
SAL-B0728075,USR-E4B0FBF1,Coca-Cola,2025-09-26,MACH-004,Chiba
SAL-27AA00E7,USR-5891707E,Coca-Cola,2025-10-12,MACH-005,Saitama
SAL-531A30A5,USR-1D42BE94,Georgia Coffee,2025-10-29,MACH-016,Aichi
SAL-BD0D3FB2,USR-B6FA48D1,Georgia Coffee,2025-12-20,MACH-038,Hokkaido
SAL-67B5B97A,USR-818CA7A2,Georgia Coffee,2026-02-08,MACH-020,Fukuoka
SAL-151CBEAE,USR-658512AC,Coca-Cola,2026-02-17,MACH-011,Osaka
SAL-D860952C,USR-0B9ABA08,Water,2025-11-12,MACH-007,Fukuoka
SAL-0945C24A,USR-807549A0,Georgia Coffee,2026-01-30,MACH-042,Tokyo
SAL-C12F3574,USR-B791CF04,Georgia Coffee,2026-01-27,MACH-050,Tokyo
SAL-EC2CB8DF,USR-25AFF62D,Georgia Coffee,2026-02-06,MACH-043,Chiba
SAL-D432697B,USR-739900E1,Georgia Coffee,2025-10-15,MACH-001,Hyogo
SAL-35840F0D,USR-38451C9C,Water,2025-10-27,MACH-006,Fukuoka
SAL-17BD16A7,USR-97197B1B,Coca-Cola,2025-10-09,MACH-010,Hokkaido
SAL-3F2136A6,USR-3DFF8801,Fanta,2025-09-02,MACH-021,Fukuoka
SAL-AD1FC776,USR-D682F73A,Water,2025-09-15,MACH-034,Kanagawa
SAL-AC9824C0,USR-2C663A0D,Coca-Cola,2025-11-24,MACH-020,Fukuoka
SAL-D5799A61,USR-26B53790,Georgia Coffee,2025-11-02,MACH-036,Kyoto
SAL-81CD3C21,USR-766D18A9,Georgia Coffee,2025-12-09,MACH-046,Saitama
SAL-6C1A4237,USR-C4BA74A2,Georgia Coffee,2026-01-13,MACH-021,Fukuoka
SAL-7869312C,USR-02007186,Georgia Coffee,2026-02-03,MACH-014,Aichi
SAL-F053B359,USR-DB72342F,Georgia Coffee,2026-02-11,MACH-018,Chiba
SAL-407EBE3E,USR-78E6D5B9,Georgia Coffee,2025-12-22,MACH-036,Kyoto
SAL-FF44F97D,USR-5860A001,Coca-Cola,2025-11-05,MACH-044,Kyoto
SAL-4A2899B5,USR-15CF548F,Georgia Coffee,2025-12-22,MACH-042,Tokyo
SAL-7EE2FADE,USR-74A3A283,Coca-Cola,2025-12-04,MACH-030,Saitama
SAL-6F7A2707,USR-137C3A44,Fanta,2025-10-26,MACH-040,Aichi
SAL-B3B27181,USR-4A2E3634,Georgia Coffee,2025-10-20,MACH-025,Saitama
SAL-33748394,USR-8ED23E53,Georgia Coffee,2025-09-04,MACH-039,Hokkaido
SAL-F0348D40,USR-5C619686,Fanta,2025-11-20,MACH-022,Hokkaido
SAL-AFA9E46E,USR-F32FBBD6,Georgia Coffee,2025-11-05,MACH-033,Tokyo
SAL-97C021D4,USR-37491252,Georgia Coffee,2025-11-10,MACH-003,Kyoto
SAL-3CA5D345,USR-9D919DA6,Aquarius,2026-01-02,MACH-026,Aichi
SAL-3F406290,USR-1D42BE94,Coca-Cola,2026-03-01,MACH-017,Hokkaido
SAL-87CE10D6,USR-E0867546,Coca-Cola,2026-01-26,MACH-002,Hyogo
SAL-927CE58E,USR-7E9FC3E4,Georgia Coffee,2025-12-31,MACH-039,Hokkaido
SAL-275B79EE,USR-11A1B6FD,Fanta,2025-10-16,MACH-031,Tokyo
SAL-61EA9C51,USR-0BD71BBC,Georgia Coffee,2026-01-19,MACH-007,Fukuoka
SAL-875475F6,USR-3404A170,Coca-Cola,2026-02-05,MACH-046,Saitama
SAL-D22AF630,USR-95101C30,Georgia Coffee,2025-10-17,MACH-008,Osaka
SAL-F89DC5A5,USR-98AC69D2,Fanta,2025-09-17,MACH-021,Fukuoka
SAL-71E9BA97,USR-0A72FAE9,Water,2025-11-12,MACH-002,Hyogo
SAL-8AE49383,USR-CB6ABB03,Fanta,2025-11-22,MACH-046,Saitama
SAL-285B9F78,USR-E8D0AF1F,Georgia Coffee,2026-01-30,MACH-047,Tokyo
SAL-34155554,USR-FD8C8981,Coca-Cola,2025-09-05,MACH-043,Chiba
SAL-C0F40E3C,USR-BF46D543,Georgia Coffee,2026-02-19,MACH-043,Chiba
SAL-81655AF1,USR-B6FA48D1,Georgia Coffee,2026-01-08,MACH-010,Hokkaido
SAL-D05B362E,USR-9D919DA6,Georgia Coffee,2025-10-16,MACH-029,Fukuoka
SAL-F2610B74,USR-79ABC03E,Georgia Coffee,2025-10-22,MACH-045,Tokyo
SAL-B57B3919,USR-E8697D4C,Water,2026-02-11,MACH-048,Osaka
SAL-DEA712CB,USR-1D42BE94,Coca-Cola,2025-09-02,MACH-020,Fukuoka
SAL-19525A8A,USR-93C8103C,Coca-Cola,2025-10-02,MACH-022,Hokkaido
SAL-B01D7883,USR-2205CE74,Fanta,2026-02-27,MACH-006,Fukuoka
SAL-AA8E0A43,USR-381CF2B0,Georgia Coffee,2025-09-24,MACH-008,Osaka
SAL-77B0A53D,USR-23E9C01D,Georgia Coffee,2025-09-24,MACH-046,Saitama
SAL-0AC9B323,USR-D13BC615,Coca-Cola,2025-10-15,MACH-001,Hyogo
SAL-FE18A1A1,USR-9575A62F,Coca-Cola,2025-12-28,MACH-006,Fukuoka
SAL-7BFF8C48,USR-E144F880,Coca-Cola,2025-11-04,MACH-020,Fukuoka
SAL-04E53E03,USR-0D026F77,Water,2025-10-20,MACH-048,Osaka
SAL-8BE0CAE0,USR-333C6797,Coca-Cola,2025-11-20,MACH-004,Chiba
SAL-9B251124,USR-0DAE4B03,Coca-Cola,2025-10-17,MACH-018,Chiba
SAL-B62A8946,USR-0135B93C,Georgia Coffee,2025-12-16,MACH-015,Tokyo
SAL-A649BABF,USR-BFA467A3,Coca-Cola,2025-10-23,MACH-012,Tokyo
SAL-B6F86869,USR-DBCAA803,Georgia Coffee,2025-11-08,MACH-006,Fukuoka
SAL-DAEF23E2,USR-61B328E1,Georgia Coffee,2025-12-04,MACH-023,Saitama
SAL-17ECBD96,USR-24617DD7,Georgia Coffee,2026-02-10,MACH-044,Kyoto
SAL-3D12162D,USR-DFD0624C,Georgia Coffee,2026-01-29,MACH-025,Saitama
SAL-44ED698C,USR-4CDB33EE,Georgia Coffee,2025-10-25,MACH-045,Tokyo
SAL-2F25B803,USR-119970F8,Georgia Coffee,2026-02-23,MACH-019,Chiba
SAL-956F337D,USR-C7E81044,Coca-Cola,2026-01-08,MACH-036,Kyoto
SAL-15070850,USR-351F873B,Water,2025-11-09,MACH-006,Fukuoka
SAL-0A594D30,USR-4CCAD281,Georgia Coffee,2025-11-07,MACH-014,Aichi
SAL-FCB1C216,USR-43263B30,Coca-Cola,2025-10-01,MACH-034,Kanagawa
SAL-BB6C1C93,USR-9AA8FA14,Coca-Cola,2026-01-01,MACH-025,Saitama
SAL-FB40C7AD,USR-5C511437,Georgia Coffee,2026-02-17,MACH-038,Hokkaido
SAL-6E3A22F4,USR-8213053B,Georgia Coffee,2026-02-28,MACH-007,Fukuoka
SAL-83E1A647,USR-003C88E0,Coca-Cola,2025-09-04,MACH-011,Osaka
SAL-3E46CC57,USR-CFFD9ADB,Georgia Coffee,2025-11-27,MACH-042,Tokyo
SAL-5FF3D469,USR-C39FA022,Georgia Coffee,2025-12-02,MACH-020,Fukuoka
SAL-0904CECC,USR-237E8E80,Georgia Coffee,2025-10-19,MACH-049,Tokyo
SAL-41C4F299,USR-77184FE9,Georgia Coffee,2026-02-06,MACH-033,Tokyo
SAL-DDB2076C,USR-74DAD1CF,Georgia Coffee,2025-11-03,MACH-017,Hokkaido
SAL-1702B277,USR-12138CF9,Georgia Coffee,2025-11-27,MACH-031,Tokyo
SAL-CE69FC55,USR-F6501AA9,Fanta,2025-09-12,MACH-015,Tokyo
SAL-D7ED2014,USR-003C88E0,Georgia Coffee,2026-01-09,MACH-007,Fukuoka
SAL-B27BD1DC,USR-7B1ECD3F,Coca-Cola,2025-11-09,MACH-037,Kyoto
SAL-D0F4BB3D,USR-99E1CD38,Fanta,2025-10-13,MACH-033,Tokyo
SAL-AEBEA170,USR-D368E499,Georgia Coffee,2026-02-01,MACH-045,Tokyo
SAL-6B4D0468,USR-0DAE4B03,Georgia Coffee,2026-01-25,MACH-049,Tokyo
SAL-06377FEC,USR-053007FF,Georgia Coffee,2025-11-26,MACH-004,Chiba
SAL-0001D267,USR-0E004C2A,Georgia Coffee,2025-10-08,MACH-014,Aichi
SAL-1C6BB962,USR-63522889,Georgia Coffee,2025-10-09,MACH-013,Fukuoka
SAL-01C5006C,USR-EE8BC195,Georgia Coffee,2025-10-19,MACH-016,Aichi
SAL-0FA9C399,USR-37DCA4A3,Georgia Coffee,2025-09-25,MACH-047,Tokyo
SAL-05718718,USR-41119228,Georgia Coffee,2026-01-22,MACH-036,Kyoto
SAL-87008B06,USR-E9574BD3,Georgia Coffee,2025-12-31,MACH-036,Kyoto
SAL-9A17C69D,USR-E872C046,Georgia Coffee,2025-10-26,MACH-031,Tokyo
SAL-5F058D0F,USR-20B0C635,Coca-Cola,2025-12-29,MACH-046,Saitama
SAL-6C47E8B5,USR-BE2283DC,Georgia Coffee,2025-09-26,MACH-025,Saitama
SAL-D3CA7327,USR-9A72C9F3,Georgia Coffee,2025-10-06,MACH-026,Aichi
SAL-B8A91862,USR-B6FA48D1,Water,2025-11-13,MACH-044,Kyoto
SAL-969C6CAE,USR-5E99562D,Georgia Coffee,2026-02-01,MACH-026,Aichi
SAL-686F4882,USR-337DA9CD,Fanta,2026-01-05,MACH-043,Chiba
SAL-D9091737,USR-810068EE,Water,2025-09-08,MACH-015,Tokyo
SAL-C34F0D2F,USR-19498748,Georgia Coffee,2025-11-01,MACH-024,Tokyo
SAL-91CF6AA6,USR-1AF67160,Water,2025-09-02,MACH-040,Aichi
SAL-208620FC,USR-11F3AD10,Georgia Coffee,2025-09-21,MACH-042,Tokyo
SAL-2CF079A1,USR-7210012C,Georgia Coffee,2025-10-20,MACH-003,Kyoto
SAL-3BC740AF,USR-9175B165,Water,2025-09-25,MACH-022,Hokkaido
SAL-D880DBEF,USR-FCB6B33E,Georgia Coffee,2025-12-19,MACH-010,Hokkaido
SAL-60AEBCF5,USR-B3B771CD,Georgia Coffee,2026-02-21,MACH-031,Tokyo
SAL-207A6766,USR-7A6E928C,Water,2025-12-18,MACH-049,Tokyo
SAL-8FE9EC99,USR-74A3A283,Coca-Cola,2025-12-30,MACH-006,Fukuoka
SAL-63DFDE71,USR-E0867546,Coca-Cola,2025-09-27,MACH-042,Tokyo
SAL-48BE6FF0,USR-14FC24AA,Georgia Coffee,2025-09-05,MACH-011,Osaka
SAL-5721ABCB,USR-E9574BD3,Georgia Coffee,2026-01-09,MACH-025,Saitama
SAL-A9A7C002,USR-B701BCD2,Coca-Cola,2026-01-04,MACH-042,Tokyo
SAL-23049788,USR-BFA467A3,Coca-Cola,2025-12-19,MACH-033,Tokyo
SAL-1B15EAB0,USR-11844527,Water,2025-10-01,MACH-039,Hokkaido
SAL-3212D49A,USR-9AA8FA14,Coca-Cola,2025-12-26,MACH-033,Tokyo
SAL-208423E4,USR-0232338A,Georgia Coffee,2025-11-26,MACH-035,Osaka
SAL-2A691338,USR-A996E26E,Water,2025-10-17,MACH-028,Kanagawa
SAL-CDD19807,USR-41BBD81F,Georgia Coffee,2026-02-21,MACH-006,Fukuoka
SAL-803C4020,USR-C05C9F63,Georgia Coffee,2026-01-31,MACH-017,Hokkaido
SAL-70AB2DF4,USR-8133C1BD,Georgia Coffee,2026-02-06,MACH-047,Tokyo
SAL-8CBB92F6,USR-8A64BE0A,Coca-Cola,2025-09-14,MACH-008,Osaka
SAL-65A9E054,USR-A6473A39,Coca-Cola,2025-12-04,MACH-004,Chiba
SAL-CEB06654,USR-D682F73A,Georgia Coffee,2025-12-05,MACH-017,Hokkaido
SAL-1885E5CE,USR-0E1E0EAE,Georgia Coffee,2025-11-16,MACH-050,Tokyo
SAL-61DF5F81,USR-A478E443,Georgia Coffee,2025-11-16,MACH-034,Kanagawa
SAL-AB0AF4E4,USR-6A471CB9,Coca-Cola,2025-09-11,MACH-039,Hokkaido
SAL-AC6037A1,USR-22EF86F5,Coca-Cola,2025-09-11,MACH-035,Osaka
SAL-7F3ADBD5,USR-5E99562D,Georgia Coffee,2025-10-16,MACH-006,Fukuoka
SAL-18CB88BA,USR-8CD2F075,Georgia Coffee,2025-10-09,MACH-041,Tokyo
SAL-48C6AECC,USR-4173CC88,Coca-Cola,2025-11-11,MACH-023,Saitama
SAL-CE333833,USR-22F8327F,Georgia Coffee,2026-01-14,MACH-037,Kyoto
SAL-A08EC844,USR-0BD71BBC,Georgia Coffee,2025-11-24,MACH-024,Tokyo
SAL-9E46B542,USR-BCE142DC,Georgia Coffee,2026-02-12,MACH-007,Fukuoka
SAL-7400BE02,USR-7B3A0005,Water,2025-09-22,MACH-022,Hokkaido
SAL-546E14C4,USR-7B1ECD3F,Georgia Coffee,2025-11-18,MACH-028,Kanagawa
SAL-0838EDA2,USR-79A707A4,Coca-Cola,2025-11-06,MACH-047,Tokyo
SAL-BCE574B1,USR-23E9C01D,Georgia Coffee,2025-09-22,MACH-028,Kanagawa
SAL-11AFFC96,USR-210BE25B,Aquarius,2025-10-21,MACH-037,Kyoto
SAL-CD686219,USR-645D6CF6,Water,2026-02-06,MACH-033,Tokyo
SAL-EE63BD61,USR-60CBC8E5,Georgia Coffee,2025-11-03,MACH-045,Tokyo
SAL-D6E57D0E,USR-0CC34EE0,Coca-Cola,2026-01-26,MACH-031,Tokyo
SAL-DBD0F443,USR-ABE55C10,Coca-Cola,2025-12-22,MACH-018,Chiba
SAL-AED6543D,USR-2C663A0D,Coca-Cola,2025-10-19,MACH-018,Chiba
SAL-BED7B6D5,USR-25AFF62D,Georgia Coffee,2026-02-03,MACH-026,Aichi
SAL-47C26C42,USR-1EC10A79,Georgia Coffee,2025-11-13,MACH-018,Chiba
SAL-2948FED1,USR-5024E725,Georgia Coffee,2025-09-06,MACH-027,Saitama
SAL-C90CE168,USR-33FFBC8E,Georgia Coffee,2025-11-09,MACH-046,Saitama
SAL-B3FABF9C,USR-6F35E759,Georgia Coffee,2025-10-29,MACH-002,Hyogo
SAL-73C563E4,USR-E2E7B313,Water,2025-09-18,MACH-040,Aichi
SAL-F5A6D00E,USR-4C9793D5,Georgia Coffee,2026-02-04,MACH-046,Saitama
SAL-C17524DB,USR-4532CF9F,Georgia Coffee,2025-12-10,MACH-031,Tokyo
SAL-E4A400CB,USR-14FC24AA,Georgia Coffee,2025-11-28,MACH-022,Hokkaido
SAL-C509319E,USR-FFC75C1E,Water,2025-12-24,MACH-010,Hokkaido
SAL-CDB1F29A,USR-A996E26E,Coca-Cola,2026-01-07,MACH-014,Aichi
SAL-DDF09A11,USR-5090593D,Georgia Coffee,2026-02-21,MACH-025,Saitama
SAL-D0B1BDF6,USR-09DB4C44,Georgia Coffee,2026-02-18,MACH-037,Kyoto
SAL-66A7303A,USR-E99E5160,Georgia Coffee,2026-01-04,MACH-036,Kyoto
SAL-F4C38276,USR-7A115B9E,Georgia Coffee,2026-01-15,MACH-024,Tokyo
SAL-BFCF24D1,USR-E7A7BC78,Georgia Coffee,2025-11-21,MACH-029,Fukuoka
SAL-8410266A,USR-37F664F5,Georgia Coffee,2025-10-11,MACH-040,Aichi
SAL-81A0D170,USR-719D3C88,Georgia Coffee,2025-12-01,MACH-037,Kyoto
SAL-79D4C333,USR-0C7189C7,Georgia Coffee,2025-09-07,MACH-049,Tokyo
SAL-6FF63DA9,USR-35B9F36D,Fanta,2026-01-05,MACH-016,Aichi
SAL-6F9E37C6,USR-5C26D66C,Fanta,2025-10-05,MACH-025,Saitama
SAL-212BE053,USR-4D0AD1D6,Georgia Coffee,2025-10-03,MACH-007,Fukuoka
SAL-E7380736,USR-64A351CA,Georgia Coffee,2025-09-30,MACH-037,Kyoto
SAL-C84660FF,USR-7BC12352,Aquarius,2025-10-12,MACH-050,Tokyo
SAL-96A4CA37,USR-882C49DC,Coca-Cola,2026-01-20,MACH-027,Saitama
SAL-1762D526,USR-FBF0FE44,Georgia Coffee,2025-12-18,MACH-039,Hokkaido
SAL-848918DB,USR-BC61D898,Coca-Cola,2025-12-03,MACH-041,Tokyo
SAL-AADC20FF,USR-F6501AA9,Coca-Cola,2026-02-24,MACH-041,Tokyo
SAL-6B6FEA06,USR-A996E26E,Georgia Coffee,2026-01-08,MACH-035,Osaka
SAL-65E9F12D,USR-7F6AF919,Georgia Coffee,2025-12-14,MACH-032,Aichi
SAL-BDA58CF5,USR-97253F75,Water,2025-12-26,MACH-011,Osaka
SAL-F428CB80,USR-480BFAD9,Georgia Coffee,2025-12-13,MACH-019,Chiba
SAL-88EAD8E5,USR-DB05FD71,Coca-Cola,2025-11-26,MACH-049,Tokyo
SAL-4240F100,USR-9175B165,Coca-Cola,2026-02-23,MACH-007,Fukuoka
SAL-1A666729,USR-6E85A692,Georgia Coffee,2025-12-18,MACH-027,Saitama
SAL-37D3E705,USR-0ABF0AD6,Georgia Coffee,2025-09-09,MACH-040,Aichi
SAL-686A1B45,USR-B02FDFDE,Coca-Cola,2026-02-07,MACH-033,Tokyo
SAL-0E3FF53E,USR-A478E443,Coca-Cola,2025-12-15,MACH-002,Hyogo
SAL-91386C82,USR-3DE7126B,Coca-Cola,2025-10-14,MACH-037,Kyoto
SAL-E7964C0B,USR-237E8E80,Water,2025-09-25,MACH-024,Tokyo
SAL-D622F81B,USR-FA7A4B59,Georgia Coffee,2026-02-16,MACH-025,Saitama
SAL-5B90A6A0,USR-22F8327F,Georgia Coffee,2025-10-21,MACH-011,Osaka
SAL-3FF8FF6E,USR-CFD9D57F,Georgia Coffee,2025-11-02,MACH-016,Aichi
SAL-3C665599,USR-E9B3F4DD,Coca-Cola,2025-09-18,MACH-002,Hyogo
SAL-C293173F,USR-73D06C61,Coca-Cola,2025-12-28,MACH-016,Aichi
SAL-CAEB8375,USR-2C663A0D,Coca-Cola,2025-11-02,MACH-012,Tokyo
SAL-B4576069,USR-8133C1BD,Fanta,2026-02-03,MACH-022,Hokkaido
SAL-3918B9AE,USR-FFC75C1E,Water,2025-10-12,MACH-016,Aichi
SAL-B751E2A4,USR-11A1B6FD,Georgia Coffee,2025-09-19,MACH-001,Hyogo
SAL-57B9EF84,USR-8C6D82E4,Georgia Coffee,2026-02-22,MACH-027,Saitama
SAL-C46C87C5,USR-48D6572D,Coca-Cola,2025-12-31,MACH-025,Saitama
SAL-EC63C016,USR-6EEFB044,Georgia Coffee,2025-11-07,MACH-046,Saitama
SAL-EED26F84,USR-5E99562D,Coca-Cola,2026-02-04,MACH-042,Tokyo
SAL-08522381,USR-83C86A52,Coca-Cola,2025-12-23,MACH-031,Tokyo
SAL-30DDB5CC,USR-C7E81044,Water,2025-11-15,MACH-026,Aichi
SAL-137159AC,USR-D44687D1,Water,2025-09-12,MACH-024,Tokyo
SAL-1BC3683E,USR-FF29B40F,Georgia Coffee,2026-01-10,MACH-041,Tokyo
SAL-5A992259,USR-989C14B1,Water,2025-10-03,MACH-007,Fukuoka
SAL-0DDD0E7C,USR-8C79D607,Georgia Coffee,2026-01-28,MACH-049,Tokyo
SAL-FFC38E19,USR-420F237F,Coca-Cola,2025-10-15,MACH-024,Tokyo
SAL-BF4CBC28,USR-B2C01602,Coca-Cola,2025-10-08,MACH-016,Aichi
SAL-79EFFB7E,USR-507974CF,Coca-Cola,2025-11-08,MACH-007,Fukuoka
SAL-4F742E28,USR-B7BC5949,Water,2025-09-20,MACH-030,Saitama
SAL-227C27D1,USR-A96ED735,Coca-Cola,2025-11-07,MACH-022,Hokkaido
SAL-FF054982,USR-1AAF82F9,Georgia Coffee,2025-11-25,MACH-029,Fukuoka
SAL-E599551D,USR-725BB1B2,Coca-Cola,2025-11-11,MACH-039,Hokkaido
SAL-5E64EAE7,USR-E2E7B313,Georgia Coffee,2025-10-09,MACH-034,Kanagawa
SAL-6E95E6C6,USR-19498748,Coca-Cola,2025-12-05,MACH-037,Kyoto
SAL-71D938A3,USR-41119228,Coca-Cola,2025-11-19,MACH-046,Saitama
SAL-FB7BD461,USR-7AB6C2DF,Georgia Coffee,2025-11-19,MACH-031,Tokyo
SAL-65DA94D7,USR-839C7ED5,Water,2025-11-16,MACH-010,Hokkaido
SAL-A24D76D8,USR-29112E45,Georgia Coffee,2025-10-04,MACH-010,Hokkaido
SAL-2DA54CA0,USR-536D55BF,Georgia Coffee,2025-12-09,MACH-017,Hokkaido
SAL-CF236D44,USR-7A115B9E,Georgia Coffee,2025-10-26,MACH-038,Hokkaido
SAL-F1E72831,USR-487BD7ED,Water,2025-09-05,MACH-017,Hokkaido
SAL-F8DCC50A,USR-91C6EA12,Coca-Cola,2026-01-12,MACH-026,Aichi
SAL-2AF6D276,USR-F4F68580,Coca-Cola,2025-10-15,MACH-043,Chiba
SAL-BFFC2698,USR-2462A127,Water,2026-01-13,MACH-024,Tokyo
SAL-46A75814,USR-CB6ABB03,Water,2026-01-04,MACH-042,Tokyo
SAL-71D16F32,USR-D558FE90,Coca-Cola,2026-01-03,MACH-029,Fukuoka
SAL-68A23EAE,USR-A56BF1D5,Georgia Coffee,2025-09-18,MACH-022,Hokkaido
SAL-C56B19E7,USR-FBF0FE44,Coca-Cola,2025-10-29,MACH-010,Hokkaido
SAL-AA68237F,USR-43851412,Georgia Coffee,2025-10-02,MACH-042,Tokyo
SAL-C1490C94,USR-6BC5A2C9,Coca-Cola,2025-12-28,MACH-037,Kyoto
SAL-C1FF156A,USR-44CB7D69,Water,2025-09-05,MACH-048,Osaka
SAL-49EFA5DC,USR-337DA9CD,Georgia Coffee,2026-01-14,MACH-015,Tokyo
SAL-38644A6D,USR-D44687D1,Coca-Cola,2026-02-19,MACH-003,Kyoto
SAL-1DE3DE72,USR-9F0F60CA,Georgia Coffee,2025-11-25,MACH-033,Tokyo
SAL-3F855B99,USR-6EEFB044,Water,2026-01-16,MACH-048,Osaka
SAL-E3D92B60,USR-2480924D,Coca-Cola,2025-09-16,MACH-029,Fukuoka
SAL-10219CCF,USR-B978D0A5,Coca-Cola,2025-11-03,MACH-017,Hokkaido
SAL-17B25288,USR-EE8BC195,Georgia Coffee,2026-02-25,MACH-042,Tokyo
SAL-A16361C3,USR-8904E8C4,Georgia Coffee,2026-02-25,MACH-046,Saitama
SAL-3AE319FB,USR-FA7A4B59,Georgia Coffee,2026-02-04,MACH-018,Chiba
SAL-17618AB7,USR-24617DD7,Fanta,2025-10-20,MACH-047,Tokyo
SAL-20F12245,USR-7A115B9E,Georgia Coffee,2025-10-05,MACH-034,Kanagawa
SAL-E0434089,USR-37F664F5,Water,2025-10-30,MACH-016,Aichi
SAL-0DD54FFF,USR-14FC24AA,Coca-Cola,2026-01-02,MACH-004,Chiba
SAL-DEAABAE4,USR-93E4096A,Coca-Cola,2025-09-20,MACH-034,Kanagawa
SAL-1C599649,USR-EA095DC6,Georgia Coffee,2025-09-27,MACH-035,Osaka
SAL-D0BFF301,USR-42AF9455,Georgia Coffee,2026-01-04,MACH-020,Fukuoka
SAL-58588B4D,USR-45C8BBEB,Water,2025-12-21,MACH-008,Osaka
SAL-97EE8CFD,USR-BB1F9A40,Coca-Cola,2026-02-13,MACH-046,Saitama
SAL-1276E53A,USR-0D026F77,Coca-Cola,2025-09-02,MACH-017,Hokkaido
SAL-77FC0EAB,USR-7E9FC3E4,Georgia Coffee,2025-11-10,MACH-032,Aichi
SAL-2A15F4D9,USR-69280EE6,Georgia Coffee,2026-01-09,MACH-031,Tokyo
SAL-51E4171F,USR-6C0945DE,Water,2026-02-14,MACH-020,Fukuoka
SAL-1AB4429B,USR-1D42BE94,Coca-Cola,2025-11-04,MACH-022,Hokkaido
SAL-416A65AC,USR-3DE7126B,Georgia Coffee,2026-01-08,MACH-020,Fukuoka
SAL-21AF0179,USR-13FC0DF2,Georgia Coffee,2025-10-18,MACH-032,Aichi
SAL-195EA50E,USR-E5B237A6,Georgia Coffee,2026-01-10,MACH-031,Tokyo
SAL-3CFE1D2D,USR-2F583A44,Water,2025-09-18,MACH-049,Tokyo
SAL-27D93DCB,USR-5AD403AF,Water,2025-09-26,MACH-029,Fukuoka
SAL-AB993464,USR-F6501AA9,Georgia Coffee,2026-01-17,MACH-007,Fukuoka
SAL-278CB668,USR-1537258D,Georgia Coffee,2025-11-19,MACH-033,Tokyo
SAL-F7C05771,USR-658512AC,Coca-Cola,2026-01-15,MACH-031,Tokyo
SAL-FEA4B653,USR-6A285C22,Coca-Cola,2026-02-05,MACH-014,Aichi
SAL-B8E24A6E,USR-B56C60DA,Water,2025-11-23,MACH-011,Osaka
SAL-7FA69821,USR-A66BD9CF,Coca-Cola,2025-10-15,MACH-011,Osaka
SAL-6779BD68,USR-766D18A9,Coca-Cola,2025-11-24,MACH-034,Kanagawa
SAL-849622AF,USR-11F3AD10,Fanta,2025-12-17,MACH-050,Tokyo
SAL-ADD7C469,USR-5119F1C8,Georgia Coffee,2025-12-31,MACH-020,Fukuoka
SAL-CDCD96C3,USR-B48DA376,Water,2025-11-26,MACH-047,Tokyo
SAL-ABC78167,USR-9CF1DB44,Georgia Coffee,2025-11-21,MACH-029,Fukuoka
SAL-D8B5159F,USR-1AF015D1,Georgia Coffee,2025-12-11,MACH-049,Tokyo
SAL-45CC424C,USR-09DB4C44,Georgia Coffee,2025-12-14,MACH-004,Chiba
SAL-93B5A8AE,USR-807549A0,Georgia Coffee,2026-02-14,MACH-009,Tokyo
SAL-BE756543,USR-7D413B79,Water,2026-03-01,MACH-020,Fukuoka
SAL-88DB78AF,USR-BF611AA1,Water,2025-09-08,MACH-021,Fukuoka
SAL-86167315,USR-137C3A44,Coca-Cola,2025-11-24,MACH-036,Kyoto
SAL-99B174E8,USR-045556D7,Georgia Coffee,2025-10-27,MACH-040,Aichi
SAL-5399A7B9,USR-ACDF3881,Georgia Coffee,2025-11-11,MACH-007,Fukuoka
SAL-B26F0A42,USR-2D01E1CC,Fanta,2025-11-24,MACH-047,Tokyo
SAL-F91659AC,USR-A22D6DAF,Fanta,2026-01-31,MACH-031,Tokyo
SAL-E52D37D4,USR-675F6CF4,Georgia Coffee,2025-09-13,MACH-037,Kyoto
SAL-3916DFEF,USR-35B9F36D,Georgia Coffee,2026-02-04,MACH-038,Hokkaido
SAL-A6358C0A,USR-5AD403AF,Georgia Coffee,2025-09-16,MACH-041,Tokyo
SAL-AF80EA5C,USR-FA76A5C7,Georgia Coffee,2025-12-05,MACH-029,Fukuoka
SAL-AC3A7425,USR-3E6188A3,Georgia Coffee,2025-12-31,MACH-009,Tokyo
SAL-E22E09A8,USR-66A7AA62,Georgia Coffee,2025-12-16,MACH-010,Hokkaido
SAL-FEE6AD97,USR-793BBFE5,Coca-Cola,2025-11-17,MACH-037,Kyoto
SAL-222C933D,USR-4374EFE0,Coca-Cola,2025-12-23,MACH-016,Aichi
SAL-D63A6660,USR-9EF906C3,Georgia Coffee,2026-02-18,MACH-017,Hokkaido
SAL-D9E9EC80,USR-237E8E80,Georgia Coffee,2025-11-15,MACH-045,Tokyo
SAL-11CA04FE,USR-DB72342F,Water,2025-09-19,MACH-045,Tokyo
SAL-9863BA0B,USR-B856DC04,Georgia Coffee,2025-12-03,MACH-017,Hokkaido
SAL-C4489385,USR-E035029C,Aquarius,2025-10-30,MACH-016,Aichi
SAL-5BD95B7C,USR-B791CF04,Coca-Cola,2025-11-07,MACH-017,Hokkaido
SAL-47AF8AE4,USR-BF611AA1,Coca-Cola,2025-09-07,MACH-032,Aichi
SAL-0D206FC9,USR-24617DD7,Georgia Coffee,2026-01-04,MACH-004,Chiba
SAL-31CA9044,USR-6875C74B,Coca-Cola,2026-01-11,MACH-024,Tokyo
SAL-A9F51503,USR-66A7AA62,Water,2025-09-10,MACH-033,Tokyo
SAL-BE53F5F8,USR-FF1D6FE1,Coca-Cola,2026-01-17,MACH-032,Aichi
SAL-B0F1AB32,USR-7BC12352,Georgia Coffee,2026-02-11,MACH-005,Saitama
SAL-4EFD532D,USR-385E96AB,Georgia Coffee,2025-09-25,MACH-036,Kyoto
SAL-35493D0D,USR-44CB7D69,Water,2025-10-12,MACH-033,Tokyo
SAL-11DB7443,USR-42A1B969,Georgia Coffee,2026-01-26,MACH-016,Aichi
SAL-22B8C0B3,USR-B587B453,Georgia Coffee,2026-02-24,MACH-028,Kanagawa
SAL-83B4AE27,USR-98B9D98B,Coca-Cola,2025-12-26,MACH-048,Osaka
SAL-AFE19377,USR-664A3267,Coca-Cola,2025-09-20,MACH-026,Aichi
SAL-6267DFC9,USR-9F205CAC,Fanta,2026-02-26,MACH-048,Osaka
SAL-5EC9CA11,USR-6101E920,Georgia Coffee,2025-09-07,MACH-026,Aichi
SAL-7CA4969C,USR-FF81B894,Georgia Coffee,2026-02-08,MACH-025,Saitama
SAL-9298A486,USR-98B9D98B,Georgia Coffee,2025-11-23,MACH-028,Kanagawa
SAL-13E89D7B,USR-E7A7BC78,Water,2025-10-29,MACH-038,Hokkaido
SAL-B5F019FB,USR-13638586,Water,2026-01-16,MACH-016,Aichi
SAL-73AF2769,USR-8A64BE0A,Coca-Cola,2025-12-01,MACH-046,Saitama
SAL-AC3DE3A2,USR-73231438,Georgia Coffee,2025-10-20,MACH-024,Tokyo
SAL-407BD85D,USR-E8D0AF1F,Water,2026-01-16,MACH-039,Hokkaido
SAL-D1362234,USR-15CF548F,Fanta,2025-10-04,MACH-035,Osaka
SAL-13D42170,USR-38451C9C,Georgia Coffee,2025-11-24,MACH-021,Fukuoka
SAL-F4A75C79,USR-C92D2173,Georgia Coffee,2025-10-25,MACH-033,Tokyo
SAL-CDE243D5,USR-9575A62F,Fanta,2025-10-27,MACH-010,Hokkaido
SAL-F1408E13,USR-0135B93C,Fanta,2025-12-23,MACH-008,Osaka
SAL-4AF5B30C,USR-8A64BE0A,Water,2025-09-08,MACH-029,Fukuoka
SAL-BF349CFE,USR-6C3A2676,Georgia Coffee,2025-10-25,MACH-025,Saitama
SAL-9BDF10B7,USR-2D78256C,Water,2025-12-13,MACH-029,Fukuoka
SAL-14D0F152,USR-74DAD1CF,Coca-Cola,2025-09-25,MACH-043,Chiba
SAL-1F33F78F,USR-A3B76148,Georgia Coffee,2025-10-13,MACH-049,Tokyo
SAL-E6F39A14,USR-B791CF04,Georgia Coffee,2026-01-05,MACH-048,Osaka
SAL-B4158212,USR-A52F6A51,Georgia Coffee,2025-11-22,MACH-027,Saitama
SAL-5946FD7A,USR-3BDB8A12,Coca-Cola,2025-09-25,MACH-033,Tokyo
SAL-9CA574C2,USR-E8D0AF1F,Georgia Coffee,2026-01-10,MACH-008,Osaka
SAL-57F1B61A,USR-70731286,Coca-Cola,2025-09-03,MACH-025,Saitama
SAL-EBB6D2B2,USR-E144F880,Georgia Coffee,2025-09-27,MACH-024,Tokyo
SAL-7F9F1695,USR-11F3AD10,Aquarius,2026-02-15,MACH-020,Fukuoka
SAL-3325BAF2,USR-92263BBF,Water,2025-09-23,MACH-042,Tokyo
SAL-F1BBB121,USR-A22D6DAF,Fanta,2025-12-31,MACH-002,Hyogo
SAL-1D545376,USR-4B165E46,Georgia Coffee,2026-02-14,MACH-021,Fukuoka
SAL-48EFF417,USR-41E891D1,Georgia Coffee,2025-11-04,MACH-010,Hokkaido
SAL-CAE8E387,USR-F6501AA9,Georgia Coffee,2026-02-26,MACH-031,Tokyo
SAL-39A022FA,USR-8C6D82E4,Coca-Cola,2026-02-01,MACH-014,Aichi
SAL-9829C73F,USR-4A7D1F6A,Georgia Coffee,2025-11-16,MACH-024,Tokyo
SAL-E9859A6C,USR-2D526507,Georgia Coffee,2025-10-12,MACH-027,Saitama
SAL-27CB1AEE,USR-337DA9CD,Water,2026-01-12,MACH-010,Hokkaido
SAL-FE9493DE,USR-D6C2FAB3,Georgia Coffee,2026-02-20,MACH-008,Osaka
SAL-F51CDFF8,USR-1537258D,Georgia Coffee,2026-01-07,MACH-014,Aichi
SAL-A63519A0,USR-328FC568,Georgia Coffee,2025-12-06,MACH-017,Hokkaido
SAL-C31D344F,USR-9076FBB0,Fanta,2025-09-08,MACH-022,Hokkaido
SAL-F35E9C0E,USR-8133C1BD,Georgia Coffee,2025-09-10,MACH-048,Osaka
SAL-BD0F4F38,USR-645D6CF6,Georgia Coffee,2025-12-15,MACH-003,Kyoto
SAL-12A111C6,USR-E2D89BA5,Georgia Coffee,2026-02-02,MACH-047,Tokyo
SAL-DB0ACCC1,USR-15CF548F,Fanta,2025-09-27,MACH-001,Hyogo
SAL-480EFAB5,USR-9E0BB6BF,Georgia Coffee,2025-09-25,MACH-027,Saitama
SAL-E47ADC0B,USR-460F5C8D,Water,2026-01-01,MACH-030,Saitama
SAL-328DBA73,USR-74D10072,Coca-Cola,2025-12-23,MACH-009,Tokyo
SAL-EFBE68BF,USR-93C61721,Fanta,2025-11-20,MACH-031,Tokyo
SAL-36393556,USR-73C0A881,Fanta,2025-11-06,MACH-040,Aichi
SAL-F34892B8,USR-98AC69D2,Georgia Coffee,2026-02-20,MACH-046,Saitama
SAL-6DC29C3A,USR-8F42AE70,Water,2026-01-26,MACH-038,Hokkaido
SAL-4B1828DB,USR-43263B30,Georgia Coffee,2025-10-08,MACH-015,Tokyo
SAL-27D1CA98,USR-FD8C8981,Georgia Coffee,2025-09-26,MACH-046,Saitama
SAL-3D5D52F5,USR-675F6CF4,Georgia Coffee,2026-02-06,MACH-007,Fukuoka
SAL-FD578B10,USR-43263B30,Georgia Coffee,2025-10-19,MACH-047,Tokyo
SAL-90DC19DE,USR-2D78256C,Georgia Coffee,2025-12-29,MACH-043,Chiba
SAL-821A9BDE,USR-1965E406,Water,2026-01-27,MACH-018,Chiba
SAL-7CC19803,USR-4A2E3634,Coca-Cola,2025-11-24,MACH-028,Kanagawa
SAL-9D9BEAB3,USR-119F4985,Water,2026-01-28,MACH-048,Osaka
SAL-89AAC1F9,USR-5C2FBAA2,Coca-Cola,2025-12-09,MACH-041,Tokyo
SAL-25BE3A09,USR-6CC5A636,Coca-Cola,2025-10-18,MACH-001,Hyogo
SAL-9CAAFE5A,USR-2847C466,Georgia Coffee,2025-11-01,MACH-011,Osaka
SAL-8FA90AE4,USR-77730124,Water,2026-01-26,MACH-031,Tokyo
SAL-58DDD117,USR-1C6E8C0F,Water,2025-10-20,MACH-041,Tokyo
SAL-E8BB0E8C,USR-FE961FCC,Aquarius,2026-01-27,MACH-026,Aichi
SAL-C7AB48AA,USR-EC8C373E,Georgia Coffee,2025-12-27,MACH-040,Aichi
SAL-40DCBB44,USR-13B9AA44,Coca-Cola,2025-10-02,MACH-048,Osaka
SAL-42E193D6,USR-D34E6306,Aquarius,2026-01-11,MACH-022,Hokkaido
SAL-B9AD9B74,USR-73A3AAEA,Water,2025-10-19,MACH-017,Hokkaido
SAL-9D5E446C,USR-98AC69D2,Coca-Cola,2026-01-04,MACH-048,Osaka
SAL-99AE34F1,USR-41E891D1,Georgia Coffee,2025-11-28,MACH-049,Tokyo
SAL-CD35EA36,USR-CAE4EAE1,Georgia Coffee,2025-12-04,MACH-028,Kanagawa
SAL-791FAEB5,USR-C7E81044,Georgia Coffee,2026-01-19,MACH-035,Osaka
SAL-A58C8E5E,USR-A96ED735,Georgia Coffee,2026-01-20,MACH-046,Saitama
SAL-EF810569,USR-FE961FCC,Georgia Coffee,2025-11-29,MACH-020,Fukuoka
SAL-DA560557,USR-E65E15CB,Coca-Cola,2025-09-23,MACH-033,Tokyo
SAL-CCD4F142,USR-D97562E8,Coca-Cola,2026-01-10,MACH-049,Tokyo
SAL-7B9B7908,USR-1EAA4DD7,Georgia Coffee,2025-10-22,MACH-047,Tokyo
SAL-8C1AAB1A,USR-E2D89BA5,Georgia Coffee,2026-02-02,MACH-039,Hokkaido
SAL-1B351C25,USR-645D6CF6,Georgia Coffee,2026-01-16,MACH-024,Tokyo
SAL-BBD886B5,USR-4A2E3634,Georgia Coffee,2026-01-15,MACH-011,Osaka
SAL-ED36F071,USR-2069AFAC,Coca-Cola,2026-02-23,MACH-011,Osaka
SAL-3A0FA9BD,USR-E8697D4C,Fanta,2026-02-07,MACH-015,Tokyo
SAL-49AB1AB6,USR-D368E499,Fanta,2025-10-10,MACH-035,Osaka
SAL-F9B47F21,USR-A96ED735,Georgia Coffee,2025-12-19,MACH-031,Tokyo
SAL-0DE9D2CB,USR-8D00C52C,Georgia Coffee,2026-01-13,MACH-027,Saitama
SAL-01C4C100,USR-E39B992E,Georgia Coffee,2025-11-23,MACH-009,Tokyo
SAL-5A513A12,USR-B7C71473,Coca-Cola,2025-11-05,MACH-046,Saitama
SAL-5C788FD0,USR-A2A97C1E,Coca-Cola,2025-10-25,MACH-047,Tokyo
SAL-7834921C,USR-0D026F77,Coca-Cola,2025-09-19,MACH-004,Chiba
SAL-4C16D273,USR-8D0CFA06,Georgia Coffee,2025-10-08,MACH-031,Tokyo
SAL-6942FAAE,USR-D6C2FAB3,Georgia Coffee,2025-11-03,MACH-026,Aichi
SAL-09DA63B7,USR-2D78256C,Georgia Coffee,2025-12-18,MACH-026,Aichi
SAL-BF3C0735,USR-A56BF1D5,Fanta,2025-11-30,MACH-005,Saitama
SAL-C93DED47,USR-929A9B99,Coca-Cola,2025-11-11,MACH-009,Tokyo
SAL-C2BAE086,USR-98B9D98B,Georgia Coffee,2026-01-29,MACH-044,Kyoto
SAL-EC77C56A,USR-7FEB7CCB,Water,2025-10-08,MACH-044,Kyoto
SAL-D552BDDE,USR-71203D61,Coca-Cola,2025-09-04,MACH-041,Tokyo
SAL-FCC54D56,USR-9A72C9F3,Coca-Cola,2026-01-14,MACH-007,Fukuoka
SAL-ADA5788D,USR-7FE66F80,Georgia Coffee,2025-12-31,MACH-015,Tokyo
SAL-2341305F,USR-839C7ED5,Coca-Cola,2025-10-03,MACH-035,Osaka
SAL-3C866809,USR-2FDA5E0C,Aquarius,2025-10-11,MACH-005,Saitama
SAL-480FB4BD,USR-D46CAA4A,Aquarius,2025-11-28,MACH-018,Chiba
SAL-E0B79C94,USR-6A471CB9,Coca-Cola,2025-12-08,MACH-017,Hokkaido
SAL-C0B8A1C0,USR-CB6ABB03,Water,2025-12-20,MACH-038,Hokkaido
SAL-116698D7,USR-7BA8402B,Georgia Coffee,2026-02-26,MACH-032,Aichi
SAL-42102B8F,USR-4D2AAA22,Aquarius,2026-01-13,MACH-007,Fukuoka
SAL-14CC23EE,USR-AE8182EF,Georgia Coffee,2026-02-03,MACH-039,Hokkaido
SAL-05C8A147,USR-E144F880,Coca-Cola,2026-02-19,MACH-032,Aichi
SAL-CAF7E530,USR-9802FB80,Coca-Cola,2025-12-21,MACH-027,Saitama
SAL-1D84EA7B,USR-8F767464,Georgia Coffee,2025-11-12,MACH-047,Tokyo
SAL-4E509E33,USR-75B9E992,Georgia Coffee,2025-11-05,MACH-041,Tokyo
SAL-BFB7AB65,USR-85C8BFC9,Georgia Coffee,2026-02-19,MACH-017,Hokkaido
SAL-9D10610D,USR-08AF2072,Coca-Cola,2025-09-27,MACH-046,Saitama
SAL-F71BD2C8,USR-D97562E8,Coca-Cola,2026-01-29,MACH-032,Aichi
SAL-F61E4233,USR-D9E0DF9A,Aquarius,2026-02-19,MACH-018,Chiba
SAL-04FBCFF0,USR-5C26D66C,Water,2026-01-04,MACH-036,Kyoto
SAL-CD3AD376,USR-41E891D1,Water,2025-12-07,MACH-039,Hokkaido
SAL-F3F06A09,USR-7E5321DC,Coca-Cola,2026-02-19,MACH-025,Saitama
SAL-2142AF04,USR-0C656821,Georgia Coffee,2026-01-31,MACH-042,Tokyo
SAL-57AE4C18,USR-23E9C01D,Water,2025-09-26,MACH-008,Osaka
SAL-19B7CFB5,USR-F1DC1730,Coca-Cola,2025-12-03,MACH-038,Hokkaido
SAL-3DEE8E93,USR-6B3F7DC5,Georgia Coffee,2026-02-03,MACH-027,Saitama
SAL-5CC536F4,USR-F4F68580,Coca-Cola,2025-09-12,MACH-034,Kanagawa
SAL-9E2EDDBB,USR-E90EDE59,Georgia Coffee,2026-01-13,MACH-003,Kyoto
SAL-30BEAEB0,USR-C9DC4C03,Georgia Coffee,2026-02-09,MACH-048,Osaka
SAL-69B52A0A,USR-2480924D,Georgia Coffee,2025-09-08,MACH-014,Aichi
SAL-60E28A29,USR-24055F24,Georgia Coffee,2026-02-10,MACH-022,Hokkaido
SAL-93E7953A,USR-B6FA48D1,Georgia Coffee,2025-12-16,MACH-002,Hyogo
SAL-C996A709,USR-E99E5160,Georgia Coffee,2025-11-05,MACH-023,Saitama
SAL-9602C903,USR-AAF95268,Water,2025-11-04,MACH-018,Chiba
SAL-99AEA257,USR-EC8C373E,Water,2025-11-24,MACH-046,Saitama
SAL-29A9AEBA,USR-9EF906C3,Water,2025-10-13,MACH-014,Aichi
SAL-3F495411,USR-FC35A1BC,Coca-Cola,2026-01-20,MACH-042,Tokyo
SAL-6BB8ADEF,USR-8CBB2FBC,Georgia Coffee,2025-11-30,MACH-050,Tokyo
SAL-5A83B7BF,USR-882C49DC,Water,2025-09-24,MACH-022,Hokkaido
SAL-098689FE,USR-C7E81044,Georgia Coffee,2025-10-30,MACH-021,Fukuoka
SAL-3E9E7079,USR-E3F24656,Georgia Coffee,2025-09-25,MACH-041,Tokyo
SAL-47F651F8,USR-715D5BB3,Coca-Cola,2026-01-07,MACH-041,Tokyo
SAL-4271DFD6,USR-460F5C8D,Water,2025-10-23,MACH-017,Hokkaido
SAL-0DC39B67,USR-08AF2072,Georgia Coffee,2025-11-30,MACH-022,Hokkaido
SAL-D66F83F9,USR-41119228,Fanta,2025-12-03,MACH-049,Tokyo
SAL-38409064,USR-6A471CB9,Georgia Coffee,2025-11-23,MACH-002,Hyogo
SAL-8E3F6124,USR-1AAF82F9,Coca-Cola,2025-11-20,MACH-033,Tokyo
SAL-839C3EAD,USR-137C3A44,Coca-Cola,2025-11-16,MACH-049,Tokyo
SAL-4B384149,USR-D0B37222,Georgia Coffee,2025-12-12,MACH-040,Aichi
SAL-9454CDB6,USR-DB72342F,Water,2025-09-25,MACH-006,Fukuoka
SAL-ED5A4BA6,USR-F4F68580,Georgia Coffee,2026-02-18,MACH-026,Aichi
SAL-09A3BD58,USR-B48DA376,Georgia Coffee,2025-11-28,MACH-035,Osaka
SAL-B9356776,USR-8CBB2FBC,Fanta,2025-12-09,MACH-007,Fukuoka
SAL-160E953A,USR-42AF9455,Aquarius,2025-11-16,MACH-040,Aichi
SAL-F8BC0899,USR-78E6D5B9,Water,2025-11-23,MACH-015,Tokyo
SAL-1EF58CB4,USR-DFD0624C,Coca-Cola,2025-11-03,MACH-036,Kyoto
SAL-D02C22E3,USR-E5B237A6,Georgia Coffee,2025-11-11,MACH-002,Hyogo
SAL-029AB89B,USR-37DCA4A3,Water,2026-02-26,MACH-015,Tokyo
SAL-7C65A885,USR-2AC752CE,Georgia Coffee,2025-12-23,MACH-042,Tokyo
SAL-32D4BC0C,USR-20B0C635,Aquarius,2025-09-05,MACH-019,Chiba
SAL-12D45578,USR-CAD781E9,Georgia Coffee,2026-02-05,MACH-031,Tokyo
SAL-33465BE8,USR-2480924D,Georgia Coffee,2026-01-22,MACH-036,Kyoto
SAL-D98AB4AE,USR-D7540919,Georgia Coffee,2025-10-19,MACH-034,Kanagawa
SAL-95FD0908,USR-ABE55C10,Georgia Coffee,2026-01-27,MACH-025,Saitama
SAL-FF7669BA,USR-719D3C88,Georgia Coffee,2025-12-04,MACH-017,Hokkaido
SAL-17EFC095,USR-645D6CF6,Georgia Coffee,2025-11-01,MACH-021,Fukuoka
SAL-16D397C3,USR-B2C01602,Georgia Coffee,2026-02-26,MACH-019,Chiba
SAL-B58BCD1C,USR-BB134570,Water,2025-10-04,MACH-007,Fukuoka
SAL-25EB2C1C,USR-E820D24C,Georgia Coffee,2026-01-09,MACH-046,Saitama
SAL-B28AA3BB,USR-A16B62A5,Water,2025-09-28,MACH-039,Hokkaido
SAL-45BE2671,USR-BF0CDBD4,Georgia Coffee,2026-02-28,MACH-042,Tokyo
SAL-EAC144CB,USR-0E004C2A,Coca-Cola,2025-10-29,MACH-004,Chiba
SAL-014C8DFE,USR-27DCB28D,Georgia Coffee,2026-01-07,MACH-038,Hokkaido
SAL-2695EEAC,USR-137C3A44,Georgia Coffee,2025-10-15,MACH-002,Hyogo
SAL-0BE56272,USR-C4222950,Georgia Coffee,2026-02-15,MACH-004,Chiba
SAL-4AE22417,USR-C361A229,Coca-Cola,2026-03-01,MACH-010,Hokkaido
SAL-8ACFEC5F,USR-7FEB7CCB,Coca-Cola,2025-09-18,MACH-047,Tokyo
SAL-2C1A87D8,USR-1AF67160,Coca-Cola,2025-09-09,MACH-046,Saitama
SAL-726A5DE4,USR-D368E499,Georgia Coffee,2026-03-01,MACH-049,Tokyo
SAL-F4F548FB,USR-7FE66F80,Georgia Coffee,2025-12-12,MACH-014,Aichi
SAL-D81CD4ED,USR-E7A7BC78,Georgia Coffee,2026-01-17,MACH-045,Tokyo
SAL-8E830350,USR-B978D0A5,Fanta,2025-10-31,MACH-037,Kyoto
SAL-131B901A,USR-807549A0,Georgia Coffee,2025-12-15,MACH-010,Hokkaido
SAL-64F14612,USR-92CA5FBB,Water,2026-02-23,MACH-038,Hokkaido
SAL-15C35E80,USR-DB72342F,Coca-Cola,2026-02-05,MACH-004,Chiba
SAL-8A44C503,USR-184C6E05,Aquarius,2026-01-30,MACH-008,Osaka
SAL-3C3BDB32,USR-C4BA74A2,Georgia Coffee,2026-02-06,MACH-005,Saitama
SAL-925858AE,USR-8ED23E53,Georgia Coffee,2025-10-13,MACH-047,Tokyo
SAL-5E42EF88,USR-A2AFE01A,Water,2026-02-02,MACH-050,Tokyo
SAL-858F7D81,USR-38451C9C,Coca-Cola,2025-09-09,MACH-042,Tokyo
SAL-D22B7D02,USR-4D2AAA22,Georgia Coffee,2025-10-02,MACH-022,Hokkaido
SAL-0B49A5E0,USR-1AAF82F9,Fanta,2025-12-14,MACH-037,Kyoto
SAL-5CCFFA2F,USR-BCE142DC,Coca-Cola,2025-12-10,MACH-027,Saitama
SAL-B0A72546,USR-E65E15CB,Georgia Coffee,2025-10-07,MACH-022,Hokkaido
SAL-6B14DC71,USR-2FDA5E0C,Georgia Coffee,2025-12-01,MACH-012,Tokyo
SAL-8D1CB110,USR-A16B62A5,Coca-Cola,2025-09-25,MACH-016,Aichi
SAL-5434D215,USR-B02FDFDE,Georgia Coffee,2026-02-14,MACH-041,Tokyo
SAL-7E654713,USR-10298F26,Georgia Coffee,2025-09-26,MACH-034,Kanagawa
SAL-84F79FAA,USR-9EF906C3,Georgia Coffee,2026-02-04,MACH-004,Chiba
SAL-BF493C88,USR-CB6ABB03,Georgia Coffee,2025-12-06,MACH-007,Fukuoka
SAL-6A87DD1C,USR-1EC10A79,Georgia Coffee,2026-01-15,MACH-001,Hyogo
SAL-C13B8E03,USR-60CBC8E5,Fanta,2025-11-19,MACH-002,Hyogo
SAL-EDFA4F7E,USR-EE8BC195,Georgia Coffee,2026-01-24,MACH-024,Tokyo
SAL-B73BE372,USR-E65E15CB,Coca-Cola,2025-10-16,MACH-037,Kyoto
SAL-D1B37D19,USR-8133C1BD,Coca-Cola,2025-11-29,MACH-007,Fukuoka
SAL-92D2473A,USR-4A2E3634,Coca-Cola,2025-10-11,MACH-039,Hokkaido
SAL-49B337A4,USR-44CB7D69,Water,2025-12-23,MACH-046,Saitama
SAL-EAC4D2EC,USR-41BBD81F,Water,2025-10-17,MACH-033,Tokyo
SAL-EDCBE987,USR-328FC568,Georgia Coffee,2025-12-24,MACH-002,Hyogo
SAL-8C49118C,USR-11844527,Fanta,2026-01-17,MACH-008,Osaka
SAL-9EE24D9D,USR-15CF548F,Coca-Cola,2025-11-15,MACH-007,Fukuoka
SAL-04CD81DD,USR-99E1CD38,Water,2026-01-31,MACH-034,Kanagawa
SAL-905A0FAD,USR-F32FBBD6,Georgia Coffee,2026-01-07,MACH-045,Tokyo
SAL-B9028E50,USR-C08CE81E,Water,2025-12-27,MACH-043,Chiba
SAL-8D5158A0,USR-E872C046,Georgia Coffee,2025-12-25,MACH-008,Osaka
SAL-7E493BC9,USR-73C0A881,Georgia Coffee,2025-11-27,MACH-016,Aichi
SAL-1AE15CC5,USR-7E5321DC,Georgia Coffee,2026-01-05,MACH-013,Fukuoka
SAL-3CCCCFAE,USR-B12109BF,Coca-Cola,2026-01-02,MACH-043,Chiba
SAL-8EFA469F,USR-49A35BE3,Georgia Coffee,2026-01-31,MACH-007,Fukuoka
SAL-CFA0AE05,USR-FC35A1BC,Fanta,2026-02-18,MACH-042,Tokyo
SAL-245D22CF,USR-736C23F9,Georgia Coffee,2026-01-24,MACH-037,Kyoto
SAL-D287537B,USR-6F0F2176,Coca-Cola,2025-12-11,MACH-049,Tokyo
SAL-B7BE480A,USR-F68717F7,Georgia Coffee,2025-11-13,MACH-021,Fukuoka
SAL-16E1EE0A,USR-E8D0AF1F,Coca-Cola,2025-10-22,MACH-019,Chiba
SAL-B443B6BA,USR-2462A127,Georgia Coffee,2025-12-14,MACH-028,Kanagawa
SAL-431A5D70,USR-D9E0DF9A,Georgia Coffee,2025-09-08,MACH-032,Aichi
SAL-B1409EFC,USR-369816FC,Georgia Coffee,2026-01-03,MACH-040,Aichi
SAL-557651A0,USR-B710EEFF,Water,2025-11-14,MACH-004,Chiba
SAL-032F5F89,USR-9CF1DB44,Fanta,2025-10-20,MACH-006,Fukuoka
SAL-6ABBEE68,USR-2D526507,Coca-Cola,2026-01-26,MACH-035,Osaka
SAL-C9CC6A25,USR-9076FBB0,Georgia Coffee,2025-09-14,MACH-035,Osaka
SAL-BD124954,USR-7FCEC881,Georgia Coffee,2025-11-18,MACH-025,Saitama
SAL-138B70AC,USR-8D0CFA06,Water,2026-01-17,MACH-004,Chiba
SAL-4AD1C9C5,USR-75B9E992,Georgia Coffee,2025-12-22,MACH-048,Osaka
SAL-70AC065A,USR-5119F1C8,Coca-Cola,2025-10-17,MACH-033,Tokyo
SAL-EF61E839,USR-24055F24,Coca-Cola,2025-09-13,MACH-014,Aichi
SAL-E25FDD37,USR-DB72342F,Georgia Coffee,2025-10-19,MACH-015,Tokyo
SAL-20A6FFA3,USR-E9B3F4DD,Coca-Cola,2025-10-24,MACH-032,Aichi
SAL-F348477F,USR-4B165E46,Fanta,2026-02-05,MACH-001,Hyogo
SAL-62935D99,USR-C372653A,Fanta,2025-10-24,MACH-045,Tokyo
SAL-5CBC6CD8,USR-43263B30,Water,2025-09-03,MACH-016,Aichi
SAL-D4EEDD5B,USR-83C86A52,Georgia Coffee,2025-11-25,MACH-012,Tokyo
SAL-89E8DF39,USR-DFD0624C,Georgia Coffee,2025-12-13,MACH-003,Kyoto
SAL-870AB393,USR-E872C046,Georgia Coffee,2025-11-04,MACH-040,Aichi
SAL-1CC2D488,USR-6A285C22,Coca-Cola,2025-12-19,MACH-044,Kyoto
SAL-B83D63D9,USR-A65FC6EE,Fanta,2026-02-09,MACH-020,Fukuoka
SAL-4C0138B6,USR-6BC5A2C9,Georgia Coffee,2026-02-16,MACH-048,Osaka
SAL-14DC9A4E,USR-21C989A3,Water,2026-02-25,MACH-001,Hyogo
SAL-72EA7486,USR-E8697D4C,Water,2025-12-07,MACH-018,Chiba
SAL-0D3C3B3E,USR-B204FD30,Georgia Coffee,2026-01-04,MACH-017,Hokkaido
SAL-14C26C9A,USR-7E5321DC,Coca-Cola,2026-02-26,MACH-026,Aichi
SAL-D54B5B3E,USR-48D6572D,Coca-Cola,2025-12-25,MACH-018,Chiba
SAL-69282028,USR-5C511437,Water,2025-10-01,MACH-011,Osaka
SAL-50441A29,USR-E8D0AF1F,Water,2025-09-19,MACH-014,Aichi
SAL-AAEF7D25,USR-4532CF9F,Coca-Cola,2026-02-23,MACH-046,Saitama
SAL-74204452,USR-D17F973F,Georgia Coffee,2025-11-13,MACH-035,Osaka
SAL-C49BADF1,USR-2A01E6EF,Coca-Cola,2026-01-25,MACH-017,Hokkaido
SAL-F83DB027,USR-B7C71473,Water,2025-12-12,MACH-013,Fukuoka
SAL-30413C64,USR-93C61721,Coca-Cola,2025-10-23,MACH-003,Kyoto
SAL-B8193399,USR-0BD71BBC,Water,2025-09-30,MACH-015,Tokyo
SAL-CCFFDA58,USR-F6501AA9,Coca-Cola,2025-10-19,MACH-006,Fukuoka
SAL-61F44EFA,USR-27DCB28D,Water,2025-09-19,MACH-016,Aichi
SAL-2DC9D68B,USR-6CC5A636,Georgia Coffee,2025-12-23,MACH-048,Osaka
SAL-73E4115A,USR-119F4985,Coca-Cola,2025-09-12,MACH-043,Chiba
SAL-F9437ED8,USR-9D919DA6,Coca-Cola,2025-10-20,MACH-025,Saitama
SAL-F0387BC4,USR-422D1A35,Fanta,2025-10-11,MACH-022,Hokkaido
SAL-DCE069DD,USR-95101C30,Georgia Coffee,2025-10-16,MACH-047,Tokyo
SAL-92E1DF95,USR-79ABC03E,Georgia Coffee,2025-10-11,MACH-019,Chiba
SAL-31B71311,USR-8ED23E53,Georgia Coffee,2025-10-19,MACH-041,Tokyo
SAL-5C4F4FF1,USR-8133C1BD,Georgia Coffee,2025-12-23,MACH-002,Hyogo
SAL-2BC7E348,USR-B710EEFF,Georgia Coffee,2025-11-03,MACH-039,Hokkaido
SAL-194CD8B1,USR-C08CE81E,Aquarius,2025-10-13,MACH-010,Hokkaido
SAL-918F3B1B,USR-73D06C61,Georgia Coffee,2025-09-16,MACH-008,Osaka
SAL-6AA816A5,USR-6875C74B,Coca-Cola,2026-01-12,MACH-035,Osaka
SAL-5DF6593C,USR-54A1708E,Georgia Coffee,2025-10-15,MACH-047,Tokyo
SAL-143C807B,USR-5C511437,Georgia Coffee,2025-09-11,MACH-010,Hokkaido
SAL-6A4BB8AF,USR-BCE142DC,Georgia Coffee,2025-10-31,MACH-001,Hyogo
SAL-36CA3B36,USR-326C1F96,Coca-Cola,2025-09-16,MACH-025,Saitama
SAL-8FAA93B6,USR-94E49CA8,Georgia Coffee,2025-10-29,MACH-049,Tokyo
SAL-6C1C0683,USR-160C84CD,Coca-Cola,2026-01-19,MACH-005,Saitama
SAL-812CAC97,USR-26D7D111,Georgia Coffee,2026-01-01,MACH-037,Kyoto
SAL-058500B7,USR-493CDC05,Georgia Coffee,2026-02-24,MACH-040,Aichi
SAL-7F256533,USR-B7BC5949,Coca-Cola,2025-11-01,MACH-044,Kyoto
SAL-40C1404C,USR-664A3267,Georgia Coffee,2025-11-29,MACH-041,Tokyo
SAL-8DE99250,USR-0ABF0AD6,Georgia Coffee,2025-10-11,MACH-028,Kanagawa
SAL-DDEF5B2A,USR-9B4D256D,Fanta,2026-02-12,MACH-047,Tokyo
SAL-5D1A3F87,USR-147E3806,Georgia Coffee,2025-12-10,MACH-017,Hokkaido
SAL-A29CB93A,USR-08AF2072,Georgia Coffee,2025-09-07,MACH-028,Kanagawa
SAL-2E4217C9,USR-F4F68580,Georgia Coffee,2025-09-12,MACH-040,Aichi
SAL-927C9E57,USR-882C49DC,Georgia Coffee,2025-12-13,MACH-009,Tokyo
SAL-B432D0EA,USR-98380C97,Georgia Coffee,2025-12-14,MACH-027,Saitama
SAL-1DCED7E0,USR-A22D6DAF,Georgia Coffee,2025-12-26,MACH-029,Fukuoka
SAL-530FC8DD,USR-A478E443,Coca-Cola,2025-12-04,MACH-022,Hokkaido
SAL-FDD8D050,USR-C4BA74A2,Georgia Coffee,2025-10-06,MACH-047,Tokyo
SAL-696F398D,USR-A52F6A51,Coca-Cola,2025-10-27,MACH-046,Saitama
SAL-91C2E5BF,USR-487BD7ED,Water,2026-02-17,MACH-040,Aichi
SAL-A8A5C226,USR-8C79D607,Georgia Coffee,2026-01-20,MACH-049,Tokyo
SAL-A5373C83,USR-E0EBCAA9,Georgia Coffee,2026-02-13,MACH-020,Fukuoka
SAL-36F09FED,USR-0E1E0EAE,Coca-Cola,2025-12-31,MACH-007,Fukuoka
SAL-76555746,USR-420F237F,Georgia Coffee,2025-11-17,MACH-050,Tokyo
SAL-5F3CC726,USR-FA7A4B59,Fanta,2025-10-27,MACH-022,Hokkaido
SAL-EBCD2B07,USR-5B58CB95,Georgia Coffee,2026-02-17,MACH-025,Saitama
SAL-261150D6,USR-E79B3EA6,Coca-Cola,2025-10-18,MACH-029,Fukuoka
SAL-BA958A1A,USR-F96408B3,Georgia Coffee,2025-12-09,MACH-037,Kyoto
SAL-B44E283E,USR-326C1F96,Georgia Coffee,2026-02-23,MACH-037,Kyoto
SAL-2515C966,USR-C012A5E4,Water,2025-12-13,MACH-037,Kyoto
SAL-7C3813FA,USR-33FFBC8E,Coca-Cola,2025-10-10,MACH-027,Saitama
SAL-B57C7E07,USR-4532CF9F,Coca-Cola,2025-10-05,MACH-049,Tokyo
SAL-24C2FB29,USR-A2A97C1E,Georgia Coffee,2026-02-05,MACH-049,Tokyo
SAL-DEB7A2B6,USR-E035029C,Georgia Coffee,2026-02-09,MACH-003,Kyoto
SAL-752783D6,USR-160C84CD,Georgia Coffee,2025-09-18,MACH-006,Fukuoka
SAL-83503467,USR-F4F68580,Georgia Coffee,2025-09-15,MACH-022,Hokkaido
SAL-C58D239F,USR-BFA1DFA4,Georgia Coffee,2025-12-02,MACH-013,Fukuoka
SAL-2B03E310,USR-E4B0FBF1,Fanta,2025-09-18,MACH-024,Tokyo
SAL-94A02107,USR-E820D24C,Georgia Coffee,2026-01-29,MACH-029,Fukuoka
SAL-B797C976,USR-7A115B9E,Georgia Coffee,2025-10-16,MACH-019,Chiba
SAL-C281CB0B,USR-5C511437,Water,2026-01-23,MACH-011,Osaka
SAL-6CDCE6E0,USR-71203D61,Coca-Cola,2025-10-13,MACH-027,Saitama
SAL-8BB9E991,USR-41119228,Georgia Coffee,2026-02-07,MACH-027,Saitama
SAL-398E5A2D,USR-1AAF82F9,Aquarius,2026-02-09,MACH-031,Tokyo
SAL-F565821D,USR-BF0CDBD4,Georgia Coffee,2026-02-25,MACH-016,Aichi
SAL-A72DD740,USR-98AC69D2,Water,2025-10-09,MACH-029,Fukuoka
SAL-803FA0F0,USR-766D18A9,Georgia Coffee,2025-10-06,MACH-025,Saitama
SAL-BB57762C,USR-4532CF9F,Georgia Coffee,2025-10-15,MACH-028,Kanagawa
SAL-ECB0D80D,USR-053007FF,Georgia Coffee,2026-01-26,MACH-002,Hyogo
SAL-44EB4FB5,USR-E99E5160,Water,2026-02-20,MACH-037,Kyoto
SAL-982E4915,USR-A7BF8F45,Georgia Coffee,2025-09-23,MACH-024,Tokyo
SAL-19C6525E,USR-E035029C,Georgia Coffee,2026-02-08,MACH-020,Fukuoka
SAL-09AA6784,USR-119F4985,Water,2025-10-10,MACH-008,Osaka
SAL-0B1A85C6,USR-FC35A1BC,Georgia Coffee,2026-02-20,MACH-013,Fukuoka
SAL-E9C6B024,USR-6875C74B,Water,2025-09-23,MACH-037,Kyoto
SAL-19B986D3,USR-CB6ABB03,Georgia Coffee,2026-01-31,MACH-027,Saitama
SAL-AB602E0C,USR-CFFD9ADB,Fanta,2025-11-05,MACH-039,Hokkaido
SAL-2868CFBD,USR-A0180BCD,Georgia Coffee,2026-01-05,MACH-021,Fukuoka
SAL-FA4E8F3C,USR-1AAF82F9,Georgia Coffee,2026-02-15,MACH-016,Aichi
SAL-1632CC22,USR-D34E6306,Georgia Coffee,2025-12-25,MACH-028,Kanagawa
SAL-FB26781F,USR-FA7A4B59,Georgia Coffee,2026-02-17,MACH-026,Aichi
SAL-3A3F088E,USR-7BC12352,Coca-Cola,2026-02-08,MACH-001,Hyogo
SAL-1FEFF93C,USR-793BBFE5,Fanta,2025-11-18,MACH-025,Saitama
SAL-FF983863,USR-725BB1B2,Coca-Cola,2025-12-08,MACH-025,Saitama
SAL-4CE9CF09,USR-35B9F36D,Georgia Coffee,2025-11-10,MACH-045,Tokyo
SAL-5FF9C442,USR-405505F7,Coca-Cola,2026-01-11,MACH-028,Kanagawa
SAL-D615EA73,USR-FA7A4B59,Georgia Coffee,2025-10-05,MACH-023,Saitama
SAL-BFA61462,USR-93E4096A,Fanta,2025-11-13,MACH-018,Chiba
SAL-4B20D91F,USR-08AF2072,Coca-Cola,2026-02-20,MACH-006,Fukuoka
SAL-46780965,USR-C4222950,Georgia Coffee,2025-11-22,MACH-033,Tokyo
SAL-6FDD60AB,USR-BC61D898,Georgia Coffee,2025-10-04,MACH-049,Tokyo
SAL-909AD538,USR-9E0BB6BF,Georgia Coffee,2025-10-17,MACH-024,Tokyo
SAL-C14D44A5,USR-6FC1024D,Coca-Cola,2025-11-01,MACH-005,Saitama
SAL-B26D8F74,USR-48D6572D,Georgia Coffee,2025-11-28,MACH-040,Aichi
SAL-429EA6C2,USR-D6C2FAB3,Coca-Cola,2026-02-09,MACH-026,Aichi
SAL-E9E79486,USR-95101C30,Coca-Cola,2026-02-05,MACH-008,Osaka
SAL-C0E2609E,USR-7B3A0005,Georgia Coffee,2025-10-23,MACH-048,Osaka
SAL-E64BFD50,USR-A22D6DAF,Georgia Coffee,2025-09-25,MACH-046,Saitama
SAL-B3847A61,USR-3293A67F,Georgia Coffee,2025-12-21,MACH-044,Kyoto
SAL-FDA39357,USR-FC35A1BC,Water,2025-09-22,MACH-025,Saitama
SAL-5EFEB499,USR-B587B453,Georgia Coffee,2025-10-21,MACH-031,Tokyo
SAL-FE28F65A,USR-4ED84E1A,Georgia Coffee,2026-01-06,MACH-039,Hokkaido
SAL-5A71ADA0,USR-E035029C,Coca-Cola,2025-11-14,MACH-047,Tokyo
SAL-0900429C,USR-B856DC04,Coca-Cola,2025-09-17,MACH-029,Fukuoka
SAL-5D637DEF,USR-EC8C373E,Georgia Coffee,2025-09-22,MACH-012,Tokyo
SAL-4ACA7854,USR-0C7189C7,Georgia Coffee,2026-01-18,MACH-037,Kyoto
SAL-BC2C2F93,USR-1965E406,Georgia Coffee,2025-10-03,MACH-045,Tokyo
SAL-4C37362F,USR-7F6AF919,Aquarius,2025-10-19,MACH-021,Fukuoka
SAL-719C4109,USR-2069AFAC,Water,2025-10-13,MACH-026,Aichi
SAL-F623DB6B,USR-420F237F,Georgia Coffee,2025-11-16,MACH-039,Hokkaido
SAL-6D1176A6,USR-BF611AA1,Georgia Coffee,2025-11-14,MACH-014,Aichi
SAL-8B847581,USR-2E171F95,Coca-Cola,2025-11-29,MACH-048,Osaka
SAL-2CDF1182,USR-1CF16CBD,Georgia Coffee,2026-02-16,MACH-044,Kyoto
SAL-8B0825DA,USR-BF46D543,Georgia Coffee,2025-10-13,MACH-005,Saitama
SAL-69B521C1,USR-5D94DB19,Coca-Cola,2025-11-29,MACH-047,Tokyo
SAL-94314DB3,USR-E7A7BC78,Coca-Cola,2025-12-21,MACH-006,Fukuoka
SAL-A82AB147,USR-1EAA4DD7,Coca-Cola,2025-12-25,MACH-001,Hyogo
SAL-B56043BC,USR-13638586,Fanta,2025-11-22,MACH-038,Hokkaido
SAL-6A8B695B,USR-4407CE18,Coca-Cola,2025-12-03,MACH-045,Tokyo
SAL-0F9176BE,USR-EC8C373E,Water,2025-09-18,MACH-037,Kyoto
SAL-6B20C415,USR-30CBAA79,Coca-Cola,2025-11-22,MACH-029,Fukuoka
SAL-5A5A8E43,USR-409169AE,Georgia Coffee,2026-01-02,MACH-024,Tokyo
SAL-39372543,USR-6F0F2176,Aquarius,2026-01-05,MACH-021,Fukuoka
SAL-2BA0F07F,USR-B979DECB,Georgia Coffee,2025-10-20,MACH-015,Tokyo
SAL-4F0208F9,USR-A478E443,Fanta,2026-02-25,MACH-035,Osaka
SAL-52EF2822,USR-DB05FD71,Georgia Coffee,2025-12-14,MACH-030,Saitama
SAL-2135BD72,USR-42A1B969,Georgia Coffee,2025-10-08,MACH-048,Osaka
SAL-0900910E,USR-BCE142DC,Aquarius,2025-09-08,MACH-009,Tokyo
SAL-5BF3FB39,USR-D44687D1,Georgia Coffee,2026-02-10,MACH-010,Hokkaido
SAL-0F3A6433,USR-A0180BCD,Georgia Coffee,2025-12-22,MACH-043,Chiba
SAL-5AC3B027,USR-626BEA3B,Georgia Coffee,2026-01-31,MACH-002,Hyogo
SAL-2E650ADB,USR-C05C9F63,Georgia Coffee,2025-11-10,MACH-022,Hokkaido
SAL-D62E9522,USR-7A115B9E,Water,2025-12-11,MACH-011,Osaka
SAL-4309CB3B,USR-A16B62A5,Georgia Coffee,2026-01-20,MACH-018,Chiba
SAL-B6EA0A42,USR-409169AE,Georgia Coffee,2026-02-04,MACH-047,Tokyo
SAL-84433D4D,USR-053007FF,Coca-Cola,2025-10-12,MACH-032,Aichi
SAL-F435D6EB,USR-9F0F60CA,Fanta,2025-12-01,MACH-007,Fukuoka
SAL-15485312,USR-29112E45,Georgia Coffee,2026-03-01,MACH-031,Tokyo
SAL-393C164B,USR-D368E499,Georgia Coffee,2025-11-01,MACH-034,Kanagawa
SAL-29CA31D8,USR-B7BC5949,Georgia Coffee,2025-10-27,MACH-027,Saitama
SAL-D76D282C,USR-41119228,Georgia Coffee,2025-11-19,MACH-041,Tokyo
SAL-20F0C099,USR-4A7D1F6A,Georgia Coffee,2025-11-20,MACH-044,Kyoto
SAL-6848C5BE,USR-8F42AE70,Coca-Cola,2025-10-03,MACH-039,Hokkaido
SAL-A1D131CC,USR-4A2E3634,Water,2025-11-28,MACH-047,Tokyo
SAL-E520F9CE,USR-2205CE74,Aquarius,2025-10-04,MACH-024,Tokyo
SAL-AE33794C,USR-AAF95268,Coca-Cola,2025-09-18,MACH-002,Hyogo
SAL-EF1EDC2A,USR-E8D0AF1F,Georgia Coffee,2025-11-04,MACH-014,Aichi
SAL-79B99617,USR-002BFF17,Fanta,2025-10-31,MACH-021,Fukuoka
SAL-6887FAED,USR-B7C71473,Georgia Coffee,2026-01-01,MACH-018,Chiba
SAL-B8CE3B3E,USR-8ED23E53,Fanta,2025-11-25,MACH-045,Tokyo
SAL-31E9F93D,USR-43F31FCF,Aquarius,2025-11-23,MACH-041,Tokyo
SAL-A1F974D7,USR-C931D377,Coca-Cola,2025-10-30,MACH-046,Saitama
SAL-A352D2E6,USR-8EAE3784,Georgia Coffee,2025-11-04,MACH-032,Aichi
SAL-990E36AB,USR-3665D7CE,Fanta,2025-09-06,MACH-021,Fukuoka
SAL-1D6FAA20,USR-190968EF,Coca-Cola,2025-12-09,MACH-049,Tokyo
SAL-CCE9F0D9,USR-B7BC5949,Coca-Cola,2025-09-22,MACH-034,Kanagawa
SAL-535A436B,USR-66CDD224,Georgia Coffee,2025-11-09,MACH-005,Saitama
SAL-4588AC54,USR-487BD7ED,Water,2025-10-21,MACH-011,Osaka
SAL-521E3303,USR-F1FAF409,Georgia Coffee,2025-09-17,MACH-031,Tokyo
SAL-34C4EA75,USR-85C8BFC9,Water,2025-09-02,MACH-021,Fukuoka
SAL-9A001897,USR-989C14B1,Coca-Cola,2026-01-03,MACH-036,Kyoto
SAL-098E9E85,USR-1EF21D82,Coca-Cola,2025-11-22,MACH-032,Aichi
SAL-C5624906,USR-26D7D111,Georgia Coffee,2026-01-17,MACH-013,Fukuoka
SAL-374E9D50,USR-5860A001,Georgia Coffee,2026-02-01,MACH-039,Hokkaido
SAL-ACA870F6,USR-810068EE,Georgia Coffee,2025-09-17,MACH-048,Osaka
SAL-118AD549,USR-675F6CF4,Coca-Cola,2026-01-09,MACH-019,Chiba
SAL-7E7A5742,USR-9F205CAC,Water,2025-12-19,MACH-045,Tokyo
SAL-754D79EC,USR-A65FC6EE,Georgia Coffee,2025-11-17,MACH-017,Hokkaido
SAL-7168E528,USR-A5B1C25E,Water,2025-09-08,MACH-002,Hyogo
SAL-02B5D325,USR-A05F75EC,Georgia Coffee,2025-12-18,MACH-006,Fukuoka
SAL-25E19B11,USR-3DE7126B,Georgia Coffee,2025-10-09,MACH-029,Fukuoka
SAL-F19338B0,USR-638FD779,Water,2025-10-12,MACH-039,Hokkaido
SAL-E9EEF106,USR-8904E8C4,Georgia Coffee,2025-09-29,MACH-018,Chiba
SAL-368E2694,USR-664A3267,Georgia Coffee,2026-03-01,MACH-039,Hokkaido
SAL-E8D652F7,USR-929A9B99,Georgia Coffee,2026-01-30,MACH-002,Hyogo
SAL-50513D24,USR-91C6EA12,Georgia Coffee,2025-11-24,MACH-036,Kyoto
SAL-C85B1783,USR-35B9F36D,Coca-Cola,2025-11-21,MACH-047,Tokyo
SAL-1EBD2D87,USR-26D7D111,Georgia Coffee,2026-02-09,MACH-028,Kanagawa
SAL-8226828B,USR-A2A97C1E,Water,2025-10-17,MACH-021,Fukuoka
SAL-BE979DA4,USR-FF1D6FE1,Georgia Coffee,2025-09-10,MACH-042,Tokyo
SAL-90E46454,USR-98380C97,Georgia Coffee,2026-01-25,MACH-003,Kyoto
SAL-8C1A16D6,USR-C361A229,Fanta,2025-10-05,MACH-032,Aichi
SAL-80567BA7,USR-658512AC,Coca-Cola,2025-10-07,MACH-010,Hokkaido
SAL-945F4298,USR-0D026F77,Georgia Coffee,2025-11-01,MACH-006,Fukuoka
SAL-D6CCA32D,USR-B02FDFDE,Georgia Coffee,2025-12-02,MACH-022,Hokkaido
SAL-DD063957,USR-7B1ECD3F,Coca-Cola,2025-09-19,MACH-032,Aichi
SAL-F22F2EDF,USR-CAE4EAE1,Coca-Cola,2026-01-14,MACH-027,Saitama
SAL-232ECBBC,USR-C08CE81E,Water,2026-02-26,MACH-010,Hokkaido
SAL-4F168791,USR-41119228,Georgia Coffee,2025-10-25,MACH-029,Fukuoka
SAL-FAC191AB,USR-5F4BB9BB,Georgia Coffee,2025-11-07,MACH-015,Tokyo
SAL-F7FCBCDD,USR-E79B3EA6,Georgia Coffee,2026-02-23,MACH-036,Kyoto
SAL-7AD48F42,USR-2D01E1CC,Georgia Coffee,2026-02-27,MACH-015,Tokyo
SAL-CDF07665,USR-3293A67F,Fanta,2025-10-28,MACH-049,Tokyo
SAL-40B3C299,USR-14FC24AA,Georgia Coffee,2025-10-07,MACH-033,Tokyo
SAL-16E58E15,USR-4D0AD1D6,Georgia Coffee,2026-02-11,MACH-043,Chiba
SAL-8928A473,USR-E79B3EA6,Coca-Cola,2025-11-15,MACH-032,Aichi
SAL-8FCBFF09,USR-FBCF129D,Georgia Coffee,2026-02-27,MACH-027,Saitama
SAL-EA4F825A,USR-725BB1B2,Georgia Coffee,2025-10-23,MACH-038,Hokkaido
SAL-DABA23FE,USR-13FC0DF2,Georgia Coffee,2026-01-29,MACH-032,Aichi
SAL-E55D05B2,USR-147E3806,Coca-Cola,2025-09-22,MACH-038,Hokkaido
SAL-3E6787BD,USR-7210012C,Georgia Coffee,2025-10-14,MACH-026,Aichi
SAL-20238FFF,USR-1EAA4DD7,Water,2025-09-03,MACH-041,Tokyo
SAL-209E70C6,USR-4A2E3634,Georgia Coffee,2025-11-09,MACH-036,Kyoto
SAL-A9B63ADD,USR-10298F26,Georgia Coffee,2025-10-12,MACH-013,Fukuoka
SAL-B9CBD484,USR-26B53790,Georgia Coffee,2025-11-24,MACH-017,Hokkaido
SAL-E2519386,USR-9076FBB0,Georgia Coffee,2025-11-14,MACH-029,Fukuoka
SAL-E2F7545C,USR-351F873B,Coca-Cola,2026-02-15,MACH-043,Chiba
SAL-4AB94786,USR-70731286,Georgia Coffee,2025-10-24,MACH-029,Fukuoka
SAL-F62F6816,USR-7BC12352,Water,2025-10-24,MACH-013,Fukuoka
SAL-3DC9AE10,USR-E0EBCAA9,Water,2026-02-25,MACH-044,Kyoto
SAL-3752B2C9,USR-DB05FD71,Georgia Coffee,2025-11-18,MACH-024,Tokyo
SAL-398C61EE,USR-2480924D,Water,2026-02-09,MACH-015,Tokyo
SAL-35B065F2,USR-3665D7CE,Georgia Coffee,2025-11-05,MACH-014,Aichi
SAL-64639B75,USR-C7E81044,Georgia Coffee,2025-09-05,MACH-014,Aichi
SAL-E814B08F,USR-409169AE,Fanta,2025-11-26,MACH-014,Aichi
SAL-AEE2993F,USR-4374EFE0,Georgia Coffee,2025-12-10,MACH-047,Tokyo
SAL-8F1D0447,USR-31D7E8A6,Georgia Coffee,2025-12-11,MACH-039,Hokkaido
SAL-1DB53FB1,USR-818CA7A2,Coca-Cola,2026-01-05,MACH-031,Tokyo
SAL-848E2CBE,USR-3DFF8801,Coca-Cola,2026-02-19,MACH-016,Aichi
SAL-CC14F829,USR-966623B4,Georgia Coffee,2025-09-02,MACH-002,Hyogo
SAL-E3502682,USR-4532CF9F,Georgia Coffee,2025-09-04,MACH-018,Chiba
SAL-7929D15E,USR-B6FA48D1,Coca-Cola,2025-12-24,MACH-025,Saitama
SAL-F8299CFB,USR-46D25772,Georgia Coffee,2025-10-12,MACH-007,Fukuoka
SAL-2B022FCF,USR-337DA9CD,Water,2026-02-14,MACH-013,Fukuoka
SAL-20DE2052,USR-1AF015D1,Water,2025-09-21,MACH-018,Chiba
SAL-DCAB770B,USR-63522889,Georgia Coffee,2025-11-17,MACH-008,Osaka
SAL-B4728F0C,USR-5860A001,Fanta,2025-12-27,MACH-014,Aichi
SAL-846C4D43,USR-2FDA5E0C,Fanta,2026-02-23,MACH-002,Hyogo
SAL-05603932,USR-2941F913,Georgia Coffee,2026-01-01,MACH-006,Fukuoka
SAL-2E1D0DC2,USR-9EF906C3,Georgia Coffee,2026-01-28,MACH-045,Tokyo
SAL-3619954A,USR-8EAE3784,Coca-Cola,2025-09-07,MACH-045,Tokyo
SAL-90FA083A,USR-0CC34EE0,Georgia Coffee,2026-02-26,MACH-010,Hokkaido
SAL-879E41DB,USR-D1B30237,Georgia Coffee,2026-02-22,MACH-025,Saitama
SAL-2B11EE92,USR-F22D56C7,Water,2025-12-21,MACH-001,Hyogo
SAL-34CFB292,USR-B701BCD2,Coca-Cola,2026-02-17,MACH-005,Saitama
SAL-C7E8BEEC,USR-FF1D6FE1,Coca-Cola,2025-11-12,MACH-046,Saitama
SAL-A09B864D,USR-E79B3EA6,Coca-Cola,2025-10-23,MACH-018,Chiba
SAL-549347E6,USR-51F0CDE8,Georgia Coffee,2025-10-20,MACH-016,Aichi
SAL-C1CDB4EA,USR-9D919DA6,Fanta,2025-09-02,MACH-042,Tokyo
SAL-81A3F667,USR-A22D6DAF,Coca-Cola,2025-12-22,MACH-036,Kyoto
SAL-50717C26,USR-49A35BE3,Water,2025-10-31,MACH-046,Saitama
SAL-8C29799C,USR-4D2AAA22,Coca-Cola,2025-11-14,MACH-024,Tokyo
SAL-ADEAF24C,USR-BCFE7342,Georgia Coffee,2025-12-27,MACH-031,Tokyo
SAL-9E87D45B,USR-2941F913,Georgia Coffee,2026-02-17,MACH-024,Tokyo
SAL-3FD98AC3,USR-7BC12352,Coca-Cola,2025-10-09,MACH-021,Fukuoka
SAL-2A8B86D7,USR-4CCAD281,Aquarius,2025-12-15,MACH-028,Kanagawa
SAL-9D812CA9,USR-E6D96DC4,Coca-Cola,2025-11-15,MACH-010,Hokkaido
SAL-9274F237,USR-0E1E0EAE,Georgia Coffee,2026-01-06,MACH-044,Kyoto
SAL-A69D11E6,USR-D062DBF9,Georgia Coffee,2025-12-21,MACH-006,Fukuoka
SAL-91C3F293,USR-97253F75,Georgia Coffee,2025-10-07,MACH-022,Hokkaido
SAL-89D09976,USR-31D7E8A6,Georgia Coffee,2025-12-30,MACH-029,Fukuoka
SAL-BC0B7B8F,USR-A6473A39,Georgia Coffee,2026-02-23,MACH-011,Osaka
SAL-6B7B6624,USR-989C14B1,Coca-Cola,2026-01-09,MACH-041,Tokyo
SAL-08BC1326,USR-24617DD7,Coca-Cola,2026-01-18,MACH-041,Tokyo
SAL-53C56DC4,USR-8C79D607,Georgia Coffee,2026-01-26,MACH-009,Tokyo
SAL-1FB75DD4,USR-B02FDFDE,Water,2026-02-26,MACH-026,Aichi
SAL-BD4F70F0,USR-BCFE7342,Georgia Coffee,2025-09-30,MACH-033,Tokyo
SAL-77E575ED,USR-1EC10A79,Georgia Coffee,2025-09-28,MACH-037,Kyoto
SAL-F5799BB6,USR-D368E499,Georgia Coffee,2026-01-20,MACH-043,Chiba
SAL-3B7658EE,USR-6F35E759,Water,2025-10-30,MACH-044,Kyoto
SAL-4CD920BF,USR-A478E443,Coca-Cola,2026-01-05,MACH-008,Osaka
SAL-0D1CE01F,USR-5B58CB95,Georgia Coffee,2025-12-06,MACH-036,Kyoto
SAL-7FDFFA65,USR-A69085FD,Coca-Cola,2026-02-17,MACH-026,Aichi
SAL-FF1C5E29,USR-42A1B969,Aquarius,2025-12-15,MACH-045,Tokyo
SAL-31525883,USR-92263BBF,Georgia Coffee,2025-10-29,MACH-041,Tokyo
SAL-E38567BF,USR-7FCEC881,Coca-Cola,2026-02-26,MACH-049,Tokyo
SAL-2728BA50,USR-E5B237A6,Georgia Coffee,2026-01-09,MACH-007,Fukuoka
SAL-A85854D1,USR-D46CAA4A,Georgia Coffee,2025-09-20,MACH-045,Tokyo
SAL-895B264F,USR-D47055A5,Georgia Coffee,2025-12-14,MACH-020,Fukuoka
SAL-E052EE7F,USR-A22D6DAF,Water,2026-02-12,MACH-007,Fukuoka
SAL-9F748213,USR-D1B30237,Georgia Coffee,2025-09-08,MACH-002,Hyogo
SAL-97AAE14F,USR-4407CE18,Georgia Coffee,2025-10-25,MACH-012,Tokyo
SAL-78576686,USR-D46CAA4A,Georgia Coffee,2025-11-05,MACH-029,Fukuoka
SAL-50B9C18C,USR-FD8C8981,Georgia Coffee,2025-12-02,MACH-043,Chiba
SAL-B4178BE5,USR-5AD403AF,Georgia Coffee,2026-02-01,MACH-020,Fukuoka
SAL-99285549,USR-3EC0898E,Coca-Cola,2025-10-25,MACH-020,Fukuoka
SAL-D3BA095D,USR-BB1F9A40,Coca-Cola,2026-01-02,MACH-041,Tokyo
SAL-9E40B710,USR-82264AE0,Georgia Coffee,2026-02-22,MACH-032,Aichi
SAL-7C3FB41E,USR-5090593D,Coca-Cola,2025-11-30,MACH-002,Hyogo
SAL-992BEEEC,USR-6EEFB044,Coca-Cola,2025-12-09,MACH-049,Tokyo
SAL-47803190,USR-B979DECB,Coca-Cola,2025-12-19,MACH-045,Tokyo
SAL-C95F7EEC,USR-B7BC5949,Aquarius,2025-11-30,MACH-044,Kyoto
SAL-B46FC0EB,USR-A13CBA50,Georgia Coffee,2025-12-08,MACH-003,Kyoto
SAL-3B488353,USR-9B96BE1B,Coca-Cola,2025-09-24,MACH-031,Tokyo
SAL-F0D2B5E5,USR-74DAD1CF,Water,2025-09-23,MACH-016,Aichi
SAL-B2F62DA1,USR-664A3267,Georgia Coffee,2026-02-10,MACH-007,Fukuoka
SAL-10F6820E,USR-B791CF04,Aquarius,2025-11-27,MACH-016,Aichi
SAL-4A8B7D3C,USR-12274D44,Coca-Cola,2025-09-10,MACH-021,Fukuoka
SAL-81D1531B,USR-0CC34EE0,Coca-Cola,2026-03-01,MACH-029,Fukuoka
SAL-72815ED4,USR-73D06C61,Georgia Coffee,2025-09-26,MACH-001,Hyogo
SAL-D5B39AB8,USR-638FD779,Georgia Coffee,2026-02-21,MACH-038,Hokkaido
SAL-41561CB7,USR-493CDC05,Water,2025-10-18,MACH-042,Tokyo
SAL-A5AF8126,USR-74DAD1CF,Georgia Coffee,2026-01-17,MACH-042,Tokyo
SAL-D002A1E5,USR-1940B78A,Georgia Coffee,2026-01-29,MACH-008,Osaka
SAL-CD961E8D,USR-7D413B79,Water,2025-10-16,MACH-029,Fukuoka
SAL-B5341CF3,USR-B204FD30,Georgia Coffee,2025-09-12,MACH-019,Chiba
SAL-68DDEA97,USR-DFD0624C,Aquarius,2025-09-30,MACH-044,Kyoto
SAL-3FC1E67C,USR-1EC10A79,Coca-Cola,2025-09-21,MACH-019,Chiba
SAL-B30C7F1F,USR-9D919DA6,Georgia Coffee,2026-02-16,MACH-012,Tokyo
SAL-BF34941F,USR-8C6D82E4,Coca-Cola,2025-10-29,MACH-022,Hokkaido
SAL-0AB2E946,USR-7AB6C2DF,Georgia Coffee,2026-01-06,MACH-015,Tokyo
SAL-5B305413,USR-1BF97DEB,Georgia Coffee,2026-02-28,MACH-008,Osaka
SAL-4CED4491,USR-FFF83EBA,Coca-Cola,2025-10-05,MACH-048,Osaka
SAL-7E1AB4C1,USR-996CC4D5,Coca-Cola,2025-09-08,MACH-029,Fukuoka
SAL-32E34AD8,USR-160C84CD,Coca-Cola,2026-02-27,MACH-028,Kanagawa
SAL-BD3DE650,USR-2069AFAC,Georgia Coffee,2026-02-26,MACH-024,Tokyo
SAL-3508F26F,USR-B3B771CD,Georgia Coffee,2025-12-18,MACH-031,Tokyo
SAL-67C17287,USR-E0EA0D7E,Georgia Coffee,2026-01-22,MACH-045,Tokyo
SAL-4941AC06,USR-9575A62F,Aquarius,2025-09-24,MACH-017,Hokkaido
SAL-5A01D432,USR-7B1ECD3F,Georgia Coffee,2025-12-02,MACH-031,Tokyo
SAL-D725D584,USR-0AE853FE,Coca-Cola,2025-11-03,MACH-014,Aichi
SAL-9B3DCED0,USR-4A2E3634,Georgia Coffee,2026-02-19,MACH-040,Aichi
SAL-122A7BDB,USR-0232338A,Coca-Cola,2026-01-02,MACH-005,Saitama
SAL-6C6F3CA1,USR-420F237F,Georgia Coffee,2025-10-19,MACH-038,Hokkaido
SAL-F97699DE,USR-71FFFEE9,Georgia Coffee,2025-09-12,MACH-015,Tokyo
SAL-D7308D65,USR-736C23F9,Georgia Coffee,2025-10-06,MACH-048,Osaka
SAL-A0DD2D6F,USR-3665D7CE,Coca-Cola,2025-12-06,MACH-004,Chiba
SAL-6401D9E7,USR-6019061F,Georgia Coffee,2025-09-30,MACH-034,Kanagawa
SAL-28557F22,USR-7A115B9E,Water,2026-01-15,MACH-001,Hyogo
SAL-DC6EC286,USR-F32FBBD6,Georgia Coffee,2025-10-07,MACH-021,Fukuoka
SAL-B32C81B0,USR-7FCEC881,Coca-Cola,2026-01-02,MACH-014,Aichi
SAL-18C7C6EC,USR-E0EBCAA9,Georgia Coffee,2026-01-02,MACH-031,Tokyo
SAL-ACE7451E,USR-002BFF17,Coca-Cola,2025-12-10,MACH-036,Kyoto
SAL-9E6434F4,USR-F96408B3,Georgia Coffee,2025-09-20,MACH-010,Hokkaido
SAL-64F45F17,USR-422D1A35,Coca-Cola,2026-01-10,MACH-010,Hokkaido
SAL-F305BD97,USR-3E6188A3,Coca-Cola,2026-01-02,MACH-033,Tokyo
SAL-5B52E5A3,USR-31D7E8A6,Georgia Coffee,2025-11-04,MACH-041,Tokyo
SAL-818625AA,USR-6A81FA93,Georgia Coffee,2026-02-09,MACH-024,Tokyo
SAL-2D486A7E,USR-5D94DB19,Coca-Cola,2025-11-08,MACH-027,Saitama
SAL-A6D0CA41,USR-385E96AB,Coca-Cola,2025-09-12,MACH-021,Fukuoka
SAL-1C4FEB45,USR-2941F913,Fanta,2025-10-21,MACH-043,Chiba
SAL-8A306FF5,USR-5C26D66C,Water,2025-12-11,MACH-029,Fukuoka
SAL-7D5D2D85,USR-50FAFF7B,Georgia Coffee,2025-10-29,MACH-048,Osaka
SAL-49E4E8C4,USR-A6473A39,Georgia Coffee,2026-02-06,MACH-033,Tokyo
SAL-A7025698,USR-2E171F95,Coca-Cola,2026-02-11,MACH-011,Osaka
SAL-77E37C99,USR-9A72C9F3,Georgia Coffee,2025-11-14,MACH-032,Aichi
SAL-F47FABD4,USR-1AF015D1,Georgia Coffee,2026-02-02,MACH-002,Hyogo
SAL-1BFAA343,USR-E1B112B9,Water,2025-09-23,MACH-046,Saitama
SAL-8415A978,USR-5119F1C8,Georgia Coffee,2026-02-13,MACH-003,Kyoto
SAL-0570A366,USR-7A115B9E,Water,2025-11-12,MACH-026,Aichi
SAL-675183B8,USR-381CF2B0,Georgia Coffee,2026-02-03,MACH-021,Fukuoka
SAL-F2D6C07F,USR-7B550EB9,Georgia Coffee,2025-12-31,MACH-033,Tokyo
SAL-CCD65B42,USR-06FC311A,Georgia Coffee,2026-02-25,MACH-038,Hokkaido
SAL-8D9979FE,USR-1AF67160,Coca-Cola,2026-02-23,MACH-039,Hokkaido
SAL-A06D5510,USR-F8180FCD,Georgia Coffee,2026-01-26,MACH-006,Fukuoka
SAL-F789C056,USR-7A6E928C,Coca-Cola,2025-11-28,MACH-035,Osaka
SAL-58A34245,USR-8213053B,Georgia Coffee,2025-09-18,MACH-017,Hokkaido
SAL-D9A87F33,USR-4C9793D5,Georgia Coffee,2025-11-10,MACH-019,Chiba
SAL-2667D85D,USR-50FAFF7B,Georgia Coffee,2025-11-21,MACH-021,Fukuoka
SAL-8E50AAEA,USR-B56C60DA,Water,2025-10-20,MACH-023,Saitama
SAL-F9385188,USR-6E85A692,Georgia Coffee,2026-01-12,MACH-044,Kyoto
SAL-8CCF23DE,USR-E872C046,Coca-Cola,2026-02-02,MACH-028,Kanagawa
SAL-54BF737C,USR-4173CC88,Georgia Coffee,2026-02-05,MACH-009,Tokyo
SAL-081204B5,USR-19498748,Coca-Cola,2026-02-24,MACH-044,Kyoto
SAL-5351D179,USR-A65FC6EE,Coca-Cola,2026-01-21,MACH-021,Fukuoka
SAL-F5E1F69A,USR-2D526507,Georgia Coffee,2026-01-28,MACH-034,Kanagawa
SAL-7EF34B9F,USR-F1FAF409,Georgia Coffee,2025-11-15,MACH-041,Tokyo
SAL-8670A507,USR-E65E15CB,Water,2026-02-11,MACH-022,Hokkaido
SAL-2C430F87,USR-37DCA4A3,Georgia Coffee,2026-01-07,MACH-024,Tokyo
SAL-19700CF5,USR-0E004C2A,Coca-Cola,2025-11-10,MACH-037,Kyoto
SAL-52D291B6,USR-5C26D66C,Georgia Coffee,2025-10-09,MACH-017,Hokkaido
SAL-0311715D,USR-E6D96DC4,Coca-Cola,2025-10-03,MACH-025,Saitama
SAL-1A9CC12B,USR-9F0F60CA,Georgia Coffee,2025-12-11,MACH-001,Hyogo
SAL-1A8FCE73,USR-664A3267,Fanta,2025-11-06,MACH-032,Aichi
SAL-D6F22CED,USR-2FE3E350,Georgia Coffee,2026-01-20,MACH-038,Hokkaido
SAL-B920482E,USR-C05C9F63,Georgia Coffee,2026-01-25,MACH-027,Saitama
SAL-6BE14F3B,USR-DBCAA803,Coca-Cola,2025-12-20,MACH-041,Tokyo
SAL-6B95A10F,USR-493CDC05,Georgia Coffee,2026-01-01,MACH-028,Kanagawa
SAL-8EC0F0CF,USR-7E5321DC,Water,2025-10-07,MACH-004,Chiba
SAL-15759E04,USR-C08CE81E,Coca-Cola,2025-11-12,MACH-007,Fukuoka
SAL-21865DFA,USR-97253F75,Water,2025-10-04,MACH-007,Fukuoka
SAL-ECD12849,USR-3D3CB991,Water,2025-12-19,MACH-014,Aichi
SAL-5624E0BC,USR-34CF1E3B,Georgia Coffee,2026-01-25,MACH-004,Chiba
SAL-B7423E18,USR-7FEB7CCB,Georgia Coffee,2026-02-08,MACH-047,Tokyo
SAL-5E1DCC1C,USR-A69085FD,Coca-Cola,2025-11-02,MACH-015,Tokyo
SAL-48881AB6,USR-6549D451,Fanta,2026-01-26,MACH-049,Tokyo
SAL-F885AE5B,USR-98B9D98B,Georgia Coffee,2025-12-01,MACH-016,Aichi
SAL-E6460342,USR-F6501AA9,Georgia Coffee,2026-01-29,MACH-021,Fukuoka
SAL-B827D97A,USR-0E1E0EAE,Coca-Cola,2025-12-09,MACH-014,Aichi
SAL-C1D91979,USR-6A285C22,Water,2025-10-13,MACH-006,Fukuoka
SAL-C57DD77B,USR-929A9B99,Georgia Coffee,2025-11-10,MACH-032,Aichi
SAL-174A7281,USR-2E171F95,Georgia Coffee,2025-12-15,MACH-015,Tokyo
SAL-C1FAC615,USR-13B9AA44,Georgia Coffee,2025-10-14,MACH-012,Tokyo
SAL-E178B91A,USR-9CF1DB44,Georgia Coffee,2025-11-02,MACH-043,Chiba
SAL-61ABDBF4,USR-AAF95268,Georgia Coffee,2026-02-02,MACH-025,Saitama
SAL-C54B8C4F,USR-8A2DBE48,Water,2025-09-27,MACH-006,Fukuoka
SAL-DEA6AAE7,USR-22EF86F5,Water,2025-12-24,MACH-010,Hokkaido
SAL-19EC4969,USR-333C6797,Georgia Coffee,2026-02-06,MACH-049,Tokyo
SAL-D76AC5E3,USR-147E3806,Coca-Cola,2025-11-10,MACH-014,Aichi
SAL-A2D9445C,USR-5AD403AF,Georgia Coffee,2025-12-22,MACH-034,Kanagawa
SAL-AE7B3A7F,USR-87BCA48F,Georgia Coffee,2026-01-07,MACH-033,Tokyo
SAL-7D8C3E8D,USR-E9B3F4DD,Georgia Coffee,2025-12-24,MACH-039,Hokkaido
SAL-72F0C198,USR-B204FD30,Water,2026-03-01,MACH-005,Saitama
SAL-C41CBF7E,USR-CB6ABB03,Coca-Cola,2026-02-23,MACH-025,Saitama
SAL-ECA985F3,USR-1EF21D82,Georgia Coffee,2025-10-25,MACH-014,Aichi
SAL-0BEE88A8,USR-198BDD3B,Georgia Coffee,2025-11-11,MACH-016,Aichi
SAL-93E75114,USR-B204FD30,Fanta,2025-10-31,MACH-025,Saitama
SAL-31E84148,USR-119F4985,Coca-Cola,2025-09-08,MACH-044,Kyoto
SAL-DBF4DE8B,USR-9E0BB6BF,Georgia Coffee,2026-02-14,MACH-045,Tokyo
SAL-2B1F8C1B,USR-6A285C22,Coca-Cola,2025-09-07,MACH-025,Saitama
SAL-2BC3E142,USR-B7BC5949,Georgia Coffee,2025-12-08,MACH-002,Hyogo
SAL-FA4E305B,USR-4D2AAA22,Georgia Coffee,2025-12-25,MACH-028,Kanagawa
SAL-E28127DB,USR-9812736F,Georgia Coffee,2025-11-30,MACH-015,Tokyo
SAL-CE2542D5,USR-61CA1E50,Georgia Coffee,2025-11-07,MACH-031,Tokyo
SAL-DBAEC397,USR-7A6E928C,Coca-Cola,2026-01-29,MACH-042,Tokyo
SAL-DF48BB84,USR-BCE142DC,Georgia Coffee,2025-10-22,MACH-003,Kyoto
SAL-6D8FA652,USR-B12109BF,Fanta,2025-10-30,MACH-006,Fukuoka
SAL-C9EC4361,USR-D0B37222,Coca-Cola,2025-09-25,MACH-040,Aichi
SAL-D836C312,USR-E2D89BA5,Fanta,2025-11-05,MACH-006,Fukuoka
SAL-F03914DA,USR-7D413B79,Georgia Coffee,2025-12-26,MACH-010,Hokkaido
SAL-68BD387B,USR-1C6E8C0F,Fanta,2025-12-22,MACH-018,Chiba
SAL-ED6D0DFC,USR-CB985182,Georgia Coffee,2025-10-30,MACH-027,Saitama
SAL-D2BC959E,USR-8133C1BD,Georgia Coffee,2025-09-19,MACH-015,Tokyo
SAL-F70AE092,USR-DCFCDF5F,Water,2025-09-15,MACH-037,Kyoto
SAL-2E02D682,USR-C08CE81E,Coca-Cola,2025-10-17,MACH-019,Chiba
SAL-43759865,USR-7B4DC62A,Georgia Coffee,2025-12-19,MACH-011,Osaka
SAL-7C481177,USR-DB72342F,Georgia Coffee,2025-10-22,MACH-039,Hokkaido
SAL-BC3186BA,USR-B587B453,Water,2025-09-27,MACH-018,Chiba
SAL-3CF4813D,USR-C9DC4C03,Georgia Coffee,2026-01-16,MACH-008,Osaka
SAL-F24F563E,USR-A2AFE01A,Georgia Coffee,2025-12-05,MACH-047,Tokyo
SAL-F2F14788,USR-D6C2FAB3,Georgia Coffee,2025-10-19,MACH-016,Aichi
SAL-EEE3C7F4,USR-2C663A0D,Coca-Cola,2025-10-15,MACH-002,Hyogo
SAL-34CE8262,USR-F68717F7,Georgia Coffee,2025-09-16,MACH-026,Aichi
SAL-FC1A8EDD,USR-44CB7D69,Georgia Coffee,2025-12-31,MACH-010,Hokkaido
SAL-DA887ACB,USR-43F31FCF,Coca-Cola,2026-02-04,MACH-024,Tokyo
SAL-53328E1D,USR-664A3267,Georgia Coffee,2025-12-29,MACH-016,Aichi
SAL-661DCAAC,USR-675F6CF4,Georgia Coffee,2025-09-30,MACH-046,Saitama
SAL-0E9C2E5C,USR-7E5321DC,Georgia Coffee,2026-02-04,MACH-049,Tokyo
SAL-E958FDC9,USR-B710EEFF,Water,2025-12-07,MACH-035,Osaka
SAL-CA63D826,USR-4D0AD1D6,Georgia Coffee,2026-02-22,MACH-049,Tokyo
SAL-9D3CF6BA,USR-93C8103C,Fanta,2025-12-14,MACH-034,Kanagawa
SAL-9589440B,USR-F22D56C7,Coca-Cola,2026-01-13,MACH-023,Saitama
SAL-893D6AE6,USR-1CF16CBD,Georgia Coffee,2025-12-14,MACH-049,Tokyo
SAL-848380C7,USR-045556D7,Water,2025-12-15,MACH-011,Osaka
SAL-B12FB58E,USR-E9B3F4DD,Georgia Coffee,2025-10-04,MACH-003,Kyoto
SAL-DAD9105C,USR-C372653A,Coca-Cola,2025-12-05,MACH-020,Fukuoka
SAL-4188770E,USR-35B9F36D,Georgia Coffee,2025-12-16,MACH-025,Saitama
SAL-E68C38B1,USR-7B550EB9,Georgia Coffee,2025-09-08,MACH-021,Fukuoka
SAL-3D5688BD,USR-4CDB33EE,Water,2025-09-06,MACH-014,Aichi
SAL-73AA9912,USR-AE8182EF,Coca-Cola,2025-10-09,MACH-029,Fukuoka
SAL-1EABE7C3,USR-95FF5B84,Georgia Coffee,2025-10-07,MACH-042,Tokyo
SAL-BEC472CE,USR-6875C74B,Fanta,2025-11-03,MACH-010,Hokkaido
SAL-DD8787CE,USR-7B550EB9,Georgia Coffee,2025-12-23,MACH-017,Hokkaido
SAL-F8CA83EF,USR-147E3806,Georgia Coffee,2025-12-30,MACH-024,Tokyo
SAL-F091F29A,USR-B701BCD2,Georgia Coffee,2025-10-05,MACH-027,Saitama
SAL-8E5032BF,USR-FA76A5C7,Georgia Coffee,2025-10-09,MACH-041,Tokyo
SAL-90B9F163,USR-5891707E,Georgia Coffee,2025-12-06,MACH-004,Chiba
SAL-288AF855,USR-8133C1BD,Georgia Coffee,2025-12-09,MACH-042,Tokyo
SAL-EB22E48E,USR-B48DA376,Water,2026-02-02,MACH-019,Chiba
SAL-A19D6372,USR-3D3CB991,Fanta,2026-01-21,MACH-031,Tokyo
SAL-8848C668,USR-882C49DC,Georgia Coffee,2026-01-02,MACH-005,Saitama
SAL-349518BF,USR-97197B1B,Georgia Coffee,2025-11-20,MACH-033,Tokyo
SAL-D2AEBA0C,USR-1EAA4DD7,Water,2025-09-27,MACH-010,Hokkaido
SAL-77FFF0BF,USR-E79B3EA6,Georgia Coffee,2025-11-10,MACH-004,Chiba
SAL-E4AC54C5,USR-9AA8FA14,Georgia Coffee,2026-02-10,MACH-034,Kanagawa
SAL-F8D3B298,USR-B978D0A5,Coca-Cola,2025-12-14,MACH-022,Hokkaido
SAL-24F488DB,USR-4374EFE0,Georgia Coffee,2025-11-29,MACH-040,Aichi
SAL-37B868FD,USR-37F664F5,Georgia Coffee,2025-09-15,MACH-034,Kanagawa
SAL-8D09C7CE,USR-7B550EB9,Georgia Coffee,2025-12-23,MACH-049,Tokyo
SAL-F206EA8A,USR-F96408B3,Coca-Cola,2026-01-11,MACH-003,Kyoto
SAL-C850DFC5,USR-9F0F60CA,Aquarius,2026-01-24,MACH-033,Tokyo
SAL-A923CA7D,USR-26773EB7,Coca-Cola,2025-10-11,MACH-025,Saitama
SAL-D8E394B4,USR-2C7FF485,Coca-Cola,2025-12-23,MACH-047,Tokyo
SAL-7B2AD7F1,USR-F6501AA9,Fanta,2025-10-08,MACH-010,Hokkaido
SAL-CEB36DEA,USR-9175B165,Georgia Coffee,2025-09-25,MACH-040,Aichi
SAL-FA0D9327,USR-9D919DA6,Georgia Coffee,2025-10-28,MACH-003,Kyoto
SAL-01C28438,USR-1AF015D1,Water,2025-10-06,MACH-016,Aichi
SAL-4242B269,USR-C08CE81E,Coca-Cola,2025-10-10,MACH-028,Kanagawa
SAL-77B36D36,USR-9E0BB6BF,Georgia Coffee,2025-10-25,MACH-001,Hyogo
SAL-46FC6A1B,USR-B19F9764,Coca-Cola,2025-09-11,MACH-017,Hokkaido
SAL-134954F6,USR-4CCAD281,Fanta,2025-09-18,MACH-015,Tokyo
SAL-696C1E76,USR-8CD2F075,Georgia Coffee,2025-10-14,MACH-044,Kyoto
SAL-065538D8,USR-5AD403AF,Coca-Cola,2026-02-20,MACH-030,Saitama
SAL-E4DA0FD0,USR-02007186,Fanta,2025-12-06,MACH-031,Tokyo
SAL-212C58FC,USR-C08CE81E,Water,2026-01-27,MACH-036,Kyoto
SAL-5822F9A5,USR-6019061F,Georgia Coffee,2025-11-25,MACH-041,Tokyo
SAL-9ED422C8,USR-587D4071,Water,2025-10-11,MACH-043,Chiba
SAL-82115E2E,USR-587D4071,Georgia Coffee,2026-01-30,MACH-034,Kanagawa
SAL-771CC5A7,USR-A56BF1D5,Water,2026-02-01,MACH-050,Tokyo
SAL-7FDF3AC0,USR-F609D268,Georgia Coffee,2025-12-22,MACH-031,Tokyo
SAL-F1FD6F6B,USR-409169AE,Aquarius,2026-01-10,MACH-020,Fukuoka
SAL-D8268C82,USR-A22D6DAF,Coca-Cola,2025-12-14,MACH-004,Chiba
SAL-558A22CD,USR-8D0CFA06,Georgia Coffee,2025-11-06,MACH-007,Fukuoka
SAL-85F28B75,USR-2FDA5E0C,Fanta,2025-10-29,MACH-015,Tokyo
SAL-9AA4CCB9,USR-7B3A0005,Georgia Coffee,2025-12-29,MACH-010,Hokkaido
SAL-ED01B8D5,USR-19498748,Georgia Coffee,2026-01-18,MACH-033,Tokyo
SAL-D420F327,USR-2480924D,Georgia Coffee,2025-12-13,MACH-027,Saitama
SAL-B1B4949E,USR-C39FA022,Water,2025-09-22,MACH-016,Aichi
SAL-75A60C05,USR-184C6E05,Georgia Coffee,2026-02-18,MACH-005,Saitama
SAL-0EAF132F,USR-E3F24656,Water,2025-09-16,MACH-028,Kanagawa
SAL-A7BF8644,USR-766D18A9,Aquarius,2025-10-11,MACH-027,Saitama
SAL-8B358FAB,USR-71203D61,Georgia Coffee,2025-11-26,MACH-024,Tokyo
SAL-583CBB87,USR-38451C9C,Fanta,2026-01-04,MACH-032,Aichi
SAL-BEC4AA70,USR-E3F24656,Georgia Coffee,2026-01-30,MACH-014,Aichi
SAL-3AD01290,USR-20B0C635,Coca-Cola,2025-11-01,MACH-019,Chiba
SAL-A75E34D4,USR-41119228,Coca-Cola,2025-10-14,MACH-022,Hokkaido
SAL-801AE247,USR-F4F68580,Georgia Coffee,2026-01-31,MACH-025,Saitama
SAL-0862D304,USR-B2C01602,Water,2025-09-23,MACH-006,Fukuoka
SAL-637D9E9D,USR-3EC0898E,Coca-Cola,2025-10-10,MACH-035,Osaka
SAL-070E170C,USR-37491252,Georgia Coffee,2025-09-25,MACH-045,Tokyo
SAL-FBC7A4BB,USR-94C49A15,Georgia Coffee,2025-09-15,MACH-001,Hyogo
SAL-821EABBE,USR-E8697D4C,Georgia Coffee,2025-10-06,MACH-019,Chiba
SAL-2FEC882B,USR-85C8BFC9,Coca-Cola,2026-02-24,MACH-045,Tokyo
SAL-5F555D9A,USR-97197B1B,Fanta,2025-09-24,MACH-003,Kyoto
SAL-DB181696,USR-0BD71BBC,Aquarius,2025-11-25,MACH-007,Fukuoka
SAL-C8E2F979,USR-BB1F9A40,Georgia Coffee,2025-09-23,MACH-003,Kyoto
SAL-71E14A7A,USR-5206F7E9,Georgia Coffee,2025-10-21,MACH-011,Osaka
SAL-788ACFAB,USR-6549D451,Coca-Cola,2026-01-05,MACH-007,Fukuoka
SAL-11808AB9,USR-48D6572D,Water,2026-02-06,MACH-034,Kanagawa
SAL-0E7362F3,USR-F4F68580,Georgia Coffee,2025-11-13,MACH-044,Kyoto
SAL-A153168A,USR-996CC4D5,Coca-Cola,2026-02-13,MACH-007,Fukuoka
SAL-B8740E93,USR-82264AE0,Georgia Coffee,2026-02-25,MACH-019,Chiba
SAL-40B4BDAC,USR-C39FA022,Coca-Cola,2025-11-27,MACH-043,Chiba
SAL-4A079DA8,USR-1537258D,Georgia Coffee,2025-12-26,MACH-023,Saitama
SAL-583DB875,USR-A116DF55,Water,2026-03-01,MACH-026,Aichi
SAL-9B79C28A,USR-F96408B3,Georgia Coffee,2025-11-01,MACH-020,Fukuoka
SAL-95AD7BDB,USR-725BB1B2,Georgia Coffee,2025-11-02,MACH-011,Osaka
SAL-1D7638BB,USR-190968EF,Georgia Coffee,2026-01-30,MACH-008,Osaka
SAL-6B7F9D77,USR-FF1D6FE1,Coca-Cola,2025-12-25,MACH-005,Saitama
SAL-B8BE15D0,USR-A1617CC6,Georgia Coffee,2026-02-25,MACH-021,Fukuoka
SAL-EC0C00EE,USR-8A2DBE48,Georgia Coffee,2026-01-03,MACH-028,Kanagawa
SAL-7B4EE758,USR-D368E499,Coca-Cola,2026-02-13,MACH-043,Chiba
SAL-AC748189,USR-5B58CB95,Coca-Cola,2026-01-30,MACH-020,Fukuoka
SAL-D690CDFF,USR-B3B771CD,Georgia Coffee,2026-01-01,MACH-042,Tokyo
SAL-ECAC0D20,USR-82264AE0,Water,2025-12-11,MACH-004,Chiba
SAL-88422BF9,USR-715D5BB3,Water,2025-11-05,MACH-025,Saitama
SAL-F913DC61,USR-23E9C01D,Georgia Coffee,2025-12-29,MACH-043,Chiba
SAL-B27B8FE4,USR-44006F81,Water,2025-11-23,MACH-029,Fukuoka
SAL-1CCFB845,USR-92CA5FBB,Fanta,2025-12-19,MACH-043,Chiba
SAL-90A17584,USR-B856DC04,Georgia Coffee,2026-01-25,MACH-045,Tokyo
SAL-64D805CE,USR-21C989A3,Georgia Coffee,2025-10-14,MACH-017,Hokkaido
SAL-A6715408,USR-7E5321DC,Water,2025-11-26,MACH-010,Hokkaido
SAL-308C76D3,USR-B791CF04,Georgia Coffee,2025-11-02,MACH-033,Tokyo
SAL-7A96089B,USR-1AF015D1,Georgia Coffee,2025-11-12,MACH-013,Fukuoka
SAL-BAD3E665,USR-3BDB8A12,Water,2025-09-04,MACH-041,Tokyo
SAL-50760F08,USR-D34E6306,Georgia Coffee,2026-02-06,MACH-024,Tokyo
SAL-49B38D98,USR-2C663A0D,Georgia Coffee,2026-01-03,MACH-050,Tokyo
SAL-7E25DDFE,USR-4407CE18,Coca-Cola,2025-10-09,MACH-022,Hokkaido
SAL-6BD9877E,USR-C4BA74A2,Georgia Coffee,2026-01-09,MACH-018,Chiba
SAL-EAFDC54A,USR-A2A97C1E,Fanta,2026-01-15,MACH-038,Hokkaido
SAL-5B4C56AA,USR-13638586,Fanta,2025-10-22,MACH-028,Kanagawa
SAL-DA2BE263,USR-2D78256C,Coca-Cola,2025-09-12,MACH-030,Saitama
SAL-16159088,USR-8904E8C4,Georgia Coffee,2026-01-17,MACH-049,Tokyo
SAL-8BDC128E,USR-405505F7,Coca-Cola,2025-11-26,MACH-002,Hyogo
SAL-EF533B63,USR-C7E81044,Fanta,2025-09-18,MACH-031,Tokyo
SAL-CA2D9C9F,USR-6A285C22,Georgia Coffee,2025-12-29,MACH-039,Hokkaido
SAL-139757E4,USR-0ABF0AD6,Georgia Coffee,2025-11-21,MACH-038,Hokkaido
SAL-BB0434BA,USR-F4F68580,Georgia Coffee,2025-11-17,MACH-042,Tokyo
SAL-C1573252,USR-A0180BCD,Coca-Cola,2025-10-30,MACH-043,Chiba
SAL-98E74135,USR-1EC10A79,Georgia Coffee,2025-12-12,MACH-017,Hokkaido
SAL-6E28668C,USR-A22D6DAF,Water,2025-09-12,MACH-015,Tokyo
SAL-8EC6DB3E,USR-480BFAD9,Georgia Coffee,2025-11-02,MACH-026,Aichi
SAL-4AAD332C,USR-0B631903,Water,2025-09-21,MACH-018,Chiba
SAL-0C664153,USR-6875C74B,Georgia Coffee,2026-01-19,MACH-027,Saitama
SAL-95A95D8E,USR-326C1F96,Coca-Cola,2026-02-12,MACH-020,Fukuoka
SAL-FBA8B46B,USR-D7540919,Georgia Coffee,2025-09-15,MACH-032,Aichi
SAL-1B5213A7,USR-E2E7B313,Coca-Cola,2026-02-18,MACH-036,Kyoto
SAL-0904BFD9,USR-818CA7A2,Coca-Cola,2025-11-01,MACH-025,Saitama
SAL-8DF9F72E,USR-DCFCDF5F,Georgia Coffee,2025-10-17,MACH-035,Osaka
SAL-0304CC3A,USR-E157A9AD,Georgia Coffee,2026-02-24,MACH-028,Kanagawa
SAL-3010FC0D,USR-160C84CD,Georgia Coffee,2025-11-03,MACH-031,Tokyo
SAL-0DBCB6AC,USR-5024E725,Georgia Coffee,2025-11-07,MACH-011,Osaka
SAL-0BE33F4C,USR-7CA2DD2B,Fanta,2025-11-06,MACH-027,Saitama
SAL-3D51B6C5,USR-C39FA022,Georgia Coffee,2025-10-24,MACH-047,Tokyo
SAL-C63E6E8A,USR-0E1E0EAE,Coca-Cola,2025-11-14,MACH-020,Fukuoka
SAL-4C500BDE,USR-3DFF8801,Aquarius,2026-02-12,MACH-005,Saitama
SAL-9DBA6578,USR-0C656821,Georgia Coffee,2025-10-03,MACH-001,Hyogo
SAL-A2F91817,USR-D34E6306,Georgia Coffee,2025-11-10,MACH-034,Kanagawa
SAL-1F497AC2,USR-E872C046,Coca-Cola,2026-01-16,MACH-036,Kyoto
SAL-3D089EF5,USR-882C49DC,Georgia Coffee,2025-09-23,MACH-023,Saitama
SAL-EB9026BF,USR-E8D0AF1F,Georgia Coffee,2025-10-20,MACH-035,Osaka
SAL-847F1449,USR-70731286,Aquarius,2025-09-06,MACH-040,Aichi
SAL-C92B8D1E,USR-C39FA022,Georgia Coffee,2025-09-24,MACH-005,Saitama
SAL-33EE219A,USR-6B3F7DC5,Coca-Cola,2025-10-13,MACH-034,Kanagawa
SAL-D9D4509D,USR-97253F75,Water,2025-10-21,MACH-031,Tokyo
SAL-039942F2,USR-73A3AAEA,Water,2025-11-30,MACH-002,Hyogo
SAL-CEA94A33,USR-11844527,Georgia Coffee,2025-12-21,MACH-007,Fukuoka
SAL-ACD60A9C,USR-99E1CD38,Georgia Coffee,2025-12-14,MACH-014,Aichi
SAL-F190D5AF,USR-184C6E05,Coca-Cola,2026-02-12,MACH-031,Tokyo
SAL-3C87B7DB,USR-BF0CDBD4,Aquarius,2026-02-27,MACH-005,Saitama
SAL-2B69C9FE,USR-119F4985,Fanta,2025-10-30,MACH-043,Chiba
SAL-3F22D116,USR-13638586,Georgia Coffee,2026-01-06,MACH-036,Kyoto
SAL-2A5577B5,USR-A05F75EC,Georgia Coffee,2025-11-23,MACH-042,Tokyo
SAL-1C12E22B,USR-FE961FCC,Georgia Coffee,2025-09-12,MACH-003,Kyoto
SAL-A751805E,USR-119F4985,Georgia Coffee,2026-01-26,MACH-048,Osaka
SAL-812E74FE,USR-11A1B6FD,Water,2025-11-27,MACH-027,Saitama
SAL-A91987BE,USR-4C9793D5,Georgia Coffee,2025-11-21,MACH-007,Fukuoka
SAL-00BB47CB,USR-F68717F7,Coca-Cola,2025-10-01,MACH-038,Hokkaido
SAL-A7E8A098,USR-2941F913,Coca-Cola,2026-01-21,MACH-036,Kyoto
SAL-5D5DECB9,USR-2AC752CE,Georgia Coffee,2025-10-02,MACH-040,Aichi
SAL-A8E846A8,USR-37DCA4A3,Georgia Coffee,2026-02-12,MACH-021,Fukuoka
SAL-46A06BA6,USR-0BD71BBC,Water,2025-12-19,MACH-019,Chiba
SAL-18998037,USR-6019061F,Aquarius,2025-09-16,MACH-020,Fukuoka
SAL-FE665DE2,USR-BFA467A3,Water,2025-10-07,MACH-045,Tokyo
SAL-8406835E,USR-73A3AAEA,Water,2025-10-11,MACH-018,Chiba
SAL-12487DB8,USR-487BD7ED,Georgia Coffee,2025-09-21,MACH-034,Kanagawa
SAL-7E8DF1F7,USR-E39B992E,Georgia Coffee,2025-11-19,MACH-048,Osaka
SAL-AD5FC70F,USR-4374EFE0,Georgia Coffee,2025-09-08,MACH-019,Chiba
SAL-E2732AA5,USR-D062DBF9,Water,2025-09-25,MACH-009,Tokyo
SAL-41742FC4,USR-7388A60E,Georgia Coffee,2025-09-27,MACH-024,Tokyo
SAL-9EFA1BEC,USR-E65E15CB,Coca-Cola,2025-11-08,MACH-008,Osaka
SAL-E4AB168A,USR-790B6617,Georgia Coffee,2026-01-29,MACH-006,Fukuoka
SAL-C069632C,USR-FBCF129D,Coca-Cola,2025-11-20,MACH-049,Tokyo
SAL-62702E50,USR-FBCF129D,Fanta,2025-09-22,MACH-046,Saitama
SAL-694FC598,USR-1D689D3B,Fanta,2026-02-25,MACH-035,Osaka
SAL-9F4744C0,USR-1BF97DEB,Water,2026-02-17,MACH-020,Fukuoka
SAL-5A95C455,USR-381CF2B0,Fanta,2025-09-12,MACH-020,Fukuoka
SAL-42A2E3D5,USR-0A72FAE9,Georgia Coffee,2025-09-25,MACH-043,Chiba
SAL-E1478AE2,USR-1EC10A79,Georgia Coffee,2025-09-15,MACH-043,Chiba
SAL-06464214,USR-93C61721,Water,2026-01-02,MACH-003,Kyoto
SAL-06CD68C8,USR-BC61D898,Georgia Coffee,2025-12-14,MACH-035,Osaka
SAL-073C8D21,USR-C4222950,Coca-Cola,2026-01-31,MACH-036,Kyoto
SAL-362A277C,USR-CB6ABB03,Georgia Coffee,2025-09-22,MACH-022,Hokkaido
SAL-743D68A3,USR-8C6D82E4,Georgia Coffee,2026-01-25,MACH-045,Tokyo
SAL-ACD91C7D,USR-D13BC615,Water,2025-09-06,MACH-031,Tokyo
SAL-A27C9645,USR-BD0F3DC4,Fanta,2025-10-04,MACH-011,Osaka
SAL-62D2FE15,USR-5F4BB9BB,Aquarius,2026-02-23,MACH-033,Tokyo
SAL-E9B9C411,USR-61B328E1,Fanta,2025-09-03,MACH-044,Kyoto
SAL-054EEA87,USR-46095397,Water,2026-01-27,MACH-047,Tokyo
SAL-A14DD18D,USR-122FABF9,Georgia Coffee,2026-01-06,MACH-036,Kyoto
SAL-622D48A5,USR-F96408B3,Georgia Coffee,2025-10-26,MACH-040,Aichi
SAL-FE1E1ECC,USR-E99E5160,Georgia Coffee,2026-01-15,MACH-019,Chiba
SAL-73D517BC,USR-76D1D3FE,Coca-Cola,2026-01-31,MACH-027,Saitama
SAL-FABBBF17,USR-87BCA48F,Water,2025-11-09,MACH-016,Aichi
SAL-7E9A3403,USR-003C88E0,Georgia Coffee,2025-10-03,MACH-046,Saitama
SAL-F375DA10,USR-80DF6F51,Aquarius,2026-02-03,MACH-032,Aichi
SAL-13DE6005,USR-A52F6A51,Coca-Cola,2025-12-14,MACH-038,Hokkaido
SAL-C02F4560,USR-D7540919,Georgia Coffee,2026-02-25,MACH-047,Tokyo
SAL-85C3C493,USR-77BEF251,Coca-Cola,2026-02-20,MACH-016,Aichi
SAL-69F6A31F,USR-1EAA4DD7,Georgia Coffee,2025-10-31,MACH-016,Aichi
SAL-6D9B47F1,USR-4D0AD1D6,Georgia Coffee,2025-09-20,MACH-044,Kyoto
SAL-3258A0F4,USR-B701BCD2,Georgia Coffee,2025-10-27,MACH-018,Chiba
SAL-9D2EF55A,USR-A3B76148,Water,2025-09-02,MACH-042,Tokyo
SAL-C9512124,USR-420F237F,Georgia Coffee,2026-02-27,MACH-001,Hyogo
SAL-8D2E5E5F,USR-6CC5A636,Georgia Coffee,2025-10-24,MACH-029,Fukuoka
SAL-892C2498,USR-8A64BE0A,Georgia Coffee,2026-02-14,MACH-008,Osaka
SAL-85D51687,USR-43263B30,Georgia Coffee,2025-12-16,MACH-025,Saitama
SAL-33111377,USR-D61D385F,Georgia Coffee,2025-11-11,MACH-029,Fukuoka
SAL-80118777,USR-E9B3F4DD,Georgia Coffee,2026-02-11,MACH-010,Hokkaido
SAL-410847F0,USR-EE8BC195,Fanta,2025-10-20,MACH-043,Chiba
SAL-62BE2D24,USR-DBCAA803,Fanta,2025-11-03,MACH-032,Aichi
SAL-2CCEF2C9,USR-9B96BE1B,Georgia Coffee,2025-12-22,MACH-004,Chiba
SAL-FFDC1041,USR-BF46D543,Coca-Cola,2025-12-29,MACH-011,Osaka
SAL-8E9C69F7,USR-22F8327F,Coca-Cola,2025-09-17,MACH-048,Osaka
SAL-54D7A18A,USR-41E5E064,Fanta,2025-10-24,MACH-027,Saitama
SAL-2B37B0B1,USR-13B9AA44,Georgia Coffee,2025-10-08,MACH-019,Chiba
SAL-E7AF3611,USR-D6C2FAB3,Water,2025-09-05,MACH-031,Tokyo
SAL-23DBCC9E,USR-664A3267,Coca-Cola,2025-09-18,MACH-038,Hokkaido
SAL-685BE81E,USR-66CDD224,Georgia Coffee,2026-02-13,MACH-015,Tokyo
SAL-238A5942,USR-1FCAB73C,Georgia Coffee,2025-11-11,MACH-031,Tokyo
SAL-ED17AA88,USR-A69085FD,Georgia Coffee,2025-10-13,MACH-031,Tokyo
SAL-70A3F712,USR-385E96AB,Georgia Coffee,2025-10-06,MACH-002,Hyogo
SAL-993A1C27,USR-A69085FD,Aquarius,2026-01-04,MACH-025,Saitama
SAL-2D56EA22,USR-CAE4EAE1,Fanta,2026-01-21,MACH-033,Tokyo
SAL-05473B0D,USR-2C7FF485,Coca-Cola,2025-09-30,MACH-018,Chiba
SAL-65B0722C,USR-24055F24,Georgia Coffee,2025-11-06,MACH-045,Tokyo
SAL-2109F92C,USR-60CBC8E5,Georgia Coffee,2026-02-17,MACH-034,Kanagawa
SAL-61B30FF1,USR-C361A229,Coca-Cola,2025-12-14,MACH-002,Hyogo
SAL-ABFC0FB5,USR-F8E3BA8A,Georgia Coffee,2025-09-29,MACH-016,Aichi
SAL-EEF5C89B,USR-BFA1DFA4,Coca-Cola,2025-11-03,MACH-049,Tokyo
SAL-763FD77B,USR-6101E920,Water,2026-01-22,MACH-040,Aichi
SAL-F174CC06,USR-480BFAD9,Georgia Coffee,2026-01-15,MACH-039,Hokkaido
SAL-C726B22F,USR-326C1F96,Water,2025-09-07,MACH-021,Fukuoka
SAL-5B175A42,USR-2480924D,Georgia Coffee,2026-01-21,MACH-027,Saitama
SAL-02521418,USR-2C7FF485,Coca-Cola,2026-01-03,MACH-024,Tokyo
SAL-017994D7,USR-70731286,Georgia Coffee,2025-11-05,MACH-045,Tokyo
SAL-3CEFC6D2,USR-7B1ECD3F,Coca-Cola,2025-10-23,MACH-041,Tokyo
SAL-ACF9B17F,USR-8EAE3784,Georgia Coffee,2026-02-03,MACH-037,Kyoto
SAL-8E5A6F6F,USR-E4B0FBF1,Georgia Coffee,2025-12-08,MACH-031,Tokyo
SAL-61389C41,USR-4B165E46,Water,2025-11-03,MACH-021,Fukuoka
SAL-B00624C8,USR-7BA8402B,Georgia Coffee,2025-12-02,MACH-031,Tokyo
SAL-7D7E4C66,USR-A16B62A5,Georgia Coffee,2025-11-26,MACH-032,Aichi
SAL-21244645,USR-51F0CDE8,Georgia Coffee,2026-01-23,MACH-002,Hyogo
SAL-157CB256,USR-A65FC6EE,Georgia Coffee,2026-01-24,MACH-003,Kyoto
SAL-B2425C37,USR-3E6188A3,Georgia Coffee,2026-01-16,MACH-048,Osaka
SAL-F1378317,USR-2AD1EFA6,Georgia Coffee,2026-01-20,MACH-029,Fukuoka
SAL-B6678E65,USR-5119F1C8,Georgia Coffee,2025-10-26,MACH-014,Aichi
SAL-0895A794,USR-381CF2B0,Coca-Cola,2025-11-06,MACH-001,Hyogo
SAL-211FE365,USR-92263BBF,Coca-Cola,2025-10-02,MACH-018,Chiba
SAL-DDEF79F4,USR-C255DABD,Georgia Coffee,2025-12-26,MACH-014,Aichi
SAL-F8CB0F9E,USR-71203D61,Georgia Coffee,2025-11-01,MACH-040,Aichi
SAL-D9FBE63A,USR-0B631903,Coca-Cola,2025-11-05,MACH-039,Hokkaido
SAL-2E01B588,USR-E820D24C,Coca-Cola,2025-11-02,MACH-003,Kyoto
SAL-C2C72867,USR-5024E725,Coca-Cola,2026-01-18,MACH-011,Osaka
SAL-19EF431B,USR-B587B453,Aquarius,2025-09-03,MACH-032,Aichi
SAL-FF91C155,USR-1BF97DEB,Georgia Coffee,2025-12-16,MACH-022,Hokkaido
SAL-F290472F,USR-97253F75,Coca-Cola,2026-01-29,MACH-015,Tokyo
SAL-A321EC38,USR-D0B37222,Coca-Cola,2025-09-02,MACH-028,Kanagawa
SAL-E4363F5C,USR-FE961FCC,Georgia Coffee,2025-12-02,MACH-049,Tokyo
SAL-E353B6B7,USR-22EF86F5,Georgia Coffee,2025-10-14,MACH-002,Hyogo
SAL-64895DBC,USR-160C84CD,Coca-Cola,2026-02-09,MACH-037,Kyoto
SAL-C0653AF1,USR-3293A67F,Water,2025-10-21,MACH-012,Tokyo
SAL-42FE9BD3,USR-C05C9F63,Georgia Coffee,2025-10-17,MACH-013,Fukuoka
SAL-F401598C,USR-7FE66F80,Georgia Coffee,2025-12-28,MACH-004,Chiba
SAL-78ADE368,USR-73C0A881,Coca-Cola,2026-02-07,MACH-017,Hokkaido
SAL-D84DFEB4,USR-2F583A44,Georgia Coffee,2025-11-17,MACH-044,Kyoto
SAL-FDB4F18C,USR-766D18A9,Coca-Cola,2025-09-18,MACH-011,Osaka
SAL-ECC50136,USR-B3B771CD,Coca-Cola,2025-10-15,MACH-024,Tokyo
SAL-D11FCEEB,USR-2A01E6EF,Georgia Coffee,2026-02-24,MACH-027,Saitama
SAL-C28F8F7B,USR-3E6188A3,Georgia Coffee,2025-10-12,MACH-014,Aichi
SAL-214D1A11,USR-11F3AD10,Water,2025-09-29,MACH-028,Kanagawa
SAL-F9D7712F,USR-7AB6C2DF,Coca-Cola,2025-10-14,MACH-018,Chiba
SAL-452FA752,USR-C4BA74A2,Fanta,2026-01-22,MACH-044,Kyoto
SAL-26AA38D7,USR-507974CF,Water,2026-01-31,MACH-038,Hokkaido
SAL-48FDEE4B,USR-A996E26E,Coca-Cola,2025-10-12,MACH-039,Hokkaido
SAL-BF2E1C43,USR-D682F73A,Georgia Coffee,2025-10-27,MACH-029,Fukuoka
SAL-AAD122FC,USR-92CA5FBB,Georgia Coffee,2025-12-24,MACH-018,Chiba
SAL-ABBE8AFD,USR-B978D0A5,Water,2025-10-26,MACH-047,Tokyo
SAL-10DBF724,USR-9A72C9F3,Coca-Cola,2025-09-07,MACH-029,Fukuoka
SAL-B8670AF4,USR-C372653A,Water,2025-09-25,MACH-038,Hokkaido
SAL-B67E8C59,USR-11F3AD10,Water,2025-10-04,MACH-004,Chiba
SAL-C5FDC30F,USR-137C3A44,Georgia Coffee,2026-01-16,MACH-008,Osaka
SAL-8E270620,USR-DB72342F,Coca-Cola,2026-02-15,MACH-038,Hokkaido
SAL-22749535,USR-41E891D1,Georgia Coffee,2025-10-06,MACH-004,Chiba
SAL-93EBECAC,USR-75B9E992,Water,2025-10-31,MACH-004,Chiba
SAL-64CABA12,USR-2E171F95,Georgia Coffee,2026-01-19,MACH-005,Saitama
SAL-99804638,USR-E2D89BA5,Coca-Cola,2025-09-23,MACH-022,Hokkaido
SAL-87706E74,USR-0A72FAE9,Coca-Cola,2025-11-07,MACH-017,Hokkaido
SAL-0C63AAAB,USR-BF611AA1,Coca-Cola,2025-10-17,MACH-003,Kyoto
SAL-23B05D99,USR-A69085FD,Coca-Cola,2025-10-24,MACH-009,Tokyo
SAL-BD289FCB,USR-190968EF,Water,2025-09-24,MACH-034,Kanagawa
SAL-7D2CA0FD,USR-2C7FF485,Water,2025-09-20,MACH-028,Kanagawa
SAL-FC8A72C0,USR-1965E406,Georgia Coffee,2025-09-22,MACH-048,Osaka
SAL-4776EC0D,USR-7FEB7CCB,Aquarius,2025-10-14,MACH-044,Kyoto
SAL-01E8887B,USR-82264AE0,Water,2025-11-27,MACH-002,Hyogo
SAL-70BD5A66,USR-E0867546,Water,2025-09-08,MACH-002,Hyogo
SAL-9BB20724,USR-CFD9D57F,Georgia Coffee,2025-09-09,MACH-006,Fukuoka
SAL-9EB18297,USR-B02FDFDE,Georgia Coffee,2026-02-12,MACH-038,Hokkaido
SAL-E6D99730,USR-A22D6DAF,Water,2025-10-20,MACH-031,Tokyo
SAL-45C3A889,USR-37491252,Georgia Coffee,2025-12-23,MACH-035,Osaka
SAL-8206FB4F,USR-09DB4C44,Coca-Cola,2026-02-10,MACH-048,Osaka
SAL-BC26CFA6,USR-7388A60E,Water,2025-10-10,MACH-049,Tokyo
SAL-E61C1273,USR-64A351CA,Coca-Cola,2026-01-09,MACH-042,Tokyo
SAL-EBAC0C83,USR-44978EC5,Coca-Cola,2025-11-07,MACH-011,Osaka
SAL-073D892B,USR-E872C046,Coca-Cola,2025-10-09,MACH-039,Hokkaido
SAL-EA2A9343,USR-B7BC5949,Georgia Coffee,2026-01-02,MACH-019,Chiba
SAL-4ABFF63F,USR-9B4D256D,Water,2025-09-21,MACH-010,Hokkaido
SAL-8D439775,USR-328FC568,Water,2025-11-14,MACH-033,Tokyo
SAL-9CF5DF9F,USR-93C61721,Georgia Coffee,2025-11-21,MACH-025,Saitama
SAL-F4C61361,USR-6C3A2676,Georgia Coffee,2025-12-22,MACH-044,Kyoto
SAL-E232F93E,USR-2462A127,Georgia Coffee,2025-11-07,MACH-016,Aichi
SAL-B43C7461,USR-19498748,Coca-Cola,2025-11-28,MACH-006,Fukuoka
SAL-5E3837C4,USR-41BBD81F,Georgia Coffee,2025-11-11,MACH-034,Kanagawa
SAL-997F448C,USR-7B4DC62A,Georgia Coffee,2026-01-24,MACH-008,Osaka
SAL-18CB9FA0,USR-A16B62A5,Aquarius,2025-11-09,MACH-033,Tokyo
SAL-530F1DF0,USR-6C3A2676,Georgia Coffee,2025-12-05,MACH-043,Chiba
SAL-04623FFE,USR-35B9F36D,Water,2025-10-15,MACH-037,Kyoto
SAL-B0567A94,USR-3D3CB991,Coca-Cola,2026-01-21,MACH-046,Saitama
SAL-D4D5677B,USR-119970F8,Georgia Coffee,2025-09-15,MACH-027,Saitama
SAL-032D17BA,USR-9EF906C3,Georgia Coffee,2026-02-03,MACH-040,Aichi
SAL-B38A9B09,USR-9A72C9F3,Coca-Cola,2025-12-01,MACH-002,Hyogo
SAL-595FB155,USR-B856DC04,Georgia Coffee,2026-02-11,MACH-034,Kanagawa
SAL-A44657CB,USR-E92D572D,Georgia Coffee,2025-09-17,MACH-018,Chiba
SAL-709AFCF4,USR-9B96BE1B,Water,2025-10-03,MACH-026,Aichi
SAL-DDA8385C,USR-37748CF0,Coca-Cola,2025-10-03,MACH-036,Kyoto
SAL-D58296FE,USR-3DE7126B,Water,2025-09-03,MACH-017,Hokkaido
SAL-3BC013F2,USR-409169AE,Water,2026-02-13,MACH-036,Kyoto
SAL-EC1FDD5E,USR-8ED23E53,Georgia Coffee,2025-11-04,MACH-034,Kanagawa
SAL-AB187F61,USR-37491252,Georgia Coffee,2025-10-20,MACH-034,Kanagawa
SAL-CC1B1504,USR-DFD0624C,Coca-Cola,2025-11-09,MACH-016,Aichi
SAL-E0DF49E1,USR-D44687D1,Coca-Cola,2025-10-08,MACH-045,Tokyo
SAL-E1470175,USR-5024AB28,Georgia Coffee,2025-11-16,MACH-047,Tokyo
SAL-2745B167,USR-F96408B3,Coca-Cola,2026-02-14,MACH-043,Chiba
SAL-CCC16429,USR-41119228,Georgia Coffee,2025-12-15,MACH-020,Fukuoka
SAL-020B786F,USR-2AD1EFA6,Georgia Coffee,2025-12-18,MACH-049,Tokyo
SAL-C0188998,USR-E0EBCAA9,Georgia Coffee,2026-01-15,MACH-028,Kanagawa
SAL-5BC76B5A,USR-FFC75C1E,Water,2025-11-05,MACH-006,Fukuoka
SAL-393ED03F,USR-FFF83EBA,Aquarius,2025-12-10,MACH-019,Chiba
SAL-700BF782,USR-B48DA376,Fanta,2025-12-10,MACH-011,Osaka
SAL-2770DFA8,USR-64A351CA,Water,2025-12-06,MACH-049,Tokyo
SAL-C5504BDC,USR-2C7FF485,Water,2025-09-12,MACH-018,Chiba
SAL-F6E36D2C,USR-587D4071,Georgia Coffee,2025-11-28,MACH-035,Osaka
SAL-DC538A89,USR-237E8E80,Coca-Cola,2025-10-21,MACH-047,Tokyo
SAL-480FEC17,USR-9CF1DB44,Georgia Coffee,2025-12-31,MACH-025,Saitama
SAL-424025D2,USR-351F873B,Coca-Cola,2025-11-12,MACH-019,Chiba
SAL-883E8C7B,USR-BB134570,Fanta,2026-01-15,MACH-033,Tokyo
SAL-40C2B29C,USR-2A01E6EF,Georgia Coffee,2025-10-29,MACH-047,Tokyo
SAL-9D150DDC,USR-2C663A0D,Georgia Coffee,2026-01-22,MACH-045,Tokyo
SAL-B32E1DC0,USR-2941F913,Aquarius,2025-11-11,MACH-022,Hokkaido
SAL-7378645E,USR-24617DD7,Coca-Cola,2025-12-30,MACH-040,Aichi
SAL-7BBF3902,USR-73A3AAEA,Georgia Coffee,2026-02-21,MACH-045,Tokyo
SAL-8725B8D9,USR-9802FB80,Aquarius,2026-02-24,MACH-041,Tokyo
SAL-8E3374EB,USR-A65FC6EE,Fanta,2025-11-15,MACH-016,Aichi
SAL-DF8DACC6,USR-8D0CFA06,Georgia Coffee,2025-10-25,MACH-049,Tokyo
SAL-31AE46AE,USR-B979DECB,Georgia Coffee,2026-01-14,MACH-017,Hokkaido
SAL-42026BCC,USR-B19F9764,Georgia Coffee,2025-10-03,MACH-026,Aichi
SAL-6F9EE8E9,USR-F28D3253,Georgia Coffee,2025-10-08,MACH-007,Fukuoka
SAL-A95C81AB,USR-BCFE7342,Georgia Coffee,2026-02-02,MACH-008,Osaka
SAL-E53D6CB3,USR-C931D377,Georgia Coffee,2025-10-22,MACH-016,Aichi
SAL-02BDB800,USR-E3F24656,Coca-Cola,2026-02-22,MACH-010,Hokkaido
SAL-A82F46D1,USR-147E3806,Georgia Coffee,2025-10-29,MACH-003,Kyoto
SAL-B397195D,USR-3DFF8801,Aquarius,2025-09-10,MACH-047,Tokyo
SAL-01097B2D,USR-79ABC03E,Georgia Coffee,2026-02-05,MACH-049,Tokyo
SAL-DF72C9E2,USR-5C619686,Georgia Coffee,2025-11-24,MACH-025,Saitama
SAL-49139D86,USR-C9DC4C03,Georgia Coffee,2026-01-08,MACH-027,Saitama
SAL-DAFCD5D0,USR-34CF1E3B,Fanta,2026-01-14,MACH-001,Hyogo
SAL-5158EC73,USR-2AC752CE,Georgia Coffee,2025-10-25,MACH-002,Hyogo
SAL-EA4FFC46,USR-C9DC4C03,Coca-Cola,2025-09-29,MACH-022,Hokkaido
SAL-3788AE67,USR-E2D89BA5,Fanta,2026-01-20,MACH-009,Tokyo
SAL-B6199C56,USR-2462A127,Georgia Coffee,2025-11-03,MACH-045,Tokyo
SAL-4C0C062D,USR-996CC4D5,Georgia Coffee,2026-02-12,MACH-045,Tokyo
SAL-59E98EF9,USR-5860A001,Fanta,2025-11-13,MACH-039,Hokkaido
SAL-ADC93826,USR-147E3806,Coca-Cola,2025-12-17,MACH-001,Hyogo
SAL-8F44F438,USR-A05F75EC,Coca-Cola,2025-10-26,MACH-026,Aichi
SAL-9DE2C655,USR-3DFF8801,Georgia Coffee,2025-11-29,MACH-009,Tokyo
SAL-A03D34A8,USR-1C6E8C0F,Coca-Cola,2025-09-20,MACH-008,Osaka
SAL-B5873D21,USR-2A01E6EF,Georgia Coffee,2026-01-27,MACH-019,Chiba
SAL-EC37FCFF,USR-2847C466,Coca-Cola,2025-10-29,MACH-015,Tokyo
SAL-1B0A9375,USR-B979DECB,Georgia Coffee,2025-11-28,MACH-002,Hyogo
SAL-17182B9B,USR-D368E499,Georgia Coffee,2025-12-15,MACH-014,Aichi
SAL-E24097CD,USR-190968EF,Georgia Coffee,2026-02-03,MACH-033,Tokyo
SAL-50417F84,USR-3C538E28,Georgia Coffee,2025-12-26,MACH-018,Chiba
SAL-08C3988B,USR-5090593D,Fanta,2025-09-21,MACH-006,Fukuoka
SAL-F9FC4F06,USR-460F5C8D,Coca-Cola,2026-02-27,MACH-048,Osaka
SAL-A81475CC,USR-0B631903,Georgia Coffee,2025-10-05,MACH-034,Kanagawa
SAL-B40EFD1A,USR-8213053B,Georgia Coffee,2025-09-12,MACH-024,Tokyo
SAL-E89AA2ED,USR-8CD2F075,Fanta,2025-11-27,MACH-016,Aichi
SAL-EFA5FA53,USR-23E9C01D,Coca-Cola,2025-12-20,MACH-028,Kanagawa
SAL-271D825D,USR-06FC311A,Georgia Coffee,2025-09-13,MACH-034,Kanagawa
SAL-46FFD4D1,USR-385E96AB,Water,2025-10-04,MACH-028,Kanagawa
SAL-E473E8A3,USR-95101C30,Coca-Cola,2025-09-12,MACH-013,Fukuoka
SAL-F58CF5BC,USR-369816FC,Georgia Coffee,2025-10-24,MACH-024,Tokyo
SAL-4F50BFE6,USR-B587B453,Water,2026-02-04,MACH-006,Fukuoka
SAL-C8EBD448,USR-3404A170,Water,2025-09-08,MACH-025,Saitama
SAL-7CE96F90,USR-E90EDE59,Water,2025-09-20,MACH-021,Fukuoka
SAL-084F1C3A,USR-5090593D,Fanta,2025-09-27,MACH-012,Tokyo
SAL-3ED9BBD7,USR-B587B453,Georgia Coffee,2025-12-02,MACH-004,Chiba
SAL-0F06215A,USR-840713B2,Coca-Cola,2026-01-20,MACH-007,Fukuoka
SAL-BBC3FE41,USR-F6501AA9,Georgia Coffee,2026-01-04,MACH-028,Kanagawa
SAL-A03E2896,USR-A3B76148,Aquarius,2025-10-08,MACH-040,Aichi
SAL-D01EBC36,USR-11A1B6FD,Fanta,2025-11-08,MACH-019,Chiba
SAL-55144748,USR-7A115B9E,Fanta,2025-10-01,MACH-016,Aichi
SAL-B29353D6,USR-6433ED22,Water,2025-09-03,MACH-034,Kanagawa
SAL-039F6A11,USR-122FABF9,Georgia Coffee,2025-11-28,MACH-020,Fukuoka
SAL-F4F0DCD9,USR-BD0F3DC4,Water,2026-02-19,MACH-036,Kyoto
SAL-D4AB3DED,USR-4B165E46,Georgia Coffee,2025-10-06,MACH-027,Saitama
SAL-41E307D1,USR-BB1F9A40,Coca-Cola,2026-02-14,MACH-024,Tokyo
SAL-0240E5E2,USR-F96408B3,Coca-Cola,2025-09-15,MACH-007,Fukuoka
SAL-65911D61,USR-FF81B894,Coca-Cola,2026-02-25,MACH-045,Tokyo
SAL-B5B15D23,USR-A05F75EC,Aquarius,2025-09-14,MACH-033,Tokyo
SAL-ECF2F9B9,USR-9E0BB6BF,Water,2026-01-28,MACH-046,Saitama
SAL-86AE0DB2,USR-E65E15CB,Fanta,2025-11-14,MACH-037,Kyoto
SAL-A1DB1363,USR-4D52F6DB,Water,2025-12-26,MACH-017,Hokkaido
SAL-5F62244B,USR-1AF67160,Coca-Cola,2025-12-14,MACH-049,Tokyo
SAL-F742546B,USR-003C88E0,Coca-Cola,2026-02-08,MACH-041,Tokyo
SAL-CA513724,USR-1C6E8C0F,Coca-Cola,2026-01-26,MACH-025,Saitama
SAL-121FE532,USR-CAE4EAE1,Coca-Cola,2025-11-16,MACH-036,Kyoto
SAL-1C6D07E1,USR-B6FA48D1,Coca-Cola,2026-02-02,MACH-048,Osaka
SAL-85A0ADF1,USR-A6473A39,Georgia Coffee,2025-12-27,MACH-006,Fukuoka
SAL-53884E05,USR-739900E1,Georgia Coffee,2025-10-09,MACH-035,Osaka
SAL-6B6F0F02,USR-A22D6DAF,Coca-Cola,2025-12-09,MACH-041,Tokyo
SAL-DF5B5D21,USR-2205CE74,Georgia Coffee,2025-10-09,MACH-022,Hokkaido
SAL-CE58BA41,USR-42AF9455,Water,2025-09-07,MACH-024,Tokyo
SAL-72262611,USR-2A01E6EF,Georgia Coffee,2025-10-21,MACH-012,Tokyo
SAL-6D339BE0,USR-385E96AB,Georgia Coffee,2025-10-29,MACH-019,Chiba
SAL-71DD0A6C,USR-8EAE3784,Georgia Coffee,2025-12-21,MACH-026,Aichi
SAL-655057B4,USR-328FC568,Water,2025-09-16,MACH-027,Saitama
SAL-BC63453B,USR-DFD0624C,Georgia Coffee,2026-01-22,MACH-031,Tokyo
SAL-AFAEDDC4,USR-0232338A,Fanta,2025-10-02,MACH-030,Saitama
SAL-542DB846,USR-9B4D256D,Coca-Cola,2026-02-13,MACH-029,Fukuoka
SAL-5AA23024,USR-D368E499,Aquarius,2025-11-20,MACH-036,Kyoto
SAL-F084DFBC,USR-5C26D66C,Georgia Coffee,2025-10-30,MACH-034,Kanagawa
SAL-8C1F0DD3,USR-D062DBF9,Fanta,2026-02-20,MACH-043,Chiba
SAL-0BD4E439,USR-F8E3BA8A,Fanta,2026-02-15,MACH-016,Aichi
SAL-5EF5E250,USR-5206F7E9,Coca-Cola,2025-10-07,MACH-043,Chiba
SAL-2FB5AA11,USR-83C86A52,Georgia Coffee,2025-09-06,MACH-019,Chiba
SAL-19AE5915,USR-E5902D2F,Coca-Cola,2025-11-29,MACH-027,Saitama
SAL-C0FC2AFC,USR-2205CE74,Coca-Cola,2025-10-08,MACH-045,Tokyo
SAL-CB729FE6,USR-FBCF129D,Water,2025-11-28,MACH-002,Hyogo
SAL-A45362F3,USR-2D78256C,Water,2025-10-09,MACH-026,Aichi
SAL-DE365F33,USR-190968EF,Georgia Coffee,2026-01-19,MACH-044,Kyoto
SAL-4924B476,USR-739900E1,Coca-Cola,2025-11-09,MACH-006,Fukuoka
SAL-6A8E9700,USR-E99E5160,Georgia Coffee,2026-01-26,MACH-025,Saitama
SAL-EB3294A6,USR-D558FE90,Coca-Cola,2025-09-20,MACH-014,Aichi
SAL-87B645A1,USR-F1DC1730,Water,2025-12-20,MACH-007,Fukuoka
SAL-755CC820,USR-1EF21D82,Coca-Cola,2025-10-09,MACH-039,Hokkaido
SAL-9BCF05F9,USR-E8697D4C,Georgia Coffee,2025-10-02,MACH-017,Hokkaido
SAL-00CD373E,USR-0E1E0EAE,Georgia Coffee,2025-11-09,MACH-026,Aichi
SAL-B3989DDC,USR-F609D268,Coca-Cola,2026-01-30,MACH-038,Hokkaido
SAL-F5D9AA2A,USR-A8EFB83C,Aquarius,2025-09-12,MACH-002,Hyogo
SAL-968C01F9,USR-0ABF0AD6,Georgia Coffee,2026-01-02,MACH-049,Tokyo
SAL-6313D361,USR-4CDB33EE,Coca-Cola,2026-02-19,MACH-033,Tokyo
SAL-5A00ECA4,USR-95101C30,Georgia Coffee,2025-12-10,MACH-005,Saitama
SAL-7B189D04,USR-71FFFEE9,Georgia Coffee,2025-12-10,MACH-033,Tokyo
SAL-89BB0110,USR-3C538E28,Water,2026-02-20,MACH-013,Fukuoka
SAL-C715BEEF,USR-FFF83EBA,Georgia Coffee,2025-09-08,MACH-004,Chiba
SAL-EB318A7B,USR-A2A97C1E,Coca-Cola,2026-01-15,MACH-004,Chiba
SAL-0E0D5107,USR-8213053B,Water,2025-09-22,MACH-019,Chiba
SAL-6B103BA7,USR-664A3267,Georgia Coffee,2025-11-23,MACH-004,Chiba
SAL-40E41FEE,USR-61B328E1,Georgia Coffee,2025-10-17,MACH-041,Tokyo
SAL-D8323E70,USR-CAE4EAE1,Georgia Coffee,2026-01-29,MACH-029,Fukuoka
SAL-45377DD8,USR-B6FA48D1,Georgia Coffee,2025-10-08,MACH-004,Chiba
SAL-D0DF8E43,USR-C92D2173,Georgia Coffee,2026-02-12,MACH-018,Chiba
SAL-9B7802AF,USR-78E6D5B9,Coca-Cola,2026-01-06,MACH-029,Fukuoka
SAL-905B3798,USR-9802FB80,Coca-Cola,2025-12-11,MACH-011,Osaka
SAL-8CE4408E,USR-F6501AA9,Water,2025-12-25,MACH-009,Tokyo
SAL-82785452,USR-FF81B894,Georgia Coffee,2026-02-20,MACH-027,Saitama
SAL-E763AAE3,USR-8133C1BD,Coca-Cola,2025-09-25,MACH-048,Osaka
SAL-D118D0D7,USR-FA76A5C7,Georgia Coffee,2026-02-09,MACH-031,Tokyo
SAL-0238B914,USR-2205CE74,Water,2025-09-14,MACH-011,Osaka
SAL-70AFF862,USR-326C1F96,Coca-Cola,2026-02-03,MACH-005,Saitama
SAL-7429F52B,USR-5B58CB95,Coca-Cola,2025-09-07,MACH-026,Aichi
SAL-AE562F0B,USR-9F0F60CA,Fanta,2026-01-16,MACH-017,Hokkaido
SAL-E80935F7,USR-5B58CB95,Georgia Coffee,2025-10-22,MACH-006,Fukuoka
SAL-22EB2066,USR-5024AB28,Georgia Coffee,2025-11-21,MACH-023,Saitama
SAL-28FF8AC0,USR-4CCAD281,Georgia Coffee,2025-12-13,MACH-007,Fukuoka
SAL-7A8C807A,USR-12138CF9,Georgia Coffee,2025-09-22,MACH-014,Aichi
SAL-BF1BA4FC,USR-80DF6F51,Georgia Coffee,2026-02-03,MACH-011,Osaka
SAL-AA73FC58,USR-E0EA0D7E,Georgia Coffee,2025-10-28,MACH-049,Tokyo
SAL-586C8663,USR-33FFBC8E,Georgia Coffee,2026-01-11,MACH-043,Chiba
SAL-096FBBBE,USR-43F31FCF,Aquarius,2026-01-06,MACH-035,Osaka
SAL-20A26D5A,USR-A52F6A51,Georgia Coffee,2025-12-07,MACH-008,Osaka
SAL-97DD664B,USR-6F0F2176,Georgia Coffee,2025-09-21,MACH-043,Chiba
SAL-0EB54519,USR-6C3A2676,Coca-Cola,2025-11-08,MACH-038,Hokkaido
SAL-2D27B237,USR-CFD9D57F,Georgia Coffee,2025-10-15,MACH-038,Hokkaido
SAL-A137388F,USR-3665D7CE,Georgia Coffee,2025-12-12,MACH-019,Chiba
SAL-AFA2367B,USR-7FEB7CCB,Georgia Coffee,2025-09-26,MACH-028,Kanagawa
SAL-04A6C32B,USR-FE961FCC,Georgia Coffee,2025-09-15,MACH-016,Aichi
SAL-4576F6CE,USR-2847C466,Georgia Coffee,2025-11-05,MACH-007,Fukuoka
SAL-6D0E7117,USR-A0180BCD,Coca-Cola,2025-09-29,MACH-010,Hokkaido
SAL-6144426A,USR-351F873B,Georgia Coffee,2026-01-07,MACH-043,Chiba
SAL-7EBDA021,USR-D558FE90,Water,2025-10-19,MACH-005,Saitama
SAL-08571A0E,USR-9575A62F,Georgia Coffee,2026-02-12,MACH-006,Fukuoka
SAL-EEB4C903,USR-83C86A52,Georgia Coffee,2026-01-30,MACH-035,Osaka
SAL-7A147A2C,USR-5024AB28,Coca-Cola,2026-02-09,MACH-032,Aichi
SAL-81360138,USR-C7E81044,Georgia Coffee,2025-11-28,MACH-048,Osaka
SAL-83449B7F,USR-EA1B36C8,Georgia Coffee,2026-02-24,MACH-039,Hokkaido
SAL-42317187,USR-66A7AA62,Water,2025-12-20,MACH-015,Tokyo
SAL-C686E7E8,USR-49A35BE3,Georgia Coffee,2025-11-03,MACH-008,Osaka
SAL-D80AD549,USR-14FC24AA,Georgia Coffee,2026-01-19,MACH-044,Kyoto
SAL-494142B9,USR-43F31FCF,Coca-Cola,2025-11-27,MACH-015,Tokyo
SAL-7816B3CC,USR-D6C2FAB3,Water,2025-09-07,MACH-032,Aichi
SAL-F9380123,USR-2069AFAC,Georgia Coffee,2026-01-19,MACH-047,Tokyo
SAL-6AB1491A,USR-664A3267,Georgia Coffee,2026-02-23,MACH-008,Osaka
SAL-32996B1B,USR-422D1A35,Fanta,2025-09-17,MACH-026,Aichi
SAL-31CA7E2C,USR-41E891D1,Water,2025-11-01,MACH-026,Aichi
SAL-96B2F66C,USR-487BD7ED,Water,2025-10-09,MACH-001,Hyogo
SAL-346119BA,USR-6CC5A636,Georgia Coffee,2025-12-07,MACH-035,Osaka
SAL-2F963B12,USR-4374EFE0,Coca-Cola,2025-10-15,MACH-027,Saitama
SAL-CAC844BA,USR-12138CF9,Fanta,2025-09-24,MACH-026,Aichi
SAL-99D9B00E,USR-46095397,Georgia Coffee,2025-12-04,MACH-001,Hyogo
SAL-37BAF10A,USR-E9574BD3,Georgia Coffee,2025-12-25,MACH-007,Fukuoka
SAL-592FAE7B,USR-8F767464,Georgia Coffee,2026-01-25,MACH-010,Hokkaido
SAL-7B48A78E,USR-3E6188A3,Aquarius,2026-02-15,MACH-050,Tokyo
SAL-9B576984,USR-2480924D,Georgia Coffee,2025-10-07,MACH-021,Fukuoka
SAL-04F1F4E0,USR-4C9793D5,Fanta,2025-12-27,MACH-049,Tokyo
SAL-505AB95F,USR-5E99562D,Coca-Cola,2026-01-22,MACH-038,Hokkaido
SAL-BE9F02FB,USR-719D3C88,Coca-Cola,2025-11-09,MACH-016,Aichi
SAL-7FB8F916,USR-739900E1,Georgia Coffee,2026-01-18,MACH-019,Chiba
SAL-CBD277F7,USR-0B9ABA08,Fanta,2025-09-06,MACH-011,Osaka
SAL-88CF9FD6,USR-B978D0A5,Georgia Coffee,2025-09-11,MACH-022,Hokkaido
SAL-9CE9E0FD,USR-B6FA48D1,Georgia Coffee,2026-02-03,MACH-045,Tokyo
SAL-0D6DF825,USR-BF0CDBD4,Coca-Cola,2026-01-18,MACH-028,Kanagawa
SAL-C771E174,USR-931EC15B,Fanta,2026-02-26,MACH-017,Hokkaido
SAL-A334A2EB,USR-D34E6306,Water,2026-02-14,MACH-044,Kyoto
SAL-88EF577F,USR-AC90864D,Coca-Cola,2026-02-05,MACH-033,Tokyo
SAL-0D6C0D73,USR-FCB6B33E,Georgia Coffee,2026-02-14,MACH-006,Fukuoka
SAL-77C89F4C,USR-931EC15B,Georgia Coffee,2026-02-09,MACH-035,Osaka
SAL-100E97C7,USR-DCFCDF5F,Coca-Cola,2025-09-11,MACH-045,Tokyo
SAL-E9B8170C,USR-7B1ECD3F,Georgia Coffee,2025-12-02,MACH-040,Aichi
SAL-A9201968,USR-715D5BB3,Georgia Coffee,2026-01-02,MACH-048,Osaka
SAL-D8727E1C,USR-1D42BE94,Georgia Coffee,2026-02-06,MACH-029,Fukuoka
SAL-F3C457D1,USR-C361A229,Water,2025-09-21,MACH-040,Aichi
SAL-AC916B63,USR-8CD2F075,Georgia Coffee,2026-02-18,MACH-040,Aichi
SAL-CDA7AFCF,USR-6101E920,Fanta,2025-10-10,MACH-040,Aichi
SAL-3F25C9B2,USR-2AD1EFA6,Water,2026-01-09,MACH-032,Aichi
SAL-22C6E9DC,USR-7A6E928C,Coca-Cola,2025-10-05,MACH-021,Fukuoka
SAL-C9B39CC5,USR-0BD71BBC,Coca-Cola,2026-01-06,MACH-048,Osaka
SAL-B08783B8,USR-4407CE18,Georgia Coffee,2026-01-16,MACH-021,Fukuoka
SAL-5AB31B89,USR-715D5BB3,Coca-Cola,2025-12-13,MACH-042,Tokyo
SAL-020FEC98,USR-14E008F4,Coca-Cola,2025-11-01,MACH-024,Tokyo
SAL-7BDEAF89,USR-C4222950,Fanta,2025-09-09,MACH-043,Chiba
SAL-D06DFE64,USR-B19F9764,Coca-Cola,2025-12-10,MACH-025,Saitama
SAL-3E50F194,USR-F1DC1730,Georgia Coffee,2026-02-24,MACH-002,Hyogo
SAL-76BDE697,USR-773E79C5,Water,2025-11-12,MACH-035,Osaka
SAL-E66AA441,USR-9812736F,Georgia Coffee,2025-11-28,MACH-024,Tokyo
SAL-748C34B6,USR-0E004C2A,Coca-Cola,2026-01-14,MACH-026,Aichi
SAL-6080F437,USR-7D413B79,Georgia Coffee,2025-10-22,MACH-045,Tokyo
SAL-9BFBC41A,USR-A22D6DAF,Georgia Coffee,2025-11-04,MACH-041,Tokyo
SAL-5B4FC29D,USR-6101E920,Water,2026-01-16,MACH-048,Osaka
SAL-79FC1629,USR-8C6D82E4,Fanta,2025-12-11,MACH-015,Tokyo
SAL-97144C05,USR-119F4985,Georgia Coffee,2026-01-19,MACH-037,Kyoto
SAL-E60D33C5,USR-210BE25B,Georgia Coffee,2025-12-14,MACH-011,Osaka
SAL-FBC67BCA,USR-715D5BB3,Georgia Coffee,2026-02-23,MACH-021,Fukuoka
SAL-65E13746,USR-54A1708E,Georgia Coffee,2025-11-27,MACH-047,Tokyo
SAL-6FB46DE7,USR-99E1CD38,Aquarius,2025-11-28,MACH-025,Saitama
SAL-5A808562,USR-FFF83EBA,Coca-Cola,2025-10-15,MACH-026,Aichi
SAL-0248B8C6,USR-5AD403AF,Georgia Coffee,2026-02-26,MACH-015,Tokyo
SAL-F27E39C0,USR-658512AC,Georgia Coffee,2026-02-24,MACH-024,Tokyo
SAL-EE73FA74,USR-137C3A44,Coca-Cola,2026-01-09,MACH-007,Fukuoka
SAL-1D7EDCCB,USR-E693155C,Fanta,2025-12-05,MACH-024,Tokyo
SAL-3A321F4F,USR-EC8C373E,Fanta,2026-01-05,MACH-034,Kanagawa
SAL-8E2157F5,USR-6875C74B,Coca-Cola,2026-01-23,MACH-021,Fukuoka
SAL-6159F7B4,USR-0ABF0AD6,Georgia Coffee,2026-01-04,MACH-020,Fukuoka
SAL-BB275879,USR-E4B0FBF1,Georgia Coffee,2025-11-19,MACH-041,Tokyo
SAL-87AB3A3E,USR-D47055A5,Coca-Cola,2026-02-21,MACH-033,Tokyo
SAL-9B918F55,USR-1AF67160,Coca-Cola,2025-09-30,MACH-031,Tokyo
SAL-67297D70,USR-D7540919,Georgia Coffee,2025-09-14,MACH-026,Aichi
SAL-26169CBC,USR-CAD781E9,Coca-Cola,2025-09-11,MACH-006,Fukuoka
SAL-17B348AF,USR-4D2AAA22,Georgia Coffee,2025-12-11,MACH-020,Fukuoka
SAL-D1FB0FD5,USR-4374EFE0,Water,2025-12-27,MACH-007,Fukuoka
SAL-CEE570E2,USR-0CC34EE0,Water,2025-10-23,MACH-007,Fukuoka
SAL-B379CD6B,USR-810068EE,Georgia Coffee,2025-12-04,MACH-040,Aichi
SAL-5EE859A1,USR-B19F9764,Water,2025-12-18,MACH-031,Tokyo
SAL-8DB0C65F,USR-122FABF9,Water,2026-01-14,MACH-007,Fukuoka
SAL-C086BDE4,USR-4B165E46,Georgia Coffee,2025-12-25,MACH-021,Fukuoka
SAL-EC45333F,USR-A22D6DAF,Water,2026-02-07,MACH-018,Chiba
SAL-729FCD44,USR-E92D572D,Georgia Coffee,2026-02-27,MACH-042,Tokyo
SAL-18FCED8F,USR-46095397,Coca-Cola,2025-09-24,MACH-003,Kyoto
SAL-8FE1599A,USR-87BCA48F,Georgia Coffee,2025-12-27,MACH-025,Saitama
SAL-BE81E2AA,USR-2D78256C,Coca-Cola,2025-10-03,MACH-045,Tokyo
SAL-49F3B6D4,USR-B791CF04,Coca-Cola,2026-01-23,MACH-004,Chiba
SAL-EB653F24,USR-91C6EA12,Georgia Coffee,2025-10-05,MACH-049,Tokyo
SAL-1D17458B,USR-BE071155,Georgia Coffee,2025-12-03,MACH-038,Hokkaido
SAL-3C75C4F6,USR-C39FA022,Fanta,2025-11-30,MACH-026,Aichi
SAL-F721BF00,USR-74D10072,Fanta,2025-11-25,MACH-036,Kyoto
SAL-2C7A0A7C,USR-9802FB80,Fanta,2025-12-20,MACH-027,Saitama
SAL-41425F6A,USR-21C989A3,Coca-Cola,2026-01-29,MACH-033,Tokyo
SAL-27F644E1,USR-78E6D5B9,Georgia Coffee,2025-12-26,MACH-035,Osaka
SAL-5B73DC36,USR-3665D7CE,Georgia Coffee,2025-10-14,MACH-026,Aichi
SAL-3E03D942,USR-0E1E0EAE,Coca-Cola,2026-02-20,MACH-018,Chiba
SAL-9C7CB9F7,USR-1FCAB73C,Georgia Coffee,2026-01-30,MACH-028,Kanagawa
SAL-B078B3C4,USR-296C1D26,Coca-Cola,2025-11-22,MACH-046,Saitama
SAL-8B254BF2,USR-BE2283DC,Georgia Coffee,2025-10-17,MACH-033,Tokyo
SAL-5A26AF69,USR-09DB4C44,Georgia Coffee,2026-02-06,MACH-008,Osaka
SAL-A49F9D5F,USR-0A72FAE9,Georgia Coffee,2026-02-26,MACH-028,Kanagawa
SAL-DA97BF4D,USR-7E5321DC,Georgia Coffee,2025-09-03,MACH-003,Kyoto
SAL-FFD70400,USR-8E99A38C,Georgia Coffee,2025-11-19,MACH-024,Tokyo
SAL-7B44985E,USR-3E6188A3,Fanta,2026-02-14,MACH-015,Tokyo
SAL-26304E9C,USR-9575A62F,Water,2025-10-05,MACH-042,Tokyo
SAL-4B944231,USR-8A64BE0A,Georgia Coffee,2025-10-01,MACH-021,Fukuoka
SAL-6AF5D339,USR-CFD9D57F,Georgia Coffee,2025-10-25,MACH-001,Hyogo
SAL-505497B8,USR-A65FC6EE,Water,2025-09-10,MACH-034,Kanagawa
SAL-00D82E7D,USR-BD0F3DC4,Georgia Coffee,2025-12-19,MACH-036,Kyoto
SAL-A905BA55,USR-7A115B9E,Georgia Coffee,2025-09-27,MACH-019,Chiba
SAL-92451D8D,USR-87BCA48F,Georgia Coffee,2026-01-13,MACH-034,Kanagawa
SAL-48B78EFC,USR-198BDD3B,Georgia Coffee,2026-01-30,MACH-040,Aichi
SAL-A560E2CA,USR-5B58CB95,Georgia Coffee,2026-01-07,MACH-045,Tokyo
SAL-A07FA33D,USR-158ADDF2,Georgia Coffee,2025-12-25,MACH-041,Tokyo
SAL-68233B61,USR-420F237F,Georgia Coffee,2025-11-15,MACH-042,Tokyo
SAL-D2482C29,USR-22EF86F5,Water,2025-09-03,MACH-038,Hokkaido
SAL-C3611B76,USR-A3B76148,Fanta,2025-12-05,MACH-019,Chiba
SAL-EF4757F9,USR-D13BC615,Water,2025-09-19,MACH-034,Kanagawa
SAL-135CAFE8,USR-BCFE7342,Water,2025-10-16,MACH-046,Saitama
SAL-CB3EC2D5,USR-44006F81,Georgia Coffee,2025-09-29,MACH-048,Osaka
SAL-2CA6B85E,USR-9575A62F,Fanta,2025-09-18,MACH-011,Osaka
SAL-CE014CF6,USR-1537258D,Water,2025-09-03,MACH-041,Tokyo
SAL-FBE09B22,USR-22EF86F5,Georgia Coffee,2025-09-17,MACH-025,Saitama
SAL-D948A8B4,USR-37DCA4A3,Coca-Cola,2025-09-25,MACH-034,Kanagawa
SAL-F311BF2A,USR-A65FC6EE,Coca-Cola,2026-01-05,MACH-011,Osaka
SAL-9AA41E06,USR-807549A0,Georgia Coffee,2025-12-29,MACH-014,Aichi
SAL-2AC69E0D,USR-0AE853FE,Coca-Cola,2026-01-12,MACH-046,Saitama
SAL-2CC233A9,USR-2D01E1CC,Georgia Coffee,2025-10-17,MACH-012,Tokyo
SAL-B9D2EAE4,USR-0C7189C7,Georgia Coffee,2025-11-07,MACH-048,Osaka
SAL-DDCBDC5E,USR-77730124,Georgia Coffee,2026-02-09,MACH-018,Chiba
SAL-8B9F8D0B,USR-D368E499,Georgia Coffee,2025-10-11,MACH-037,Kyoto
SAL-21C066A9,USR-F28D3253,Coca-Cola,2025-10-08,MACH-040,Aichi
SAL-B6E1F14F,USR-664A3267,Georgia Coffee,2026-02-20,MACH-048,Osaka
SAL-6AC4B432,USR-2E171F95,Coca-Cola,2026-02-17,MACH-036,Kyoto
SAL-B3260004,USR-FBCF129D,Water,2025-12-11,MACH-004,Chiba
SAL-B904555E,USR-26D7D111,Georgia Coffee,2025-12-23,MACH-008,Osaka
SAL-7174AEB1,USR-78E6D5B9,Water,2025-09-18,MACH-016,Aichi
SAL-19F6E091,USR-DCFCDF5F,Coca-Cola,2025-10-27,MACH-037,Kyoto
SAL-5FC5A900,USR-A478E443,Georgia Coffee,2025-10-19,MACH-002,Hyogo
SAL-9D80154B,USR-02007186,Coca-Cola,2025-10-11,MACH-037,Kyoto
SAL-E149ACD5,USR-337DA9CD,Georgia Coffee,2026-02-06,MACH-014,Aichi
SAL-4A2C4D4B,USR-8F767464,Georgia Coffee,2025-10-15,MACH-007,Fukuoka
SAL-0203507E,USR-D9F7D199,Coca-Cola,2025-11-24,MACH-043,Chiba
SAL-066FD9D9,USR-7B4DC62A,Georgia Coffee,2026-02-12,MACH-020,Fukuoka
SAL-7004D77F,USR-5206F7E9,Georgia Coffee,2025-10-08,MACH-016,Aichi
SAL-025FF617,USR-736C23F9,Fanta,2026-02-16,MACH-024,Tokyo
SAL-A61262F5,USR-A65FC6EE,Georgia Coffee,2026-01-27,MACH-035,Osaka
SAL-34A9011A,USR-1AF015D1,Georgia Coffee,2025-11-19,MACH-018,Chiba
SAL-74A1C1E2,USR-147E3806,Georgia Coffee,2026-02-14,MACH-030,Saitama
SAL-4126D98F,USR-64A351CA,Georgia Coffee,2025-10-13,MACH-026,Aichi
SAL-19A9D279,USR-0A72FAE9,Georgia Coffee,2025-09-07,MACH-037,Kyoto
SAL-E1878D15,USR-2AC752CE,Fanta,2025-11-05,MACH-037,Kyoto
SAL-D43B7FEF,USR-198BDD3B,Coca-Cola,2026-01-07,MACH-040,Aichi
SAL-58C3C9F6,USR-B791CF04,Water,2025-10-18,MACH-029,Fukuoka
SAL-B4777587,USR-480BFAD9,Georgia Coffee,2026-01-29,MACH-029,Fukuoka
SAL-3DFD724C,USR-A7BF8F45,Georgia Coffee,2025-10-16,MACH-029,Fukuoka
SAL-0C6AB21B,USR-F96408B3,Fanta,2025-11-25,MACH-016,Aichi
SAL-FB942190,USR-BE071155,Fanta,2025-12-30,MACH-049,Tokyo
SAL-FA1C841D,USR-B7BC5949,Water,2025-09-30,MACH-014,Aichi
SAL-7FD3EB9E,USR-FFF83EBA,Fanta,2025-11-24,MACH-041,Tokyo
SAL-B2310D41,USR-31D7E8A6,Aquarius,2025-11-03,MACH-049,Tokyo
SAL-1B5275C1,USR-2847C466,Water,2025-10-06,MACH-024,Tokyo
SAL-90A04152,USR-7FCEC881,Georgia Coffee,2025-09-15,MACH-036,Kyoto
SAL-05A0FD61,USR-1965E406,Coca-Cola,2025-09-13,MACH-017,Hokkaido
SAL-1074EBCC,USR-810068EE,Georgia Coffee,2026-02-04,MACH-044,Kyoto
SAL-3594AC19,USR-AE8182EF,Coca-Cola,2026-01-08,MACH-033,Tokyo
SAL-3CC9D6C8,USR-A3B76148,Coca-Cola,2025-11-30,MACH-044,Kyoto
SAL-09F9BAFB,USR-F96408B3,Coca-Cola,2026-03-01,MACH-024,Tokyo
SAL-6EAF7534,USR-536D55BF,Coca-Cola,2025-10-19,MACH-016,Aichi
SAL-37DBCF3B,USR-C31D2317,Aquarius,2025-09-17,MACH-049,Tokyo
SAL-7206A1D4,USR-7B4DC62A,Fanta,2025-09-12,MACH-024,Tokyo
SAL-7F22691B,USR-6B3F7DC5,Coca-Cola,2026-02-14,MACH-006,Fukuoka
SAL-60B10EB9,USR-41E5E064,Georgia Coffee,2026-01-26,MACH-021,Fukuoka
SAL-D4404681,USR-0C656821,Georgia Coffee,2025-11-29,MACH-011,Osaka
SAL-A3E04FBD,USR-237E8E80,Coca-Cola,2026-01-26,MACH-006,Fukuoka
SAL-DC491A24,USR-99E1CD38,Coca-Cola,2026-02-13,MACH-037,Kyoto
SAL-5E09AF33,USR-15CF548F,Coca-Cola,2026-01-30,MACH-048,Osaka
SAL-D8045311,USR-C05C9F63,Coca-Cola,2025-09-25,MACH-020,Fukuoka
SAL-4D6BBC3F,USR-3665D7CE,Georgia Coffee,2026-02-16,MACH-048,Osaka
SAL-110733A8,USR-F22D56C7,Georgia Coffee,2026-02-05,MACH-013,Fukuoka
SAL-2BA981AF,USR-A3B76148,Coca-Cola,2025-12-31,MACH-006,Fukuoka
SAL-A1F83A6A,USR-29112E45,Fanta,2026-01-07,MACH-006,Fukuoka
SAL-8D5F2960,USR-5C2FBAA2,Coca-Cola,2025-10-09,MACH-026,Aichi
SAL-532434E5,USR-119970F8,Georgia Coffee,2025-10-10,MACH-008,Osaka
SAL-9AC27722,USR-B701BCD2,Georgia Coffee,2026-02-24,MACH-045,Tokyo
SAL-A3BBB712,USR-7FE66F80,Georgia Coffee,2025-12-30,MACH-049,Tokyo
SAL-43428CE2,USR-13638586,Water,2025-10-01,MACH-039,Hokkaido
SAL-02553C6F,USR-6A471CB9,Coca-Cola,2025-09-24,MACH-008,Osaka
SAL-087F0840,USR-7E5321DC,Georgia Coffee,2025-09-28,MACH-009,Tokyo
SAL-D1206437,USR-F68717F7,Water,2025-09-10,MACH-029,Fukuoka
SAL-3357E9C0,USR-97253F75,Georgia Coffee,2026-02-18,MACH-048,Osaka
SAL-BF0C7B39,USR-C05C9F63,Fanta,2025-12-23,MACH-016,Aichi
SAL-2A599824,USR-7D413B79,Coca-Cola,2025-10-26,MACH-003,Kyoto
SAL-00891164,USR-D34E6306,Georgia Coffee,2025-12-21,MACH-025,Saitama
SAL-3AB80EDE,USR-A2AFE01A,Coca-Cola,2025-09-05,MACH-043,Chiba
SAL-A846E597,USR-46095397,Georgia Coffee,2026-02-19,MACH-020,Fukuoka
SAL-BE4F18DF,USR-739900E1,Georgia Coffee,2025-10-10,MACH-049,Tokyo
SAL-5272910D,USR-FCB6B33E,Georgia Coffee,2025-09-27,MACH-006,Fukuoka
SAL-B6460E3B,USR-4D0AD1D6,Coca-Cola,2026-01-22,MACH-044,Kyoto
SAL-C3B96C45,USR-422D1A35,Georgia Coffee,2025-10-07,MACH-022,Hokkaido
SAL-389EBB9B,USR-44006F81,Georgia Coffee,2026-02-19,MACH-021,Fukuoka
SAL-27A7CD94,USR-BE2283DC,Georgia Coffee,2025-11-14,MACH-025,Saitama
SAL-90798EDF,USR-73C0A881,Aquarius,2026-01-31,MACH-013,Fukuoka
SAL-D127D0B9,USR-333C6797,Water,2025-11-30,MACH-047,Tokyo
SAL-3B198615,USR-7BC12352,Water,2025-09-18,MACH-048,Osaka
SAL-B622B296,USR-F96408B3,Coca-Cola,2025-10-26,MACH-046,Saitama
SAL-A83CB104,USR-4D52F6DB,Georgia Coffee,2025-11-29,MACH-009,Tokyo
SAL-F71F57CC,USR-71203D61,Georgia Coffee,2025-09-06,MACH-035,Osaka
SAL-46E64AC4,USR-119F4985,Georgia Coffee,2025-10-20,MACH-028,Kanagawa
SAL-2B6C1D3E,USR-73C0A881,Georgia Coffee,2025-11-24,MACH-035,Osaka
SAL-B4CC0DE5,USR-44CB7D69,Georgia Coffee,2025-10-05,MACH-014,Aichi
SAL-CBADE092,USR-C9DC4C03,Georgia Coffee,2025-09-21,MACH-048,Osaka
SAL-67A6CF12,USR-4532CF9F,Georgia Coffee,2025-10-08,MACH-031,Tokyo
SAL-E378609C,USR-BB1F9A40,Georgia Coffee,2025-10-03,MACH-024,Tokyo
SAL-0BEF017E,USR-E5B237A6,Georgia Coffee,2025-10-31,MACH-036,Kyoto
SAL-1BA64510,USR-966623B4,Georgia Coffee,2025-10-14,MACH-039,Hokkaido
SAL-05CD7EB2,USR-BF611AA1,Fanta,2025-09-23,MACH-028,Kanagawa
SAL-7E000E5C,USR-A16B62A5,Georgia Coffee,2025-09-07,MACH-027,Saitama
SAL-7FB53D95,USR-FF29B40F,Fanta,2025-11-13,MACH-034,Kanagawa
SAL-DAA2DC16,USR-14FC24AA,Georgia Coffee,2025-09-29,MACH-022,Hokkaido
SAL-59CF79F8,USR-7E9FC3E4,Coca-Cola,2025-10-12,MACH-044,Kyoto
SAL-89D0F4A5,USR-6F35E759,Water,2025-10-28,MACH-045,Tokyo
SAL-5CEC3322,USR-5D94DB19,Georgia Coffee,2025-09-10,MACH-016,Aichi
SAL-D19CA0DE,USR-50FAFF7B,Fanta,2026-02-06,MACH-024,Tokyo
SAL-CCB8ADD5,USR-37748CF0,Coca-Cola,2026-01-07,MACH-037,Kyoto
SAL-67A6E11A,USR-E0EA0D7E,Water,2025-12-26,MACH-024,Tokyo
SAL-A2B822CB,USR-9E0BB6BF,Georgia Coffee,2025-11-19,MACH-040,Aichi
SAL-92225791,USR-C9DC4C03,Aquarius,2026-01-31,MACH-044,Kyoto
SAL-44C05176,USR-D682F73A,Water,2025-12-06,MACH-019,Chiba
SAL-21CD8A89,USR-2D01E1CC,Water,2025-11-04,MACH-017,Hokkaido
SAL-32DFBDAD,USR-FFC75C1E,Georgia Coffee,2025-10-07,MACH-017,Hokkaido
SAL-5FB0BADB,USR-B7C71473,Georgia Coffee,2025-09-30,MACH-003,Kyoto
SAL-B643E15E,USR-D7B27CFD,Georgia Coffee,2025-10-02,MACH-033,Tokyo
SAL-1DC6E298,USR-8C79D607,Coca-Cola,2025-09-08,MACH-048,Osaka
SAL-68B8D598,USR-66CDD224,Georgia Coffee,2025-10-30,MACH-007,Fukuoka
SAL-18EAE893,USR-7CA2DD2B,Coca-Cola,2025-09-25,MACH-032,Aichi
SAL-D525A1B2,USR-E59188C4,Coca-Cola,2025-09-12,MACH-035,Osaka
SAL-4D456558,USR-6433ED22,Georgia Coffee,2026-02-20,MACH-024,Tokyo
SAL-CE8DE27D,USR-8A64BE0A,Coca-Cola,2026-01-31,MACH-002,Hyogo
SAL-D3FA024B,USR-BF46D543,Georgia Coffee,2025-11-28,MACH-046,Saitama
SAL-AFD13D1F,USR-7E5321DC,Georgia Coffee,2025-10-22,MACH-033,Tokyo
SAL-5F6BA500,USR-46D25772,Coca-Cola,2025-09-28,MACH-016,Aichi
SAL-1BAA838B,USR-E157A9AD,Aquarius,2025-10-30,MACH-022,Hokkaido
SAL-64244ACD,USR-053007FF,Coca-Cola,2025-11-14,MACH-024,Tokyo
SAL-BFAF10D4,USR-E39B992E,Georgia Coffee,2025-11-11,MACH-032,Aichi
SAL-26C0EB4E,USR-E79B3EA6,Georgia Coffee,2025-12-13,MACH-016,Aichi
SAL-BF135EC4,USR-E035029C,Georgia Coffee,2025-12-22,MACH-039,Hokkaido
SAL-7470DD9C,USR-3EC0898E,Coca-Cola,2025-12-20,MACH-046,Saitama
SAL-F7EE130C,USR-A65FC6EE,Georgia Coffee,2026-01-07,MACH-002,Hyogo
SAL-E61396F4,USR-C05C9F63,Aquarius,2025-09-03,MACH-022,Hokkaido
SAL-E6F4D09F,USR-FD8C8981,Georgia Coffee,2025-10-23,MACH-039,Hokkaido
SAL-A0098B18,USR-CAD781E9,Georgia Coffee,2025-12-23,MACH-017,Hokkaido
SAL-C84E0D2C,USR-8D0CFA06,Georgia Coffee,2025-12-11,MACH-028,Kanagawa
SAL-F90F1FEA,USR-C361A229,Georgia Coffee,2025-12-01,MACH-038,Hokkaido
SAL-472FD94F,USR-D9F7D199,Coca-Cola,2025-10-07,MACH-045,Tokyo
SAL-5482A47F,USR-6549D451,Coca-Cola,2025-09-10,MACH-004,Chiba
SAL-C7D18967,USR-CB985182,Fanta,2025-12-19,MACH-007,Fukuoka
SAL-B0BD0DDD,USR-E79B3EA6,Coca-Cola,2026-02-09,MACH-038,Hokkaido
SAL-15FFF6DF,USR-AAF95268,Coca-Cola,2025-10-01,MACH-004,Chiba
SAL-28F61E4F,USR-0BD71BBC,Georgia Coffee,2026-02-19,MACH-020,Fukuoka
SAL-497DB43F,USR-37F664F5,Georgia Coffee,2026-02-16,MACH-017,Hokkaido
SAL-FEC13B78,USR-2FE3E350,Coca-Cola,2026-01-21,MACH-005,Saitama
SAL-D6E02AED,USR-7E9FC3E4,Coca-Cola,2026-02-28,MACH-046,Saitama
SAL-DA016F75,USR-92CA5FBB,Georgia Coffee,2026-01-26,MACH-001,Hyogo
SAL-A9D64234,USR-739900E1,Georgia Coffee,2025-09-18,MACH-021,Fukuoka
SAL-26E8CA25,USR-29112E45,Georgia Coffee,2025-11-06,MACH-040,Aichi
SAL-D02D8DB7,USR-37491252,Water,2026-01-30,MACH-020,Fukuoka
SAL-D6A0D60E,USR-739900E1,Coca-Cola,2026-01-07,MACH-026,Aichi
SAL-F24981F3,USR-0ABF0AD6,Coca-Cola,2026-01-06,MACH-041,Tokyo
SAL-E28F8500,USR-5860A001,Water,2025-10-22,MACH-049,Tokyo
SAL-A7B371AE,USR-B7C71473,Coca-Cola,2025-12-08,MACH-039,Hokkaido
SAL-1E361120,USR-50FAFF7B,Coca-Cola,2025-09-28,MACH-027,Saitama
SAL-00A9F6DE,USR-0CC34EE0,Coca-Cola,2025-09-27,MACH-010,Hokkaido
SAL-A0BAA268,USR-2D01E1CC,Coca-Cola,2025-09-14,MACH-032,Aichi
SAL-3901A20E,USR-24617DD7,Georgia Coffee,2025-11-04,MACH-015,Tokyo
SAL-C0F4DC3B,USR-E65E15CB,Georgia Coffee,2025-11-23,MACH-028,Kanagawa
SAL-EB2384B3,USR-E872C046,Coca-Cola,2026-02-25,MACH-033,Tokyo
SAL-E411AF66,USR-42AF9455,Fanta,2025-11-15,MACH-038,Hokkaido
SAL-F535FA0D,USR-11844527,Georgia Coffee,2026-02-05,MACH-029,Fukuoka
SAL-2BAB6FD8,USR-98380C97,Georgia Coffee,2025-11-08,MACH-011,Osaka
SAL-0B7B2409,USR-14E008F4,Georgia Coffee,2026-02-18,MACH-035,Osaka
SAL-F6979240,USR-BC61D898,Georgia Coffee,2026-01-18,MACH-011,Osaka
SAL-2E3193DD,USR-7FE66F80,Water,2025-09-16,MACH-011,Osaka
SAL-12E9CAA1,USR-70731286,Water,2025-09-09,MACH-041,Tokyo
SAL-8EA20FC3,USR-373ABD98,Fanta,2025-11-07,MACH-007,Fukuoka
SAL-A3DBEF25,USR-7B4DC62A,Georgia Coffee,2026-01-19,MACH-006,Fukuoka
SAL-40560B8B,USR-BB1F9A40,Coca-Cola,2026-02-28,MACH-049,Tokyo
SAL-33309286,USR-810068EE,Aquarius,2026-02-01,MACH-033,Tokyo
SAL-CD9CBAFE,USR-5C511437,Georgia Coffee,2026-01-29,MACH-029,Fukuoka
SAL-F281E96F,USR-BF0CDBD4,Coca-Cola,2025-09-30,MACH-006,Fukuoka
SAL-D4D0759E,USR-E144F880,Coca-Cola,2025-09-07,MACH-047,Tokyo
SAL-B070386D,USR-1FCAB73C,Georgia Coffee,2026-02-09,MACH-038,Hokkaido
SAL-5DD2AFEA,USR-D1B30237,Water,2026-02-18,MACH-033,Tokyo
SAL-0F360760,USR-38451C9C,Coca-Cola,2025-09-20,MACH-035,Osaka
SAL-FC26A42A,USR-5E99562D,Georgia Coffee,2025-11-07,MACH-020,Fukuoka
SAL-C563E437,USR-FFF83EBA,Fanta,2025-10-02,MACH-029,Fukuoka
SAL-43ECE13D,USR-351F873B,Coca-Cola,2025-12-02,MACH-034,Kanagawa
SAL-B384FE8C,USR-4C500264,Aquarius,2025-10-31,MACH-037,Kyoto
SAL-0D8E78DF,USR-54A1708E,Georgia Coffee,2025-12-06,MACH-029,Fukuoka
SAL-8890EAEF,USR-2AC752CE,Georgia Coffee,2025-10-16,MACH-004,Chiba
SAL-8AE766E2,USR-A116DF55,Georgia Coffee,2026-01-18,MACH-003,Kyoto
SAL-094DD1D8,USR-C255DABD,Water,2026-01-01,MACH-043,Chiba
SAL-85608F50,USR-E39B992E,Coca-Cola,2025-10-18,MACH-006,Fukuoka
SAL-F40B05D3,USR-37491252,Water,2025-09-25,MACH-049,Tokyo
SAL-1A6B3B01,USR-E1B112B9,Coca-Cola,2025-10-12,MACH-033,Tokyo
SAL-8647E7AF,USR-8C79D607,Georgia Coffee,2026-01-31,MACH-018,Chiba
SAL-446D17D6,USR-137C3A44,Fanta,2026-02-20,MACH-028,Kanagawa
SAL-68910F99,USR-626BEA3B,Coca-Cola,2025-10-10,MACH-030,Saitama
SAL-77CB2D3B,USR-6019061F,Coca-Cola,2026-02-20,MACH-031,Tokyo
SAL-00DB38DE,USR-EA095DC6,Georgia Coffee,2025-11-09,MACH-003,Kyoto
SAL-6812760C,USR-A0180BCD,Water,2025-10-02,MACH-017,Hokkaido
SAL-A4C42E94,USR-6A471CB9,Georgia Coffee,2026-01-28,MACH-028,Kanagawa
SAL-1C011C8A,USR-F8E3BA8A,Coca-Cola,2025-09-13,MACH-032,Aichi
SAL-38F549AD,USR-8D00C52C,Water,2025-11-04,MACH-049,Tokyo
SAL-8ACE68D6,USR-0ABF0AD6,Georgia Coffee,2026-01-21,MACH-036,Kyoto
SAL-E14B1745,USR-D7540919,Coca-Cola,2025-12-07,MACH-035,Osaka
SAL-92D96054,USR-CAE4EAE1,Georgia Coffee,2026-02-17,MACH-043,Chiba
SAL-6E6A16A0,USR-4B165E46,Water,2025-11-15,MACH-041,Tokyo
SAL-03C22CF8,USR-8E99A38C,Georgia Coffee,2025-12-18,MACH-045,Tokyo
SAL-6CFCD0F9,USR-9175B165,Georgia Coffee,2026-02-05,MACH-025,Saitama
SAL-CAD5885A,USR-3EC0898E,Georgia Coffee,2025-11-08,MACH-040,Aichi
SAL-E86B3F17,USR-CB985182,Georgia Coffee,2025-12-26,MACH-033,Tokyo
SAL-8EBA5B8E,USR-3404A170,Georgia Coffee,2025-12-24,MACH-001,Hyogo
SAL-857D7BC9,USR-B80F3E52,Georgia Coffee,2025-09-28,MACH-025,Saitama
SAL-1396540C,USR-1965E406,Georgia Coffee,2025-12-02,MACH-038,Hokkaido
SAL-F8AB7900,USR-1D42BE94,Georgia Coffee,2026-02-10,MACH-027,Saitama
SAL-319207A6,USR-045556D7,Aquarius,2025-10-04,MACH-001,Hyogo
SAL-DC91611C,USR-5E99562D,Georgia Coffee,2025-10-28,MACH-018,Chiba
SAL-E9A842AD,USR-A16B62A5,Coca-Cola,2026-02-27,MACH-033,Tokyo
SAL-90548BD6,USR-4D0AD1D6,Georgia Coffee,2025-12-22,MACH-009,Tokyo
SAL-C2E1A484,USR-D062DBF9,Coca-Cola,2026-01-14,MACH-029,Fukuoka
SAL-7C6C583E,USR-E4B0FBF1,Water,2025-12-19,MACH-002,Hyogo
SAL-BE96C9AA,USR-3E6188A3,Georgia Coffee,2025-09-24,MACH-020,Fukuoka
SAL-C0C5EC8B,USR-C4222950,Water,2025-09-30,MACH-038,Hokkaido
SAL-F3F6DDC9,USR-8E99A38C,Water,2025-11-04,MACH-044,Kyoto
SAL-F0932EAA,USR-405505F7,Georgia Coffee,2025-10-24,MACH-046,Saitama
SAL-808F14AF,USR-45C8BBEB,Georgia Coffee,2025-10-26,MACH-031,Tokyo
SAL-653A780B,USR-715D5BB3,Aquarius,2025-09-02,MACH-022,Hokkaido
SAL-5419374B,USR-FC35A1BC,Coca-Cola,2025-09-13,MACH-017,Hokkaido
SAL-776276CF,USR-0A72FAE9,Water,2025-09-26,MACH-026,Aichi
SAL-B7AEB1CF,USR-25AFF62D,Georgia Coffee,2026-02-28,MACH-002,Hyogo
SAL-B226875C,USR-63522889,Georgia Coffee,2025-11-12,MACH-049,Tokyo
SAL-688D1B6E,USR-87BCA48F,Georgia Coffee,2025-11-08,MACH-008,Osaka
SAL-6B4CC05E,USR-82264AE0,Water,2025-11-22,MACH-042,Tokyo
SAL-D1CFB6E1,USR-1D42BE94,Georgia Coffee,2026-02-27,MACH-019,Chiba
SAL-93FF6011,USR-7B1ECD3F,Water,2026-01-25,MACH-027,Saitama
SAL-E869454A,USR-337DA9CD,Georgia Coffee,2025-12-31,MACH-049,Tokyo
SAL-06629BF2,USR-4C9793D5,Coca-Cola,2025-09-18,MACH-020,Fukuoka
SAL-A73E87A4,USR-7E5321DC,Georgia Coffee,2026-01-19,MACH-041,Tokyo
SAL-355A7EE5,USR-FFC75C1E,Water,2025-09-02,MACH-026,Aichi
SAL-638C3C2C,USR-F609D268,Georgia Coffee,2025-10-09,MACH-007,Fukuoka
SAL-90A61E6C,USR-7A6E928C,Water,2025-11-10,MACH-027,Saitama
SAL-379A1AC1,USR-CAD781E9,Georgia Coffee,2025-09-28,MACH-015,Tokyo
SAL-9CB7943B,USR-3DE7126B,Georgia Coffee,2025-10-19,MACH-026,Aichi
SAL-39D14848,USR-E0EA0D7E,Coca-Cola,2025-11-08,MACH-035,Osaka
SAL-946DB515,USR-08AF2072,Fanta,2026-01-17,MACH-040,Aichi
SAL-A8C0166A,USR-4D0AD1D6,Coca-Cola,2026-02-27,MACH-038,Hokkaido
SAL-6C4AA209,USR-CB985182,Fanta,2026-01-20,MACH-029,Fukuoka
SAL-DEC662B7,USR-CB985182,Coca-Cola,2025-12-08,MACH-037,Kyoto
SAL-74441389,USR-73A3AAEA,Coca-Cola,2025-09-25,MACH-021,Fukuoka
SAL-D6EA2F84,USR-6C3A2676,Georgia Coffee,2025-11-21,MACH-043,Chiba
SAL-C8C06298,USR-12138CF9,Georgia Coffee,2026-02-06,MACH-009,Tokyo
SAL-5FC18FF9,USR-F1FAF409,Coca-Cola,2026-02-24,MACH-028,Kanagawa
SAL-0FE5CEC3,USR-9D919DA6,Georgia Coffee,2025-12-08,MACH-045,Tokyo
SAL-90393DDA,USR-E157A9AD,Coca-Cola,2025-09-20,MACH-031,Tokyo
SAL-BF0785C4,USR-A8EFB83C,Coca-Cola,2025-09-17,MACH-015,Tokyo
SAL-A02216CC,USR-119970F8,Georgia Coffee,2026-01-22,MACH-026,Aichi
SAL-D925AFFF,USR-BF0CDBD4,Coca-Cola,2025-11-04,MACH-027,Saitama
SAL-AEFC9060,USR-69280EE6,Coca-Cola,2025-10-04,MACH-007,Fukuoka
SAL-4993568D,USR-1AF67160,Georgia Coffee,2025-11-24,MACH-024,Tokyo
SAL-C5580E91,USR-6C3A2676,Georgia Coffee,2026-01-04,MACH-001,Hyogo
SAL-EAFA7ECA,USR-43F31FCF,Georgia Coffee,2026-02-16,MACH-042,Tokyo
SAL-3754EF85,USR-C4BA74A2,Aquarius,2025-10-06,MACH-020,Fukuoka
SAL-87BA122B,USR-35B9F36D,Coca-Cola,2025-11-05,MACH-029,Fukuoka
SAL-264F0AAF,USR-E0867546,Coca-Cola,2025-11-11,MACH-048,Osaka
SAL-714EBCE0,USR-996CC4D5,Georgia Coffee,2025-12-22,MACH-028,Kanagawa
SAL-953CF4A9,USR-EC8C373E,Georgia Coffee,2025-11-24,MACH-028,Kanagawa
SAL-0E0E31C2,USR-E0EA0D7E,Water,2025-11-20,MACH-021,Fukuoka
SAL-9A3F9D84,USR-78E6D5B9,Georgia Coffee,2026-01-05,MACH-049,Tokyo
SAL-4C2AF2AB,USR-66CDD224,Water,2025-09-09,MACH-037,Kyoto
SAL-31A00F56,USR-B56C60DA,Water,2025-11-19,MACH-018,Chiba
SAL-5EDB5C8C,USR-D682F73A,Georgia Coffee,2026-02-04,MACH-002,Hyogo
SAL-9A4E09C6,USR-60CBC8E5,Georgia Coffee,2025-12-05,MACH-017,Hokkaido
SAL-6E833932,USR-B856DC04,Coca-Cola,2025-12-08,MACH-009,Tokyo
SAL-A7F5B4DE,USR-64A351CA,Georgia Coffee,2025-11-27,MACH-045,Tokyo
SAL-953FBC85,USR-3C538E28,Coca-Cola,2025-12-12,MACH-041,Tokyo
SAL-AAFB438F,USR-97253F75,Georgia Coffee,2025-11-29,MACH-015,Tokyo
SAL-2AED8539,USR-D682F73A,Georgia Coffee,2026-02-26,MACH-044,Kyoto
SAL-F1AF8BDB,USR-9B4D256D,Georgia Coffee,2025-10-19,MACH-008,Osaka
SAL-7F0941C9,USR-B978D0A5,Georgia Coffee,2025-10-18,MACH-049,Tokyo
SAL-AA436840,USR-5024E725,Georgia Coffee,2026-01-02,MACH-045,Tokyo
SAL-1D86C2DB,USR-A2A97C1E,Georgia Coffee,2025-12-13,MACH-009,Tokyo
SAL-0849A85B,USR-E157A9AD,Georgia Coffee,2025-09-09,MACH-007,Fukuoka
SAL-ABC9EBB7,USR-9AA8FA14,Fanta,2025-09-27,MACH-006,Fukuoka
SAL-8D24CB5A,USR-5E99562D,Coca-Cola,2026-01-08,MACH-017,Hokkaido
SAL-7904EE65,USR-5D94DB19,Georgia Coffee,2026-02-12,MACH-025,Saitama
SAL-EBD83E4A,USR-2A01E6EF,Georgia Coffee,2026-01-17,MACH-001,Hyogo
SAL-7527693D,USR-7656881F,Coca-Cola,2026-01-12,MACH-026,Aichi
SAL-37EF1CF2,USR-2D526507,Coca-Cola,2026-01-23,MACH-006,Fukuoka
SAL-80269F7C,USR-4532CF9F,Coca-Cola,2025-12-02,MACH-029,Fukuoka
SAL-F7C415A5,USR-AAF95268,Georgia Coffee,2025-09-05,MACH-018,Chiba
SAL-E598FB07,USR-F4F68580,Georgia Coffee,2025-12-15,MACH-017,Hokkaido
SAL-1CFA57CC,USR-190968EF,Coca-Cola,2025-12-19,MACH-005,Saitama
SAL-AA408552,USR-A65FC6EE,Coca-Cola,2025-10-14,MACH-004,Chiba
SAL-09D59197,USR-7BA8402B,Fanta,2025-10-30,MACH-048,Osaka
SAL-7C122420,USR-719D3C88,Georgia Coffee,2025-11-28,MACH-015,Tokyo
SAL-F93D55BE,USR-FBDB81C0,Water,2026-01-30,MACH-047,Tokyo
SAL-81CBD3B8,USR-FFC75C1E,Georgia Coffee,2026-01-16,MACH-004,Chiba
SAL-4EDF03CF,USR-A05F75EC,Aquarius,2026-02-11,MACH-011,Osaka
SAL-3C8807EF,USR-1F9B0ABA,Georgia Coffee,2026-01-11,MACH-008,Osaka
SAL-9C3CF750,USR-A478E443,Fanta,2025-10-31,MACH-033,Tokyo
SAL-4D35226B,USR-D46CAA4A,Georgia Coffee,2025-12-03,MACH-049,Tokyo
SAL-E4AC42E3,USR-E8D0AF1F,Coca-Cola,2025-09-10,MACH-044,Kyoto
SAL-86FE2EBA,USR-A05F75EC,Georgia Coffee,2025-11-19,MACH-042,Tokyo
SAL-A59B1A6D,USR-22EF86F5,Georgia Coffee,2025-12-30,MACH-022,Hokkaido
SAL-3E67E987,USR-6A471CB9,Georgia Coffee,2025-10-22,MACH-005,Saitama
SAL-E552160D,USR-119F4985,Water,2025-10-21,MACH-010,Hokkaido
SAL-C36134EB,USR-13638586,Georgia Coffee,2025-12-25,MACH-019,Chiba
SAL-DE67ECA8,USR-E90EDE59,Coca-Cola,2026-01-05,MACH-044,Kyoto
SAL-31549840,USR-EA1B36C8,Fanta,2025-09-23,MACH-029,Fukuoka
SAL-0D6F22AF,USR-E9B3F4DD,Georgia Coffee,2025-12-12,MACH-049,Tokyo
SAL-597CE05D,USR-CAE4EAE1,Coca-Cola,2025-11-16,MACH-042,Tokyo
SAL-F4409924,USR-CB6ABB03,Georgia Coffee,2025-10-14,MACH-032,Aichi
SAL-A6F9EB7F,USR-333C6797,Coca-Cola,2026-01-22,MACH-035,Osaka
SAL-153A0DB6,USR-B48DA376,Water,2025-09-20,MACH-031,Tokyo
SAL-C8E47DAA,USR-BF46D543,Water,2026-02-16,MACH-035,Osaka
SAL-27A2F673,USR-739900E1,Coca-Cola,2025-09-19,MACH-039,Hokkaido
SAL-B06896A1,USR-5090593D,Georgia Coffee,2025-11-04,MACH-003,Kyoto
SAL-E163FB12,USR-8C79D607,Aquarius,2026-02-11,MACH-044,Kyoto
SAL-CFE37224,USR-6F0F2176,Georgia Coffee,2025-11-24,MACH-047,Tokyo
SAL-BA06B159,USR-E4B0FBF1,Fanta,2025-10-09,MACH-018,Chiba
SAL-43E609FF,USR-147E3806,Georgia Coffee,2025-11-25,MACH-015,Tokyo
SAL-AE867292,USR-158ADDF2,Water,2025-09-11,MACH-045,Tokyo
SAL-D376B9C4,USR-A7BF8F45,Water,2025-09-28,MACH-033,Tokyo
SAL-9BDE8F2D,USR-766D18A9,Georgia Coffee,2025-12-12,MACH-029,Fukuoka
SAL-A97981CD,USR-E8697D4C,Georgia Coffee,2026-01-11,MACH-005,Saitama
SAL-2C963588,USR-5090593D,Georgia Coffee,2025-10-16,MACH-018,Chiba
SAL-433B6A67,USR-210BE25B,Georgia Coffee,2026-02-20,MACH-024,Tokyo
SAL-38E29424,USR-A3B76148,Water,2025-09-15,MACH-035,Osaka
SAL-6AB4AB34,USR-9E0BB6BF,Georgia Coffee,2025-12-03,MACH-045,Tokyo
SAL-CA5D6E63,USR-66CDD224,Coca-Cola,2026-02-07,MACH-014,Aichi
SAL-7A4B8901,USR-D558FE90,Coca-Cola,2026-01-21,MACH-007,Fukuoka
SAL-D46F91B7,USR-76D1D3FE,Water,2026-02-15,MACH-049,Tokyo
SAL-BFC3DB47,USR-2E171F95,Coca-Cola,2026-02-20,MACH-021,Fukuoka
SAL-0332C1BE,USR-0B631903,Georgia Coffee,2025-10-03,MACH-010,Hokkaido
SAL-67E82F1B,USR-7FE66F80,Georgia Coffee,2026-01-08,MACH-033,Tokyo
SAL-5CB79CAB,USR-FBDB81C0,Water,2026-01-17,MACH-048,Osaka
SAL-7093C216,USR-D682F73A,Aquarius,2026-01-25,MACH-038,Hokkaido
SAL-2D32FDF7,USR-46095397,Georgia Coffee,2026-01-15,MACH-033,Tokyo
SAL-FA631114,USR-BF46D543,Georgia Coffee,2026-02-25,MACH-039,Hokkaido
SAL-48445528,USR-A1617CC6,Coca-Cola,2025-11-21,MACH-031,Tokyo
SAL-BF4D861B,USR-1D42BE94,Water,2026-01-02,MACH-007,Fukuoka
SAL-3A96C4E9,USR-725BB1B2,Water,2026-02-23,MACH-018,Chiba
SAL-23AC7B82,USR-ABE55C10,Fanta,2026-02-02,MACH-035,Osaka
SAL-F0FDF18E,USR-24617DD7,Coca-Cola,2025-11-05,MACH-017,Hokkaido
SAL-6F2B4C09,USR-66CDD224,Georgia Coffee,2025-10-29,MACH-038,Hokkaido
SAL-D0107CDA,USR-2480924D,Water,2025-11-01,MACH-016,Aichi
SAL-0D35CBD7,USR-26D7D111,Coca-Cola,2025-10-10,MACH-008,Osaka
SAL-4163BABC,USR-626BEA3B,Fanta,2026-01-07,MACH-002,Hyogo
SAL-A5CBEBC1,USR-A3B76148,Aquarius,2025-10-12,MACH-037,Kyoto
SAL-C755214A,USR-97253F75,Georgia Coffee,2026-01-12,MACH-033,Tokyo
SAL-EEF68C12,USR-97253F75,Georgia Coffee,2026-01-27,MACH-036,Kyoto
SAL-92A9860B,USR-9D919DA6,Water,2025-10-09,MACH-008,Osaka
SAL-7DE9A35F,USR-6875C74B,Georgia Coffee,2025-09-05,MACH-001,Hyogo
SAL-88F47A00,USR-FFC75C1E,Georgia Coffee,2026-01-13,MACH-025,Saitama
SAL-1EF9347B,USR-25AFF62D,Georgia Coffee,2025-10-01,MACH-003,Kyoto
SAL-E15E797F,USR-1F9B0ABA,Water,2026-02-10,MACH-039,Hokkaido
SAL-5FA9CB13,USR-198BDD3B,Georgia Coffee,2026-02-22,MACH-031,Tokyo
SAL-D83122AF,USR-93E4096A,Water,2025-09-04,MACH-036,Kyoto
SAL-6C584A8B,USR-9175B165,Water,2025-10-20,MACH-024,Tokyo
SAL-CE3D2AFC,USR-BB134570,Coca-Cola,2025-11-14,MACH-004,Chiba
SAL-E83684EC,USR-38451C9C,Georgia Coffee,2026-01-21,MACH-019,Chiba
SAL-B36094A3,USR-E8D0AF1F,Georgia Coffee,2025-11-03,MACH-042,Tokyo
SAL-B2A98ABF,USR-5C2FBAA2,Coca-Cola,2026-01-10,MACH-049,Tokyo
SAL-E7F936FB,USR-C012A5E4,Coca-Cola,2025-11-11,MACH-027,Saitama
SAL-5FDBDC2A,USR-D6139D03,Georgia Coffee,2026-01-20,MACH-042,Tokyo
SAL-334BDFD7,USR-8C6D82E4,Aquarius,2025-11-20,MACH-027,Saitama
SAL-70C48F0A,USR-C31D2317,Georgia Coffee,2025-11-21,MACH-044,Kyoto
SAL-B3B4BF31,USR-6875C74B,Coca-Cola,2025-09-02,MACH-013,Fukuoka
SAL-CB9C50E5,USR-E8D0AF1F,Georgia Coffee,2025-12-14,MACH-021,Fukuoka
SAL-AE5DAC45,USR-EA1B36C8,Water,2026-01-30,MACH-025,Saitama
SAL-94FC8B03,USR-CFFD9ADB,Coca-Cola,2025-11-25,MACH-002,Hyogo
SAL-9931624E,USR-0232338A,Water,2025-12-22,MACH-028,Kanagawa
SAL-141B76BA,USR-9812736F,Georgia Coffee,2025-12-10,MACH-028,Kanagawa
SAL-7491A5B8,USR-26B53790,Fanta,2025-09-05,MACH-042,Tokyo
SAL-52277AA3,USR-B12109BF,Georgia Coffee,2025-11-17,MACH-006,Fukuoka
SAL-F44777E8,USR-80DF6F51,Water,2025-10-29,MACH-019,Chiba
SAL-F32FF82B,USR-1BF97DEB,Georgia Coffee,2026-01-18,MACH-021,Fukuoka
SAL-DD669BD3,USR-9A72C9F3,Coca-Cola,2026-01-31,MACH-018,Chiba
SAL-1428A563,USR-BB1F9A40,Georgia Coffee,2025-09-12,MACH-034,Kanagawa
SAL-74138F20,USR-8ED23E53,Georgia Coffee,2026-01-23,MACH-049,Tokyo
SAL-E1A9D5CB,USR-2462A127,Georgia Coffee,2026-01-20,MACH-011,Osaka
SAL-29B30F92,USR-328FC568,Georgia Coffee,2026-01-25,MACH-037,Kyoto
SAL-A0CBFFF1,USR-0E004C2A,Coca-Cola,2025-12-10,MACH-039,Hokkaido
SAL-48D186E6,USR-645D6CF6,Georgia Coffee,2026-01-15,MACH-015,Tokyo
SAL-EE7BF742,USR-5206F7E9,Coca-Cola,2026-01-22,MACH-034,Kanagawa
SAL-63E515C1,USR-B710EEFF,Aquarius,2025-10-02,MACH-031,Tokyo
SAL-E1F26251,USR-840713B2,Coca-Cola,2026-02-18,MACH-042,Tokyo
SAL-75D8292F,USR-D1B30237,Coca-Cola,2025-09-20,MACH-024,Tokyo
SAL-A764F2DB,USR-73231438,Georgia Coffee,2026-01-31,MACH-028,Kanagawa
SAL-EAA86549,USR-664A3267,Fanta,2025-09-21,MACH-037,Kyoto
SAL-329507CC,USR-4C9793D5,Georgia Coffee,2025-09-07,MACH-045,Tokyo
SAL-153CCBAF,USR-77BEF251,Coca-Cola,2025-09-07,MACH-006,Fukuoka
SAL-60D786D7,USR-30CBAA79,Georgia Coffee,2026-02-28,MACH-049,Tokyo
SAL-07FE4397,USR-F22D56C7,Georgia Coffee,2026-02-10,MACH-034,Kanagawa
SAL-EF585742,USR-D558FE90,Georgia Coffee,2025-10-19,MACH-025,Saitama
SAL-9D787794,USR-D9F7D199,Georgia Coffee,2025-09-22,MACH-036,Kyoto
SAL-6BDA32F7,USR-119F4985,Georgia Coffee,2026-01-26,MACH-024,Tokyo
SAL-1E4F5255,USR-1EF21D82,Aquarius,2025-09-20,MACH-038,Hokkaido
SAL-9DC8A673,USR-4ED84E1A,Georgia Coffee,2025-10-02,MACH-022,Hokkaido
SAL-45A4DC19,USR-A96ED735,Georgia Coffee,2025-10-07,MACH-032,Aichi
SAL-460966CA,USR-98AC69D2,Coca-Cola,2025-10-19,MACH-005,Saitama
SAL-421E8B6B,USR-989C14B1,Georgia Coffee,2026-02-14,MACH-036,Kyoto
SAL-F2B299FE,USR-C931D377,Georgia Coffee,2026-02-04,MACH-046,Saitama
SAL-8A3CF8CC,USR-6549D451,Georgia Coffee,2025-10-07,MACH-028,Kanagawa
SAL-41FF44CD,USR-D368E499,Coca-Cola,2025-10-08,MACH-039,Hokkaido
SAL-AF36ADC3,USR-ACDF3881,Georgia Coffee,2026-01-11,MACH-038,Hokkaido
SAL-D8960F64,USR-77184FE9,Georgia Coffee,2025-11-08,MACH-047,Tokyo
SAL-69478CE2,USR-8D0CFA06,Coca-Cola,2025-10-05,MACH-007,Fukuoka
SAL-311E63BF,USR-9AA8FA14,Georgia Coffee,2026-02-23,MACH-019,Chiba
SAL-E02208D2,USR-4CDB33EE,Water,2025-09-13,MACH-021,Fukuoka
SAL-4DEE0197,USR-8CBB2FBC,Coca-Cola,2025-10-04,MACH-001,Hyogo
SAL-BDD6CF4C,USR-996CC4D5,Water,2025-10-04,MACH-024,Tokyo
SAL-004F7BF5,USR-6A81FA93,Coca-Cola,2026-01-27,MACH-002,Hyogo
SAL-B9141FFF,USR-D44687D1,Georgia Coffee,2025-09-18,MACH-041,Tokyo
SAL-AF57B89E,USR-8A2DBE48,Georgia Coffee,2026-03-01,MACH-022,Hokkaido
SAL-1C0F8B63,USR-FBF0FE44,Fanta,2025-09-15,MACH-010,Hokkaido
SAL-DF9A6265,USR-A66BD9CF,Georgia Coffee,2025-12-31,MACH-041,Tokyo
SAL-88F203B4,USR-9802FB80,Georgia Coffee,2025-11-12,MACH-001,Hyogo
SAL-884C8E15,USR-FFF83EBA,Fanta,2026-01-13,MACH-042,Tokyo
SAL-47863EA1,USR-2AD1EFA6,Georgia Coffee,2026-01-12,MACH-020,Fukuoka
SAL-A7A350C5,USR-3E6188A3,Coca-Cola,2025-09-25,MACH-009,Tokyo
SAL-22030824,USR-9E0BB6BF,Georgia Coffee,2026-01-18,MACH-036,Kyoto
SAL-BB89C20F,USR-CAE4EAE1,Coca-Cola,2025-11-30,MACH-036,Kyoto
SAL-F3415F80,USR-C372653A,Coca-Cola,2025-09-17,MACH-006,Fukuoka
SAL-CAE9AF66,USR-A2AFE01A,Fanta,2025-09-02,MACH-040,Aichi
SAL-80AC8262,USR-0AE853FE,Georgia Coffee,2025-09-29,MACH-043,Chiba
SAL-991BD86F,USR-ABE55C10,Water,2025-12-20,MACH-006,Fukuoka
SAL-5D18102F,USR-FFF83EBA,Water,2025-12-03,MACH-015,Tokyo
SAL-2DA7A2D0,USR-2FE3E350,Coca-Cola,2025-12-23,MACH-004,Chiba
SAL-FD7B04F4,USR-82264AE0,Georgia Coffee,2025-10-23,MACH-003,Kyoto
SAL-B920DE7A,USR-1EF21D82,Coca-Cola,2025-12-21,MACH-038,Hokkaido
SAL-B5DEAD98,USR-10298F26,Fanta,2025-09-03,MACH-031,Tokyo
SAL-B1CB5093,USR-9575A62F,Georgia Coffee,2026-02-16,MACH-006,Fukuoka
SAL-C8DE3B8D,USR-DB72342F,Georgia Coffee,2025-11-20,MACH-036,Kyoto
SAL-13107212,USR-2AC752CE,Coca-Cola,2025-11-16,MACH-015,Tokyo
SAL-D137D9A4,USR-4CCAD281,Georgia Coffee,2026-01-25,MACH-034,Kanagawa
SAL-F584A7BE,USR-E0EBCAA9,Water,2026-01-22,MACH-037,Kyoto
SAL-25195377,USR-FBF0FE44,Fanta,2025-12-16,MACH-020,Fukuoka
SAL-E17C65AD,USR-E144F880,Water,2025-10-01,MACH-027,Saitama
SAL-6610DD83,USR-69280EE6,Fanta,2026-02-08,MACH-047,Tokyo
SAL-32FA6892,USR-2AC752CE,Georgia Coffee,2026-01-01,MACH-013,Fukuoka
SAL-6B0068A1,USR-48D6572D,Georgia Coffee,2025-10-26,MACH-050,Tokyo
SAL-D74DA7CF,USR-3404A170,Georgia Coffee,2025-11-26,MACH-003,Kyoto
SAL-8980F3AC,USR-A66BD9CF,Georgia Coffee,2026-01-23,MACH-043,Chiba
SAL-B48FC89F,USR-E0EBCAA9,Fanta,2026-02-24,MACH-022,Hokkaido
SAL-E1640CBE,USR-10298F26,Georgia Coffee,2025-12-03,MACH-029,Fukuoka
SAL-3D9AF28B,USR-8133C1BD,Fanta,2025-11-02,MACH-022,Hokkaido
SAL-AD68443F,USR-5D94DB19,Georgia Coffee,2025-12-18,MACH-034,Kanagawa
SAL-CBAF733A,USR-4CDB33EE,Georgia Coffee,2025-11-10,MACH-035,Osaka
SAL-D6C339F7,USR-8ED23E53,Coca-Cola,2025-12-20,MACH-029,Fukuoka
SAL-836ABA85,USR-1CF16CBD,Fanta,2025-10-28,MACH-046,Saitama
SAL-1E6907EC,USR-8ED23E53,Georgia Coffee,2026-01-18,MACH-033,Tokyo
SAL-3DA16767,USR-60CBC8E5,Georgia Coffee,2025-10-17,MACH-021,Fukuoka
SAL-B4EAEB4E,USR-E3F24656,Fanta,2026-02-10,MACH-020,Fukuoka
SAL-0D4E72BE,USR-26773EB7,Georgia Coffee,2026-01-18,MACH-004,Chiba
SAL-D5F710BA,USR-7B3A0005,Georgia Coffee,2025-12-25,MACH-029,Fukuoka
SAL-710833C8,USR-3BDB8A12,Coca-Cola,2025-09-14,MACH-026,Aichi
SAL-703B8BE3,USR-41119228,Georgia Coffee,2025-11-26,MACH-031,Tokyo
SAL-466DC3BF,USR-D47055A5,Georgia Coffee,2025-10-18,MACH-047,Tokyo
SAL-FB028D20,USR-5B58CB95,Georgia Coffee,2025-09-10,MACH-035,Osaka
SAL-4600DBC0,USR-7E5321DC,Georgia Coffee,2025-11-24,MACH-007,Fukuoka
SAL-164D34AF,USR-77184FE9,Georgia Coffee,2026-02-28,MACH-020,Fukuoka
SAL-C0A29B0C,USR-A6473A39,Georgia Coffee,2026-02-02,MACH-007,Fukuoka
SAL-907A7473,USR-FFC75C1E,Water,2025-09-23,MACH-007,Fukuoka
SAL-1F373BD1,USR-B204FD30,Aquarius,2025-12-10,MACH-007,Fukuoka
SAL-3FDA7C6E,USR-507974CF,Water,2025-09-06,MACH-010,Hokkaido
SAL-9D6356B6,USR-587D4071,Georgia Coffee,2026-03-01,MACH-029,Fukuoka
SAL-0F8831E2,USR-773E79C5,Georgia Coffee,2026-02-24,MACH-045,Tokyo
SAL-163EA518,USR-2AD1EFA6,Water,2025-09-08,MACH-026,Aichi
SAL-57BBEBBD,USR-B587B453,Fanta,2025-10-31,MACH-021,Fukuoka
SAL-C2DE9FD2,USR-E90EDE59,Georgia Coffee,2025-11-09,MACH-045,Tokyo
SAL-252FC91F,USR-8D00C52C,Georgia Coffee,2025-10-17,MACH-001,Hyogo
SAL-012106DE,USR-739900E1,Water,2025-10-06,MACH-025,Saitama
SAL-69B7F811,USR-5D94DB19,Georgia Coffee,2026-01-24,MACH-023,Saitama
SAL-22A8F90B,USR-2AC752CE,Coca-Cola,2025-12-17,MACH-049,Tokyo
SAL-A5124648,USR-14FC24AA,Georgia Coffee,2025-09-14,MACH-006,Fukuoka
SAL-4385E859,USR-4532CF9F,Georgia Coffee,2025-10-26,MACH-047,Tokyo
SAL-AE8804CA,USR-E9574BD3,Coca-Cola,2025-11-29,MACH-042,Tokyo
SAL-B6A7EEF7,USR-002BFF17,Fanta,2025-11-07,MACH-029,Fukuoka
SAL-DCFD85FA,USR-EA1B36C8,Georgia Coffee,2025-11-27,MACH-003,Kyoto
SAL-5F39BDDB,USR-02361EDF,Georgia Coffee,2026-01-06,MACH-007,Fukuoka
SAL-49632CBD,USR-6C3A2676,Fanta,2025-10-20,MACH-041,Tokyo
SAL-6139C15C,USR-73C0A881,Coca-Cola,2026-01-31,MACH-044,Kyoto
SAL-B00B39A9,USR-42A1B969,Water,2025-10-31,MACH-043,Chiba
SAL-0AB06D0B,USR-26B53790,Georgia Coffee,2025-09-14,MACH-001,Hyogo
SAL-F55AC562,USR-0CC34EE0,Fanta,2026-02-22,MACH-040,Aichi
SAL-47D4AAD2,USR-51F0CDE8,Fanta,2025-09-05,MACH-014,Aichi
SAL-F37423E9,USR-FBF0FE44,Georgia Coffee,2025-10-02,MACH-001,Hyogo
SAL-53486DAE,USR-3EC0898E,Georgia Coffee,2025-09-10,MACH-014,Aichi
SAL-0730FA49,USR-0232338A,Coca-Cola,2026-02-05,MACH-045,Tokyo
SAL-6BB42F9C,USR-0E1E0EAE,Georgia Coffee,2025-09-18,MACH-005,Saitama
SAL-D2DFCF50,USR-02007186,Georgia Coffee,2026-02-06,MACH-007,Fukuoka
SAL-CF97DEDC,USR-2FDA5E0C,Coca-Cola,2026-02-16,MACH-022,Hokkaido
SAL-D2C44B5F,USR-30CBAA79,Georgia Coffee,2025-10-16,MACH-035,Osaka
SAL-702DE372,USR-E9574BD3,Coca-Cola,2025-11-03,MACH-024,Tokyo
SAL-BA4500EE,USR-19498748,Georgia Coffee,2025-10-09,MACH-003,Kyoto
SAL-C221B3AC,USR-405505F7,Aquarius,2025-09-10,MACH-004,Chiba
SAL-50C442D9,USR-E59188C4,Coca-Cola,2026-01-25,MACH-037,Kyoto
SAL-FDFC0112,USR-3EC0898E,Fanta,2025-12-12,MACH-037,Kyoto
SAL-6A09D49F,USR-3E6188A3,Georgia Coffee,2026-01-20,MACH-004,Chiba
SAL-28666E62,USR-EC8C373E,Georgia Coffee,2025-12-23,MACH-031,Tokyo
SAL-C20C0005,USR-2D01E1CC,Georgia Coffee,2026-02-27,MACH-016,Aichi
SAL-6738E285,USR-0B9ABA08,Coca-Cola,2026-02-26,MACH-044,Kyoto
SAL-B99EDC12,USR-8ED23E53,Coca-Cola,2025-10-27,MACH-043,Chiba
SAL-BB6DA5FA,USR-D7540919,Coca-Cola,2025-11-14,MACH-020,Fukuoka
SAL-1263DA0E,USR-160C84CD,Georgia Coffee,2025-12-06,MACH-015,Tokyo
SAL-0ED9BEA0,USR-3C538E28,Georgia Coffee,2026-01-05,MACH-014,Aichi
SAL-C2A37D4B,USR-002BFF17,Georgia Coffee,2025-10-27,MACH-011,Osaka
SAL-CFA88F38,USR-8CD2F075,Georgia Coffee,2025-09-04,MACH-005,Saitama
SAL-50DA426D,USR-5090593D,Georgia Coffee,2025-12-08,MACH-021,Fukuoka
SAL-F82663C9,USR-6EEFB044,Georgia Coffee,2025-12-11,MACH-035,Osaka
SAL-B9B86E74,USR-94E49CA8,Georgia Coffee,2026-01-29,MACH-004,Chiba
SAL-595F94E9,USR-C9DC4C03,Georgia Coffee,2026-01-26,MACH-045,Tokyo
SAL-B4E3F42F,USR-26773EB7,Water,2025-10-28,MACH-020,Fukuoka
SAL-5FFCC45D,USR-BD0F3DC4,Water,2025-09-19,MACH-001,Hyogo
SAL-D70D8FC9,USR-92263BBF,Water,2026-01-26,MACH-003,Kyoto
SAL-DED1AC5B,USR-4B165E46,Georgia Coffee,2025-12-18,MACH-044,Kyoto
SAL-D356E687,USR-02361EDF,Aquarius,2025-09-03,MACH-041,Tokyo
SAL-9F25B097,USR-3665D7CE,Georgia Coffee,2026-01-22,MACH-027,Saitama
SAL-DC054830,USR-810068EE,Fanta,2025-09-05,MACH-010,Hokkaido
SAL-CE0EBB8A,USR-26B53790,Coca-Cola,2025-09-24,MACH-025,Saitama
SAL-AD8C2225,USR-7B3A0005,Georgia Coffee,2025-10-06,MACH-040,Aichi
SAL-4928E1EF,USR-BFA1DFA4,Aquarius,2026-02-22,MACH-022,Hokkaido
SAL-606D7988,USR-0D026F77,Water,2025-12-27,MACH-022,Hokkaido
SAL-AEFD02C6,USR-C31D2317,Aquarius,2026-01-24,MACH-036,Kyoto
SAL-A7C61D53,USR-460F5C8D,Coca-Cola,2025-12-26,MACH-021,Fukuoka
SAL-60038F20,USR-5024AB28,Coca-Cola,2025-10-19,MACH-006,Fukuoka
SAL-1D462CDC,USR-4D0AD1D6,Georgia Coffee,2026-01-31,MACH-014,Aichi
SAL-60250550,USR-1F9B0ABA,Water,2025-11-02,MACH-027,Saitama
SAL-CBF02091,USR-98380C97,Coca-Cola,2025-10-17,MACH-001,Hyogo
SAL-B153D22D,USR-B48DA376,Georgia Coffee,2025-12-28,MACH-024,Tokyo
SAL-E7025C20,USR-FFC75C1E,Aquarius,2025-09-21,MACH-017,Hokkaido
SAL-13865DCA,USR-E3EBF495,Georgia Coffee,2025-09-08,MACH-045,Tokyo
SAL-D8B441DF,USR-F28D3253,Water,2025-12-24,MACH-008,Osaka
SAL-03F1B4AE,USR-7AB6C2DF,Water,2025-10-13,MACH-015,Tokyo
SAL-98E96708,USR-24055F24,Water,2025-09-03,MACH-014,Aichi
SAL-E77D70B4,USR-7FE66F80,Georgia Coffee,2026-02-04,MACH-047,Tokyo
SAL-06C311D7,USR-D6C2FAB3,Georgia Coffee,2025-12-01,MACH-034,Kanagawa
SAL-FB81E755,USR-74DAD1CF,Georgia Coffee,2026-01-26,MACH-032,Aichi
SAL-781622D0,USR-5C619686,Georgia Coffee,2025-12-04,MACH-037,Kyoto
SAL-6B425B72,USR-27DCB28D,Georgia Coffee,2025-09-30,MACH-033,Tokyo
SAL-37E52545,USR-FBCF129D,Georgia Coffee,2025-12-06,MACH-022,Hokkaido
SAL-0DB0568D,USR-42AF9455,Coca-Cola,2026-01-30,MACH-021,Fukuoka
SAL-08FD2F87,USR-99E1CD38,Coca-Cola,2026-02-25,MACH-031,Tokyo
SAL-D86A3CD7,USR-B7C71473,Coca-Cola,2025-09-26,MACH-025,Saitama
SAL-2D7654B3,USR-9A72C9F3,Coca-Cola,2025-09-14,MACH-049,Tokyo
SAL-5E0123EB,USR-5E99562D,Water,2025-11-01,MACH-031,Tokyo
SAL-A768AD1D,USR-EE8BC195,Georgia Coffee,2026-02-28,MACH-039,Hokkaido
SAL-3A0E80F0,USR-29112E45,Fanta,2026-01-20,MACH-025,Saitama
SAL-213262D7,USR-2D01E1CC,Water,2026-01-10,MACH-038,Hokkaido
SAL-8F8CE268,USR-26773EB7,Fanta,2026-01-10,MACH-018,Chiba
SAL-06A6420A,USR-5024E725,Georgia Coffee,2025-11-20,MACH-004,Chiba
SAL-A8D48A97,USR-C39FA022,Georgia Coffee,2026-01-11,MACH-036,Kyoto
SAL-E6116045,USR-E0EBCAA9,Coca-Cola,2025-10-17,MACH-036,Kyoto
SAL-A0202E19,USR-F68717F7,Coca-Cola,2026-01-17,MACH-018,Chiba
SAL-D1C65486,USR-9B96BE1B,Georgia Coffee,2025-10-11,MACH-004,Chiba
SAL-D61E7122,USR-FBF0FE44,Coca-Cola,2025-11-12,MACH-032,Aichi
SAL-AA3348F6,USR-422D1A35,Coca-Cola,2025-10-05,MACH-048,Osaka
SAL-5539129C,USR-003C88E0,Aquarius,2025-09-30,MACH-005,Saitama
SAL-9BF611B6,USR-D062DBF9,Coca-Cola,2025-12-03,MACH-037,Kyoto
SAL-CA71BBF2,USR-F1DC1730,Georgia Coffee,2026-02-28,MACH-001,Hyogo
SAL-CA3B36CD,USR-E59188C4,Georgia Coffee,2026-02-09,MACH-048,Osaka
SAL-292F6B5B,USR-6C3A2676,Georgia Coffee,2026-02-11,MACH-014,Aichi
SAL-B456D115,USR-A69085FD,Water,2026-02-27,MACH-010,Hokkaido
SAL-EB0F35E2,USR-EA1B36C8,Coca-Cola,2025-10-05,MACH-046,Saitama
SAL-30AB5B29,USR-7FD9C590,Georgia Coffee,2025-10-04,MACH-045,Tokyo
SAL-D2DC373D,USR-8ED23E53,Georgia Coffee,2025-12-06,MACH-046,Saitama
SAL-48103C75,USR-C255DABD,Georgia Coffee,2025-10-05,MACH-033,Tokyo
SAL-A83C2A74,USR-9B96BE1B,Coca-Cola,2025-09-14,MACH-027,Saitama
SAL-48646570,USR-D47055A5,Georgia Coffee,2025-09-02,MACH-044,Kyoto
SAL-55194B19,USR-119F4985,Water,2026-02-01,MACH-015,Tokyo
SAL-44C6FA9D,USR-98AC69D2,Coca-Cola,2025-12-27,MACH-043,Chiba
SAL-6921D3F2,USR-73D06C61,Georgia Coffee,2025-10-29,MACH-009,Tokyo
SAL-A13FDBED,USR-4D2AAA22,Georgia Coffee,2025-10-13,MACH-039,Hokkaido
SAL-2A0BEA78,USR-3E6188A3,Georgia Coffee,2026-02-24,MACH-048,Osaka
SAL-B3A45F1C,USR-3D3CB991,Water,2025-12-07,MACH-039,Hokkaido
SAL-63DDD383,USR-11A1B6FD,Fanta,2025-10-12,MACH-038,Hokkaido
SAL-55F7DF9F,USR-E8D0AF1F,Water,2025-10-27,MACH-008,Osaka
SAL-F1EAE1F4,USR-E8697D4C,Fanta,2025-11-08,MACH-016,Aichi
SAL-96A03FA0,USR-9F0F60CA,Coca-Cola,2026-01-18,MACH-018,Chiba
SAL-00BD8552,USR-98B9D98B,Coca-Cola,2025-12-11,MACH-011,Osaka
SAL-3235A6C6,USR-A116DF55,Coca-Cola,2025-10-23,MACH-008,Osaka
SAL-F0D103C6,USR-73C0A881,Georgia Coffee,2026-01-08,MACH-004,Chiba
SAL-A69DCEE8,USR-296C1D26,Fanta,2025-12-05,MACH-027,Saitama
SAL-BD802833,USR-9575A62F,Water,2025-12-11,MACH-030,Saitama
SAL-B4635E23,USR-1AAF82F9,Georgia Coffee,2025-12-09,MACH-015,Tokyo
SAL-129608F1,USR-6A285C22,Coca-Cola,2025-10-11,MACH-006,Fukuoka
SAL-513ED8FA,USR-19498748,Georgia Coffee,2025-12-11,MACH-024,Tokyo
SAL-6C7A363B,USR-C9DC4C03,Coca-Cola,2026-01-28,MACH-019,Chiba
SAL-8191FDEF,USR-DCFCDF5F,Georgia Coffee,2025-11-06,MACH-020,Fukuoka
SAL-C61AA851,USR-43851412,Coca-Cola,2025-12-21,MACH-026,Aichi
SAL-678DFA97,USR-2480924D,Georgia Coffee,2026-02-03,MACH-018,Chiba
SAL-C2D2A2B7,USR-37491252,Water,2025-09-04,MACH-020,Fukuoka
SAL-CDE364E6,USR-FBDB81C0,Georgia Coffee,2025-10-14,MACH-014,Aichi
SAL-1FAC01DA,USR-A96ED735,Aquarius,2025-10-02,MACH-006,Fukuoka
SAL-F909D1E0,USR-D6C2FAB3,Georgia Coffee,2025-11-06,MACH-014,Aichi
SAL-BE12D8B2,USR-5AD403AF,Fanta,2025-10-07,MACH-048,Osaka
SAL-2C741B1A,USR-FC35A1BC,Georgia Coffee,2026-01-22,MACH-045,Tokyo
SAL-9D45F48C,USR-12138CF9,Coca-Cola,2025-10-10,MACH-007,Fukuoka
SAL-49F14BAE,USR-810068EE,Fanta,2026-01-11,MACH-041,Tokyo
SAL-986E8C2A,USR-8CD2F075,Fanta,2026-01-16,MACH-048,Osaka
SAL-D8D2BAF3,USR-4A7D1F6A,Georgia Coffee,2026-02-01,MACH-044,Kyoto
SAL-02EED15D,USR-190968EF,Coca-Cola,2026-02-08,MACH-027,Saitama
SAL-0C5A326B,USR-44978EC5,Coca-Cola,2025-11-20,MACH-046,Saitama
SAL-61A571A4,USR-333C6797,Georgia Coffee,2026-01-26,MACH-044,Kyoto
SAL-58715B26,USR-2151C1FB,Water,2025-10-23,MACH-036,Kyoto
SAL-DD5C8E2A,USR-23E9C01D,Aquarius,2025-10-06,MACH-047,Tokyo
